record_id,employee_id,date,shift_id,kind,worked_minutes,paid_leave_minutes,unpaid_leave_minutes,entered_by,confirmed_by,source_id,status
AT-E001-2026-09-01,E001,2026-09-01,DAY,worked,480,0,0,E047,E047,ATT-SEP-V1,confirmed
AT-E001-2026-09-02,E001,2026-09-02,DAY,worked,480,0,0,E047,E047,ATT-SEP-V1,confirmed
AT-E001-2026-09-03,E001,2026-09-03,DAY,worked,480,0,0,E047,E047,ATT-SEP-V1,confirmed
AT-E001-2026-09-04,E001,2026-09-04,DAY,worked,480,0,0,E047,E047,ATT-SEP-V1,confirmed
AT-E001-2026-09-05,E001,2026-09-05,DAY,worked,480,0,0,E047,E047,ATT-SEP-V1,confirmed
AT-E001-2026-09-07,E001,2026-09-07,DAY,worked,480,0,0,E047,E047,ATT-SEP-V1,confirmed
AT-E001-2026-09-08,E001,2026-09-08,DAY,worked,480,0,0,E047,E047,ATT-SEP-V1,confirmed
AT-E001-2026-09-09,E001,2026-09-09,DAY,worked,480,0,0,E047,E047,ATT-SEP-V1,confirmed
AT-E001-2026-09-10,E001,2026-09-10,DAY,worked,480,0,0,E047,E047,ATT-SEP-V1,confirmed
AT-E001-2026-09-11,E001,2026-09-11,DAY,worked,480,0,0,E047,E047,ATT-SEP-V1,confirmed
AT-E001-2026-09-12,E001,2026-09-12,DAY,worked,480,0,0,E047,E047,ATT-SEP-V1,confirmed
AT-E001-2026-09-14,E001,2026-09-14,DAY,worked,480,0,0,E047,E047,ATT-SEP-V1,confirmed
AT-E001-2026-09-15,E001,2026-09-15,DAY,worked,480,0,0,E047,E047,ATT-SEP-V1,confirmed
AT-E001-2026-09-16,E001,2026-09-16,DAY,worked,480,0,0,E047,E047,ATT-SEP-V1,confirmed
AT-E001-2026-09-17,E001,2026-09-17,DAY,worked,480,0,0,E047,E047,ATT-SEP-V1,confirmed
AT-E001-2026-09-18,E001,2026-09-18,DAY,worked,480,0,0,E047,E047,ATT-SEP-V1,confirmed
AT-E001-2026-09-19,E001,2026-09-19,DAY,worked,480,0,0,E047,E047,ATT-SEP-V1,confirmed
AT-E001-2026-09-21,E001,2026-09-21,DAY,worked,480,0,0,E047,E047,ATT-SEP-V1,confirmed
AT-E001-2026-09-22,E001,2026-09-22,DAY,worked,480,0,0,E047,E047,ATT-SEP-V1,confirmed
AT-E001-2026-09-23,E001,2026-09-23,DAY,worked,480,0,0,E047,E047,ATT-SEP-V1,confirmed
AT-E001-2026-09-24,E001,2026-09-24,DAY,worked,480,0,0,E047,E047,ATT-SEP-V1,confirmed
AT-E001-2026-09-25,E001,2026-09-25,DAY,worked,480,0,0,E047,E047,ATT-SEP-V1,confirmed
AT-E001-2026-09-26,E001,2026-09-26,DAY,worked,480,0,0,E047,E047,ATT-SEP-V1,confirmed
AT-E001-2026-09-28,E001,2026-09-28,DAY,worked,480,0,0,E047,E047,ATT-SEP-V1,confirmed
AT-E001-2026-09-29,E001,2026-09-29,DAY,worked,480,0,0,E047,E047,ATT-SEP-V1,confirmed
AT-E001-2026-09-30,E001,2026-09-30,DAY,worked,480,0,0,E047,E047,ATT-SEP-V1,confirmed
AT-E002-2026-09-01,E002,2026-09-01,DAY,worked,480,0,0,E047,E001,ATT-SEP-V1,confirmed
AT-E002-2026-09-02,E002,2026-09-02,DAY,worked,480,0,0,E047,E001,ATT-SEP-V1,confirmed
AT-E002-2026-09-03,E002,2026-09-03,DAY,worked,480,0,0,E047,E001,ATT-SEP-V1,confirmed
AT-E002-2026-09-04,E002,2026-09-04,DAY,worked,480,0,0,E047,E001,ATT-SEP-V1,confirmed
AT-E002-2026-09-05,E002,2026-09-05,DAY,worked,480,0,0,E047,E001,ATT-SEP-V1,confirmed
AT-E002-2026-09-07,E002,2026-09-07,DAY,worked,480,0,0,E047,E001,ATT-SEP-V1,confirmed
AT-E002-2026-09-08,E002,2026-09-08,DAY,worked,480,0,0,E047,E001,ATT-SEP-V1,confirmed
AT-E002-2026-09-09,E002,2026-09-09,DAY,worked,480,0,0,E047,E001,ATT-SEP-V1,confirmed
AT-E002-2026-09-10,E002,2026-09-10,DAY,worked,480,0,0,E047,E001,ATT-SEP-V1,confirmed
AT-E002-2026-09-11,E002,2026-09-11,DAY,worked,480,0,0,E047,E001,ATT-SEP-V1,confirmed
AT-E002-2026-09-12,E002,2026-09-12,DAY,worked,480,0,0,E047,E001,ATT-SEP-V1,confirmed
AT-E002-2026-09-14,E002,2026-09-14,DAY,worked,480,0,0,E047,E001,ATT-SEP-V1,confirmed
AT-E002-2026-09-15,E002,2026-09-15,DAY,worked,480,0,0,E047,E001,ATT-SEP-V1,confirmed
AT-E002-2026-09-16,E002,2026-09-16,DAY,worked,480,0,0,E047,E001,ATT-SEP-V1,confirmed
AT-E002-2026-09-17,E002,2026-09-17,DAY,worked,480,0,0,E047,E001,ATT-SEP-V1,confirmed
AT-E002-2026-09-18,E002,2026-09-18,DAY,worked,480,0,0,E047,E001,ATT-SEP-V1,confirmed
AT-E002-2026-09-19,E002,2026-09-19,DAY,worked,480,0,0,E047,E001,ATT-SEP-V1,confirmed
AT-E002-2026-09-21,E002,2026-09-21,DAY,worked,480,0,0,E047,E001,ATT-SEP-V1,confirmed
AT-E002-2026-09-22,E002,2026-09-22,DAY,worked,480,0,0,E047,E001,ATT-SEP-V1,confirmed
AT-E002-2026-09-23,E002,2026-09-23,DAY,worked,480,0,0,E047,E001,ATT-SEP-V1,confirmed
AT-E002-2026-09-24,E002,2026-09-24,DAY,worked,480,0,0,E047,E001,ATT-SEP-V1,confirmed
AT-E002-2026-09-25,E002,2026-09-25,DAY,worked,480,0,0,E047,E001,ATT-SEP-V1,confirmed
AT-E002-2026-09-26,E002,2026-09-26,DAY,worked,480,0,0,E047,E001,ATT-SEP-V1,confirmed
AT-E002-2026-09-28,E002,2026-09-28,DAY,worked,480,0,0,E047,E001,ATT-SEP-V1,confirmed
AT-E002-2026-09-29,E002,2026-09-29,DAY,worked,480,0,0,E047,E001,ATT-SEP-V1,confirmed
AT-E002-2026-09-30,E002,2026-09-30,DAY,worked,480,0,0,E047,E001,ATT-SEP-V1,confirmed
AT-E003-2026-09-01,E003,2026-09-01,DAY,worked,480,0,0,E047,E002,ATT-SEP-V1,confirmed
AT-E003-2026-09-02,E003,2026-09-02,DAY,worked,480,0,0,E047,E002,ATT-SEP-V1,confirmed
AT-E003-2026-09-03,E003,2026-09-03,DAY,worked,480,0,0,E047,E002,ATT-SEP-V1,confirmed
AT-E003-2026-09-04,E003,2026-09-04,DAY,worked,480,0,0,E047,E002,ATT-SEP-V1,confirmed
AT-E003-2026-09-05,E003,2026-09-05,DAY,worked,480,0,0,E047,E002,ATT-SEP-V1,confirmed
AT-E003-2026-09-07,E003,2026-09-07,DAY,worked,480,0,0,E047,E002,ATT-SEP-V1,confirmed
AT-E003-2026-09-08,E003,2026-09-08,DAY,worked,480,0,0,E047,E002,ATT-SEP-V1,confirmed
AT-E003-2026-09-09,E003,2026-09-09,DAY,worked,480,0,0,E047,E002,ATT-SEP-V1,confirmed
AT-E003-2026-09-10,E003,2026-09-10,DAY,worked,480,0,0,E047,E002,ATT-SEP-V1,confirmed
AT-E003-2026-09-11,E003,2026-09-11,DAY,worked,480,0,0,E047,E002,ATT-SEP-V1,confirmed
AT-E003-2026-09-12,E003,2026-09-12,DAY,worked,480,0,0,E047,E002,ATT-SEP-V1,confirmed
AT-E003-2026-09-14,E003,2026-09-14,DAY,worked,480,0,0,E047,E002,ATT-SEP-V1,confirmed
AT-E003-2026-09-15,E003,2026-09-15,DAY,worked,480,0,0,E047,E002,ATT-SEP-V1,confirmed
AT-E003-2026-09-16,E003,2026-09-16,DAY,worked,480,0,0,E047,E002,ATT-SEP-V1,confirmed
AT-E003-2026-09-17,E003,2026-09-17,DAY,worked,480,0,0,E047,E002,ATT-SEP-V1,confirmed
AT-E003-2026-09-18,E003,2026-09-18,DAY,worked,480,0,0,E047,E002,ATT-SEP-V1,confirmed
AT-E003-2026-09-19,E003,2026-09-19,DAY,worked,480,0,0,E047,E002,ATT-SEP-V1,confirmed
AT-E003-2026-09-21,E003,2026-09-21,DAY,worked,480,0,0,E047,E002,ATT-SEP-V1,confirmed
AT-E003-2026-09-22,E003,2026-09-22,DAY,worked,480,0,0,E047,E002,ATT-SEP-V1,confirmed
AT-E003-2026-09-23,E003,2026-09-23,DAY,worked,480,0,0,E047,E002,ATT-SEP-V1,confirmed
AT-E003-2026-09-24,E003,2026-09-24,DAY,worked,480,0,0,E047,E002,ATT-SEP-V1,confirmed
AT-E003-2026-09-25,E003,2026-09-25,DAY,worked,480,0,0,E047,E002,ATT-SEP-V1,confirmed
AT-E003-2026-09-26,E003,2026-09-26,DAY,worked,480,0,0,E047,E002,ATT-SEP-V1,confirmed
AT-E003-2026-09-28,E003,2026-09-28,DAY,worked,480,0,0,E047,E002,ATT-SEP-V1,confirmed
AT-E003-2026-09-29,E003,2026-09-29,DAY,worked,480,0,0,E047,E002,ATT-SEP-V1,confirmed
AT-E003-2026-09-30,E003,2026-09-30,DAY,worked,480,0,0,E047,E002,ATT-SEP-V1,confirmed
AT-E004-2026-09-01,E004,2026-09-01,DAY,worked,480,0,0,E047,E002,ATT-SEP-V1,confirmed
AT-E004-2026-09-02,E004,2026-09-02,DAY,worked,480,0,0,E047,E002,ATT-SEP-V1,confirmed
AT-E004-2026-09-03,E004,2026-09-03,DAY,worked,480,0,0,E047,E002,ATT-SEP-V1,confirmed
AT-E004-2026-09-04,E004,2026-09-04,DAY,worked,480,0,0,E047,E002,ATT-SEP-V1,confirmed
AT-E004-2026-09-05,E004,2026-09-05,DAY,worked,480,0,0,E047,E002,ATT-SEP-V1,confirmed
AT-E004-2026-09-07,E004,2026-09-07,DAY,worked,480,0,0,E047,E002,ATT-SEP-V1,confirmed
AT-E004-2026-09-08,E004,2026-09-08,DAY,worked,480,0,0,E047,E002,ATT-SEP-V1,confirmed
AT-E004-2026-09-09,E004,2026-09-09,DAY,worked,480,0,0,E047,E002,ATT-SEP-V1,confirmed
AT-E004-2026-09-10,E004,2026-09-10,DAY,worked,480,0,0,E047,E002,ATT-SEP-V1,confirmed
AT-E004-2026-09-11,E004,2026-09-11,DAY,worked,480,0,0,E047,E002,ATT-SEP-V1,confirmed
AT-E004-2026-09-12,E004,2026-09-12,DAY,worked,480,0,0,E047,E002,ATT-SEP-V1,confirmed
AT-E004-2026-09-14,E004,2026-09-14,DAY,worked,480,0,0,E047,E002,ATT-SEP-V1,confirmed
AT-E004-2026-09-15,E004,2026-09-15,DAY,worked,480,0,0,E047,E002,ATT-SEP-V1,confirmed
AT-E004-2026-09-16,E004,2026-09-16,DAY,worked,480,0,0,E047,E002,ATT-SEP-V1,confirmed
AT-E004-2026-09-17,E004,2026-09-17,DAY,worked,480,0,0,E047,E002,ATT-SEP-V1,confirmed
AT-E004-2026-09-18,E004,2026-09-18,DAY,worked,480,0,0,E047,E002,ATT-SEP-V1,confirmed
AT-E004-2026-09-19,E004,2026-09-19,DAY,worked,480,0,0,E047,E002,ATT-SEP-V1,confirmed
AT-E004-2026-09-21,E004,2026-09-21,DAY,worked,480,0,0,E047,E002,ATT-SEP-V1,confirmed
AT-E004-2026-09-22,E004,2026-09-22,DAY,worked,480,0,0,E047,E002,ATT-SEP-V1,confirmed
AT-E004-2026-09-23,E004,2026-09-23,DAY,worked,480,0,0,E047,E002,ATT-SEP-V1,confirmed
AT-E004-2026-09-24,E004,2026-09-24,DAY,worked,480,0,0,E047,E002,ATT-SEP-V1,confirmed
AT-E004-2026-09-25,E004,2026-09-25,DAY,worked,480,0,0,E047,E002,ATT-SEP-V1,confirmed
AT-E004-2026-09-26,E004,2026-09-26,DAY,worked,480,0,0,E047,E002,ATT-SEP-V1,confirmed
AT-E004-2026-09-28,E004,2026-09-28,DAY,worked,480,0,0,E047,E002,ATT-SEP-V1,confirmed
AT-E004-2026-09-29,E004,2026-09-29,DAY,worked,480,0,0,E047,E002,ATT-SEP-V1,confirmed
AT-E004-2026-09-30,E004,2026-09-30,DAY,worked,480,0,0,E047,E002,ATT-SEP-V1,confirmed
AT-E005-2026-09-01,E005,2026-09-01,DAY,worked,480,0,0,E047,E002,ATT-SEP-V1,confirmed
AT-E005-2026-09-02,E005,2026-09-02,DAY,worked,480,0,0,E047,E002,ATT-SEP-V1,confirmed
AT-E005-2026-09-03,E005,2026-09-03,DAY,worked,480,0,0,E047,E002,ATT-SEP-V1,confirmed
AT-E005-2026-09-04,E005,2026-09-04,DAY,worked,480,0,0,E047,E002,ATT-SEP-V1,confirmed
AT-E005-2026-09-05,E005,2026-09-05,DAY,worked,480,0,0,E047,E002,ATT-SEP-V1,confirmed
AT-E005-2026-09-07,E005,2026-09-07,DAY,worked,480,0,0,E047,E002,ATT-SEP-V1,confirmed
AT-E005-2026-09-08,E005,2026-09-08,DAY,worked,480,0,0,E047,E002,ATT-SEP-V1,confirmed
AT-E005-2026-09-09,E005,2026-09-09,DAY,worked,480,0,0,E047,E002,ATT-SEP-V1,confirmed
AT-E005-2026-09-10,E005,2026-09-10,DAY,worked,480,0,0,E047,E002,ATT-SEP-V1,confirmed
AT-E005-2026-09-11,E005,2026-09-11,DAY,worked,480,0,0,E047,E002,ATT-SEP-V1,confirmed
AT-E005-2026-09-12,E005,2026-09-12,DAY,worked,480,0,0,E047,E002,ATT-SEP-V1,confirmed
AT-E005-2026-09-14,E005,2026-09-14,DAY,worked,480,0,0,E047,E002,ATT-SEP-V1,confirmed
AT-E005-2026-09-15,E005,2026-09-15,DAY,worked,480,0,0,E047,E002,ATT-SEP-V1,confirmed
AT-E005-2026-09-16,E005,2026-09-16,DAY,worked,480,0,0,E047,E002,ATT-SEP-V1,confirmed
AT-E005-2026-09-17,E005,2026-09-17,DAY,worked,480,0,0,E047,E002,ATT-SEP-V1,confirmed
AT-E005-2026-09-18,E005,2026-09-18,DAY,worked,480,0,0,E047,E002,ATT-SEP-V1,confirmed
AT-E005-2026-09-19,E005,2026-09-19,DAY,worked,480,0,0,E047,E002,ATT-SEP-V1,confirmed
AT-E005-2026-09-21,E005,2026-09-21,DAY,worked,480,0,0,E047,E002,ATT-SEP-V1,confirmed
AT-E005-2026-09-22,E005,2026-09-22,DAY,worked,480,0,0,E047,E002,ATT-SEP-V1,confirmed
AT-E005-2026-09-23,E005,2026-09-23,DAY,worked,480,0,0,E047,E002,ATT-SEP-V1,confirmed
AT-E005-2026-09-24,E005,2026-09-24,DAY,worked,480,0,0,E047,E002,ATT-SEP-V1,confirmed
AT-E005-2026-09-25,E005,2026-09-25,DAY,worked,480,0,0,E047,E002,ATT-SEP-V1,confirmed
AT-E005-2026-09-26,E005,2026-09-26,DAY,worked,480,0,0,E047,E002,ATT-SEP-V1,confirmed
AT-E005-2026-09-28,E005,2026-09-28,DAY,worked,480,0,0,E047,E002,ATT-SEP-V1,confirmed
AT-E005-2026-09-29,E005,2026-09-29,DAY,worked,480,0,0,E047,E002,ATT-SEP-V1,confirmed
AT-E005-2026-09-30,E005,2026-09-30,DAY,worked,480,0,0,E047,E002,ATT-SEP-V1,confirmed
AT-E006-2026-09-01,E006,2026-09-01,DAY,worked,480,0,0,E047,E002,ATT-SEP-V1,confirmed
AT-E006-2026-09-02,E006,2026-09-02,DAY,worked,480,0,0,E047,E002,ATT-SEP-V1,confirmed
AT-E006-2026-09-03,E006,2026-09-03,DAY,worked,480,0,0,E047,E002,ATT-SEP-V1,confirmed
AT-E006-2026-09-04,E006,2026-09-04,DAY,worked,480,0,0,E047,E002,ATT-SEP-V1,confirmed
AT-E006-2026-09-05,E006,2026-09-05,DAY,worked,480,0,0,E047,E002,ATT-SEP-V1,confirmed
AT-E006-2026-09-07,E006,2026-09-07,DAY,worked,480,0,0,E047,E002,ATT-SEP-V1,confirmed
AT-E006-2026-09-08,E006,2026-09-08,DAY,worked,480,0,0,E047,E002,ATT-SEP-V1,confirmed
AT-E006-2026-09-09,E006,2026-09-09,DAY,worked,480,0,0,E047,E002,ATT-SEP-V1,confirmed
AT-E006-2026-09-10,E006,2026-09-10,DAY,worked,480,0,0,E047,E002,ATT-SEP-V1,confirmed
AT-E006-2026-09-11,E006,2026-09-11,DAY,worked,480,0,0,E047,E002,ATT-SEP-V1,confirmed
AT-E006-2026-09-12,E006,2026-09-12,DAY,worked,480,0,0,E047,E002,ATT-SEP-V1,confirmed
AT-E006-2026-09-14,E006,2026-09-14,DAY,worked,480,0,0,E047,E002,ATT-SEP-V1,confirmed
AT-E006-2026-09-15,E006,2026-09-15,DAY,worked,480,0,0,E047,E002,ATT-SEP-V1,confirmed
AT-E006-2026-09-16,E006,2026-09-16,DAY,worked,480,0,0,E047,E002,ATT-SEP-V1,confirmed
AT-E006-2026-09-17,E006,2026-09-17,DAY,worked,480,0,0,E047,E002,ATT-SEP-V1,confirmed
AT-E006-2026-09-18,E006,2026-09-18,DAY,worked,480,0,0,E047,E002,ATT-SEP-V1,confirmed
AT-E006-2026-09-19,E006,2026-09-19,DAY,worked,480,0,0,E047,E002,ATT-SEP-V1,confirmed
AT-E006-2026-09-21,E006,2026-09-21,DAY,worked,480,0,0,E047,E002,ATT-SEP-V1,confirmed
AT-E006-2026-09-22,E006,2026-09-22,DAY,worked,480,0,0,E047,E002,ATT-SEP-V1,confirmed
AT-E006-2026-09-23,E006,2026-09-23,DAY,worked,480,0,0,E047,E002,ATT-SEP-V1,confirmed
AT-E006-2026-09-24,E006,2026-09-24,DAY,worked,480,0,0,E047,E002,ATT-SEP-V1,confirmed
AT-E006-2026-09-25,E006,2026-09-25,DAY,worked,480,0,0,E047,E002,ATT-SEP-V1,confirmed
AT-E006-2026-09-26,E006,2026-09-26,DAY,worked,480,0,0,E047,E002,ATT-SEP-V1,confirmed
AT-E006-2026-09-28,E006,2026-09-28,DAY,worked,480,0,0,E047,E002,ATT-SEP-V1,confirmed
AT-E006-2026-09-29,E006,2026-09-29,DAY,worked,480,0,0,E047,E002,ATT-SEP-V1,confirmed
AT-E006-2026-09-30,E006,2026-09-30,DAY,worked,480,0,0,E047,E002,ATT-SEP-V1,confirmed
AT-E007-2026-09-01,E007,2026-09-01,DAY,worked,480,0,0,E047,E001,ATT-SEP-V1,confirmed
AT-E007-2026-09-02,E007,2026-09-02,DAY,worked,480,0,0,E047,E001,ATT-SEP-V1,confirmed
AT-E007-2026-09-03,E007,2026-09-03,DAY,worked,480,0,0,E047,E001,ATT-SEP-V1,confirmed
AT-E007-2026-09-04,E007,2026-09-04,DAY,worked,480,0,0,E047,E001,ATT-SEP-V1,confirmed
AT-E007-2026-09-05,E007,2026-09-05,DAY,worked,480,0,0,E047,E001,ATT-SEP-V1,confirmed
AT-E007-2026-09-07,E007,2026-09-07,DAY,worked,480,0,0,E047,E001,ATT-SEP-V1,confirmed
AT-E007-2026-09-08,E007,2026-09-08,DAY,worked,480,0,0,E047,E001,ATT-SEP-V1,confirmed
AT-E007-2026-09-09,E007,2026-09-09,DAY,worked,480,0,0,E047,E001,ATT-SEP-V1,confirmed
AT-E007-2026-09-10,E007,2026-09-10,DAY,worked,480,0,0,E047,E001,ATT-SEP-V1,confirmed
AT-E007-2026-09-11,E007,2026-09-11,DAY,worked,480,0,0,E047,E001,ATT-SEP-V1,confirmed
AT-E007-2026-09-12,E007,2026-09-12,DAY,worked,480,0,0,E047,E001,ATT-SEP-V1,confirmed
AT-E007-2026-09-14,E007,2026-09-14,DAY,worked,480,0,0,E047,E001,ATT-SEP-V1,confirmed
AT-E007-2026-09-15,E007,2026-09-15,DAY,worked,480,0,0,E047,E001,ATT-SEP-V1,confirmed
AT-E007-2026-09-16,E007,2026-09-16,DAY,worked,480,0,0,E047,E001,ATT-SEP-V1,confirmed
AT-E007-2026-09-17,E007,2026-09-17,DAY,worked,480,0,0,E047,E001,ATT-SEP-V1,confirmed
AT-E007-2026-09-18,E007,2026-09-18,DAY,worked,480,0,0,E047,E001,ATT-SEP-V1,confirmed
AT-E007-2026-09-19,E007,2026-09-19,DAY,worked,480,0,0,E047,E001,ATT-SEP-V1,confirmed
AT-E007-2026-09-21,E007,2026-09-21,DAY,worked,480,0,0,E047,E001,ATT-SEP-V1,confirmed
AT-E007-2026-09-22,E007,2026-09-22,DAY,worked,480,0,0,E047,E001,ATT-SEP-V1,confirmed
AT-E007-2026-09-23,E007,2026-09-23,DAY,worked,480,0,0,E047,E001,ATT-SEP-V1,confirmed
AT-E007-2026-09-24,E007,2026-09-24,DAY,worked,480,0,0,E047,E001,ATT-SEP-V1,confirmed
AT-E007-2026-09-25,E007,2026-09-25,DAY,worked,480,0,0,E047,E001,ATT-SEP-V1,confirmed
AT-E007-2026-09-26,E007,2026-09-26,DAY,worked,480,0,0,E047,E001,ATT-SEP-V1,confirmed
AT-E007-2026-09-28,E007,2026-09-28,DAY,worked,480,0,0,E047,E001,ATT-SEP-V1,confirmed
AT-E007-2026-09-29,E007,2026-09-29,DAY,worked,480,0,0,E047,E001,ATT-SEP-V1,confirmed
AT-E007-2026-09-30,E007,2026-09-30,DAY,worked,480,0,0,E047,E001,ATT-SEP-V1,confirmed
AT-E008-2026-09-01,E008,2026-09-01,DAY,worked,480,0,0,E047,E007,ATT-SEP-V1,confirmed
AT-E008-2026-09-02,E008,2026-09-02,DAY,worked,480,0,0,E047,E007,ATT-SEP-V1,confirmed
AT-E008-2026-09-03,E008,2026-09-03,DAY,worked,480,0,0,E047,E007,ATT-SEP-V1,confirmed
AT-E008-2026-09-04,E008,2026-09-04,DAY,worked,480,0,0,E047,E007,ATT-SEP-V1,confirmed
AT-E008-2026-09-05,E008,2026-09-05,DAY,worked,480,0,0,E047,E007,ATT-SEP-V1,confirmed
AT-E008-2026-09-07,E008,2026-09-07,DAY,worked,480,0,0,E047,E007,ATT-SEP-V1,confirmed
AT-E008-2026-09-08,E008,2026-09-08,DAY,worked,480,0,0,E047,E007,ATT-SEP-V1,confirmed
AT-E008-2026-09-09,E008,2026-09-09,DAY,worked,480,0,0,E047,E007,ATT-SEP-V1,confirmed
AT-E008-2026-09-10,E008,2026-09-10,DAY,worked,480,0,0,E047,E007,ATT-SEP-V1,confirmed
AT-E008-2026-09-11,E008,2026-09-11,DAY,worked,480,0,0,E047,E007,ATT-SEP-V1,confirmed
AT-E008-2026-09-12,E008,2026-09-12,DAY,worked,480,0,0,E047,E007,ATT-SEP-V1,confirmed
AT-E008-2026-09-14,E008,2026-09-14,DAY,worked,480,0,0,E047,E007,ATT-SEP-V1,confirmed
AT-E008-2026-09-15,E008,2026-09-15,DAY,worked,480,0,0,E047,E007,ATT-SEP-V1,confirmed
AT-E008-2026-09-16,E008,2026-09-16,DAY,worked,480,0,0,E047,E007,ATT-SEP-V1,confirmed
AT-E008-2026-09-17,E008,2026-09-17,DAY,worked,480,0,0,E047,E007,ATT-SEP-V1,confirmed
AT-E008-2026-09-18,E008,2026-09-18,DAY,worked,480,0,0,E047,E007,ATT-SEP-V1,confirmed
AT-E008-2026-09-19,E008,2026-09-19,DAY,worked,480,0,0,E047,E007,ATT-SEP-V1,confirmed
AT-E008-2026-09-21,E008,2026-09-21,DAY,worked,480,0,0,E047,E007,ATT-SEP-V1,confirmed
AT-E008-2026-09-22,E008,2026-09-22,DAY,worked,480,0,0,E047,E007,ATT-SEP-V1,confirmed
AT-E008-2026-09-23,E008,2026-09-23,DAY,worked,480,0,0,E047,E007,ATT-SEP-V1,confirmed
AT-E008-2026-09-24,E008,2026-09-24,DAY,worked,480,0,0,E047,E007,ATT-SEP-V1,confirmed
AT-E008-2026-09-25,E008,2026-09-25,DAY,worked,480,0,0,E047,E007,ATT-SEP-V1,confirmed
AT-E008-2026-09-26,E008,2026-09-26,DAY,worked,480,0,0,E047,E007,ATT-SEP-V1,confirmed
AT-E008-2026-09-28,E008,2026-09-28,DAY,worked,480,0,0,E047,E007,ATT-SEP-V1,confirmed
AT-E008-2026-09-29,E008,2026-09-29,DAY,worked,480,0,0,E047,E007,ATT-SEP-V1,confirmed
AT-E008-2026-09-30,E008,2026-09-30,DAY,worked,480,0,0,E047,E007,ATT-SEP-V1,confirmed
AT-E009-2026-09-01,E009,2026-09-01,DAY,worked,480,0,0,E047,E001,ATT-SEP-V1,confirmed
AT-E009-2026-09-02,E009,2026-09-02,DAY,worked,480,0,0,E047,E001,ATT-SEP-V1,confirmed
AT-E009-2026-09-03,E009,2026-09-03,DAY,worked,480,0,0,E047,E001,ATT-SEP-V1,confirmed
AT-E009-2026-09-04,E009,2026-09-04,DAY,worked,480,0,0,E047,E001,ATT-SEP-V1,confirmed
AT-E009-2026-09-05,E009,2026-09-05,DAY,worked,480,0,0,E047,E001,ATT-SEP-V1,confirmed
AT-E009-2026-09-07,E009,2026-09-07,DAY,worked,480,0,0,E047,E001,ATT-SEP-V1,confirmed
AT-E009-2026-09-08,E009,2026-09-08,DAY,worked,480,0,0,E047,E001,ATT-SEP-V1,confirmed
AT-E009-2026-09-09,E009,2026-09-09,DAY,worked,480,0,0,E047,E001,ATT-SEP-V1,confirmed
AT-E009-2026-09-10,E009,2026-09-10,DAY,worked,480,0,0,E047,E001,ATT-SEP-V1,confirmed
AT-E009-2026-09-11,E009,2026-09-11,DAY,worked,480,0,0,E047,E001,ATT-SEP-V1,confirmed
AT-E009-2026-09-12,E009,2026-09-12,DAY,worked,480,0,0,E047,E001,ATT-SEP-V1,confirmed
AT-E009-2026-09-14,E009,2026-09-14,DAY,worked,480,0,0,E047,E001,ATT-SEP-V1,confirmed
AT-E009-2026-09-15,E009,2026-09-15,DAY,worked,480,0,0,E047,E001,ATT-SEP-V1,confirmed
AT-E009-2026-09-16,E009,2026-09-16,DAY,worked,480,0,0,E047,E001,ATT-SEP-V1,confirmed
AT-E009-2026-09-17,E009,2026-09-17,DAY,worked,480,0,0,E047,E001,ATT-SEP-V1,confirmed
AT-E009-2026-09-18,E009,2026-09-18,DAY,worked,480,0,0,E047,E001,ATT-SEP-V1,confirmed
AT-E009-2026-09-19,E009,2026-09-19,DAY,worked,480,0,0,E047,E001,ATT-SEP-V1,confirmed
AT-E009-2026-09-21,E009,2026-09-21,DAY,worked,480,0,0,E047,E001,ATT-SEP-V1,confirmed
AT-E009-2026-09-22,E009,2026-09-22,DAY,worked,480,0,0,E047,E001,ATT-SEP-V1,confirmed
AT-E009-2026-09-23,E009,2026-09-23,DAY,worked,480,0,0,E047,E001,ATT-SEP-V1,confirmed
AT-E009-2026-09-24,E009,2026-09-24,DAY,worked,480,0,0,E047,E001,ATT-SEP-V1,confirmed
AT-E009-2026-09-25,E009,2026-09-25,DAY,worked,480,0,0,E047,E001,ATT-SEP-V1,confirmed
AT-E009-2026-09-26,E009,2026-09-26,DAY,worked,480,0,0,E047,E001,ATT-SEP-V1,confirmed
AT-E009-2026-09-28,E009,2026-09-28,DAY,worked,480,0,0,E047,E001,ATT-SEP-V1,confirmed
AT-E009-2026-09-29,E009,2026-09-29,DAY,worked,480,0,0,E047,E001,ATT-SEP-V1,confirmed
AT-E009-2026-09-30,E009,2026-09-30,DAY,worked,480,0,0,E047,E001,ATT-SEP-V1,confirmed
AT-E010-2026-09-01,E010,2026-09-01,DAY,worked,480,0,0,E047,E009,ATT-SEP-V1,confirmed
AT-E010-2026-09-02,E010,2026-09-02,DAY,worked,480,0,0,E047,E009,ATT-SEP-V1,confirmed
AT-E010-2026-09-03,E010,2026-09-03,DAY,worked,480,0,0,E047,E009,ATT-SEP-V1,confirmed
AT-E010-2026-09-04,E010,2026-09-04,DAY,worked,480,0,0,E047,E009,ATT-SEP-V1,confirmed
AT-E010-2026-09-05,E010,2026-09-05,DAY,worked,480,0,0,E047,E009,ATT-SEP-V1,confirmed
AT-E010-2026-09-07,E010,2026-09-07,DAY,worked,480,0,0,E047,E009,ATT-SEP-V1,confirmed
AT-E010-2026-09-08,E010,2026-09-08,DAY,worked,480,0,0,E047,E009,ATT-SEP-V1,confirmed
AT-E010-2026-09-09,E010,2026-09-09,DAY,worked,480,0,0,E047,E009,ATT-SEP-V1,confirmed
AT-E010-2026-09-10,E010,2026-09-10,DAY,worked,480,0,0,E047,E009,ATT-SEP-V1,confirmed
AT-E010-2026-09-11,E010,2026-09-11,DAY,worked,480,0,0,E047,E009,ATT-SEP-V1,confirmed
AT-E010-2026-09-12,E010,2026-09-12,DAY,worked,480,0,0,E047,E009,ATT-SEP-V1,confirmed
AT-E010-2026-09-14,E010,2026-09-14,DAY,worked,480,0,0,E047,E009,ATT-SEP-V1,confirmed
AT-E010-2026-09-15,E010,2026-09-15,DAY,worked,480,0,0,E047,E009,ATT-SEP-V1,confirmed
AT-E010-2026-09-16,E010,2026-09-16,DAY,worked,480,0,0,E047,E009,ATT-SEP-V1,confirmed
AT-E010-2026-09-17,E010,2026-09-17,DAY,worked,480,0,0,E047,E009,ATT-SEP-V1,confirmed
AT-E010-2026-09-18,E010,2026-09-18,DAY,worked,480,0,0,E047,E009,ATT-SEP-V1,confirmed
AT-E010-2026-09-19,E010,2026-09-19,DAY,worked,480,0,0,E047,E009,ATT-SEP-V1,confirmed
AT-E010-2026-09-21,E010,2026-09-21,DAY,worked,480,0,0,E047,E009,ATT-SEP-V1,confirmed
AT-E010-2026-09-22,E010,2026-09-22,DAY,worked,480,0,0,E047,E009,ATT-SEP-V1,confirmed
AT-E010-2026-09-23,E010,2026-09-23,DAY,worked,480,0,0,E047,E009,ATT-SEP-V1,confirmed
AT-E010-2026-09-24,E010,2026-09-24,DAY,worked,480,0,0,E047,E009,ATT-SEP-V1,confirmed
AT-E010-2026-09-25,E010,2026-09-25,DAY,worked,480,0,0,E047,E009,ATT-SEP-V1,confirmed
AT-E010-2026-09-26,E010,2026-09-26,DAY,worked,480,0,0,E047,E009,ATT-SEP-V1,confirmed
AT-E010-2026-09-28,E010,2026-09-28,DAY,worked,480,0,0,E047,E009,ATT-SEP-V1,confirmed
AT-E010-2026-09-29,E010,2026-09-29,DAY,worked,480,0,0,E047,E009,ATT-SEP-V1,confirmed
AT-E010-2026-09-30,E010,2026-09-30,DAY,worked,480,0,0,E047,E009,ATT-SEP-V1,confirmed
AT-E011-2026-09-01,E011,2026-09-01,DAY,worked,480,0,0,E047,E009,ATT-SEP-V1,confirmed
AT-E011-2026-09-02,E011,2026-09-02,DAY,worked,480,0,0,E047,E009,ATT-SEP-V1,confirmed
AT-E011-2026-09-03,E011,2026-09-03,DAY,worked,480,0,0,E047,E009,ATT-SEP-V1,confirmed
AT-E011-2026-09-04,E011,2026-09-04,DAY,worked,480,0,0,E047,E009,ATT-SEP-V1,confirmed
AT-E011-2026-09-05,E011,2026-09-05,DAY,worked,480,0,0,E047,E009,ATT-SEP-V1,confirmed
AT-E011-2026-09-07,E011,2026-09-07,DAY,worked,480,0,0,E047,E009,ATT-SEP-V1,confirmed
AT-E011-2026-09-08,E011,2026-09-08,DAY,worked,480,0,0,E047,E009,ATT-SEP-V1,confirmed
AT-E011-2026-09-09,E011,2026-09-09,DAY,worked,480,0,0,E047,E009,ATT-SEP-V1,confirmed
AT-E011-2026-09-10,E011,2026-09-10,DAY,worked,480,0,0,E047,E009,ATT-SEP-V1,confirmed
AT-E011-2026-09-11,E011,2026-09-11,DAY,worked,480,0,0,E047,E009,ATT-SEP-V1,confirmed
AT-E011-2026-09-12,E011,2026-09-12,DAY,worked,480,0,0,E047,E009,ATT-SEP-V1,confirmed
AT-E011-2026-09-14,E011,2026-09-14,DAY,worked,480,0,0,E047,E009,ATT-SEP-V1,confirmed
AT-E011-2026-09-15,E011,2026-09-15,DAY,worked,480,0,0,E047,E009,ATT-SEP-V1,confirmed
AT-E011-2026-09-16,E011,2026-09-16,DAY,worked,480,0,0,E047,E009,ATT-SEP-V1,confirmed
AT-E011-2026-09-17,E011,2026-09-17,DAY,worked,480,0,0,E047,E009,ATT-SEP-V1,confirmed
AT-E011-2026-09-18,E011,2026-09-18,DAY,worked,480,0,0,E047,E009,ATT-SEP-V1,confirmed
AT-E011-2026-09-19,E011,2026-09-19,DAY,worked,480,0,0,E047,E009,ATT-SEP-V1,confirmed
AT-E011-2026-09-21,E011,2026-09-21,DAY,worked,480,0,0,E047,E009,ATT-SEP-V1,confirmed
AT-E011-2026-09-22,E011,2026-09-22,DAY,worked,480,0,0,E047,E009,ATT-SEP-V1,confirmed
AT-E011-2026-09-23,E011,2026-09-23,DAY,worked,480,0,0,E047,E009,ATT-SEP-V1,confirmed
AT-E011-2026-09-24,E011,2026-09-24,DAY,worked,480,0,0,E047,E009,ATT-SEP-V1,confirmed
AT-E011-2026-09-25,E011,2026-09-25,DAY,worked,480,0,0,E047,E009,ATT-SEP-V1,confirmed
AT-E011-2026-09-26,E011,2026-09-26,DAY,worked,480,0,0,E047,E009,ATT-SEP-V1,confirmed
AT-E011-2026-09-28,E011,2026-09-28,DAY,worked,480,0,0,E047,E009,ATT-SEP-V1,confirmed
AT-E011-2026-09-29,E011,2026-09-29,DAY,worked,480,0,0,E047,E009,ATT-SEP-V1,confirmed
AT-E011-2026-09-30,E011,2026-09-30,DAY,worked,480,0,0,E047,E009,ATT-SEP-V1,confirmed
AT-E012-2026-09-01,E012,2026-09-01,DAY,worked,480,0,0,E047,E009,ATT-SEP-V1,confirmed
AT-E012-2026-09-02,E012,2026-09-02,DAY,worked,480,0,0,E047,E009,ATT-SEP-V1,confirmed
AT-E012-2026-09-03,E012,2026-09-03,DAY,worked,480,0,0,E047,E009,ATT-SEP-V1,confirmed
AT-E012-2026-09-04,E012,2026-09-04,DAY,worked,480,0,0,E047,E009,ATT-SEP-V1,confirmed
AT-E012-2026-09-05,E012,2026-09-05,DAY,worked,480,0,0,E047,E009,ATT-SEP-V1,confirmed
AT-E012-2026-09-07,E012,2026-09-07,DAY,worked,480,0,0,E047,E009,ATT-SEP-V1,confirmed
AT-E012-2026-09-08,E012,2026-09-08,DAY,worked,480,0,0,E047,E009,ATT-SEP-V1,confirmed
AT-E012-2026-09-09,E012,2026-09-09,DAY,worked,480,0,0,E047,E009,ATT-SEP-V1,confirmed
AT-E012-2026-09-10,E012,2026-09-10,DAY,worked,480,0,0,E047,E009,ATT-SEP-V1,confirmed
AT-E012-2026-09-11,E012,2026-09-11,DAY,worked,480,0,0,E047,E009,ATT-SEP-V1,confirmed
AT-E012-2026-09-12,E012,2026-09-12,DAY,worked,480,0,0,E047,E009,ATT-SEP-V1,confirmed
AT-E012-2026-09-14,E012,2026-09-14,DAY,worked,480,0,0,E047,E009,ATT-SEP-V1,confirmed
AT-E012-2026-09-15,E012,2026-09-15,DAY,worked,480,0,0,E047,E009,ATT-SEP-V1,confirmed
AT-E012-2026-09-16,E012,2026-09-16,DAY,worked,480,0,0,E047,E009,ATT-SEP-V1,confirmed
AT-E012-2026-09-17,E012,2026-09-17,DAY,worked,480,0,0,E047,E009,ATT-SEP-V1,confirmed
AT-E012-2026-09-18,E012,2026-09-18,DAY,worked,480,0,0,E047,E009,ATT-SEP-V1,confirmed
AT-E012-2026-09-19,E012,2026-09-19,DAY,worked,480,0,0,E047,E009,ATT-SEP-V1,confirmed
AT-E012-2026-09-21,E012,2026-09-21,DAY,worked,480,0,0,E047,E009,ATT-SEP-V1,confirmed
AT-E012-2026-09-22,E012,2026-09-22,DAY,worked,480,0,0,E047,E009,ATT-SEP-V1,confirmed
AT-E012-2026-09-23,E012,2026-09-23,DAY,worked,480,0,0,E047,E009,ATT-SEP-V1,confirmed
AT-E012-2026-09-24,E012,2026-09-24,DAY,worked,480,0,0,E047,E009,ATT-SEP-V1,confirmed
AT-E012-2026-09-25,E012,2026-09-25,DAY,worked,480,0,0,E047,E009,ATT-SEP-V1,confirmed
AT-E012-2026-09-26,E012,2026-09-26,DAY,worked,480,0,0,E047,E009,ATT-SEP-V1,confirmed
AT-E012-2026-09-28,E012,2026-09-28,DAY,worked,480,0,0,E047,E009,ATT-SEP-V1,confirmed
AT-E012-2026-09-29,E012,2026-09-29,DAY,worked,480,0,0,E047,E009,ATT-SEP-V1,confirmed
AT-E012-2026-09-30,E012,2026-09-30,DAY,worked,480,0,0,E047,E009,ATT-SEP-V1,confirmed
AT-E013-2026-09-01,E013,2026-09-01,DAY,worked,480,0,0,E014,E001,ATT-SEP-V1,confirmed
AT-E013-2026-09-02,E013,2026-09-02,DAY,worked,480,0,0,E014,E001,ATT-SEP-V1,confirmed
AT-E013-2026-09-03,E013,2026-09-03,DAY,worked,480,0,0,E014,E001,ATT-SEP-V1,confirmed
AT-E013-2026-09-04,E013,2026-09-04,DAY,worked,480,0,0,E014,E001,ATT-SEP-V1,confirmed
AT-E013-2026-09-05,E013,2026-09-05,DAY,worked,480,0,0,E014,E001,ATT-SEP-V1,confirmed
AT-E013-2026-09-07,E013,2026-09-07,DAY,worked,480,0,0,E014,E001,ATT-SEP-V1,confirmed
AT-E013-2026-09-08,E013,2026-09-08,DAY,worked,480,0,0,E014,E001,ATT-SEP-V1,confirmed
AT-E013-2026-09-09,E013,2026-09-09,DAY,worked,480,0,0,E014,E001,ATT-SEP-V1,confirmed
AT-E013-2026-09-10,E013,2026-09-10,DAY,worked,480,0,0,E014,E001,ATT-SEP-V1,confirmed
AT-E013-2026-09-11,E013,2026-09-11,DAY,worked,480,0,0,E014,E001,ATT-SEP-V1,confirmed
AT-E013-2026-09-12,E013,2026-09-12,DAY,worked,480,0,0,E014,E001,ATT-SEP-V1,confirmed
AT-E013-2026-09-14,E013,2026-09-14,DAY,worked,480,0,0,E014,E001,ATT-SEP-V1,confirmed
AT-E013-2026-09-15,E013,2026-09-15,DAY,worked,480,0,0,E014,E001,ATT-SEP-V1,confirmed
AT-E013-2026-09-16,E013,2026-09-16,DAY,worked,480,0,0,E014,E001,ATT-SEP-V1,confirmed
AT-E013-2026-09-17,E013,2026-09-17,DAY,worked,480,0,0,E014,E001,ATT-SEP-V1,confirmed
AT-E013-2026-09-18,E013,2026-09-18,DAY,worked,480,0,0,E014,E001,ATT-SEP-V1,confirmed
AT-E013-2026-09-19,E013,2026-09-19,DAY,worked,480,0,0,E014,E001,ATT-SEP-V1,confirmed
AT-E013-2026-09-21,E013,2026-09-21,DAY,worked,480,0,0,E014,E001,ATT-SEP-V1,confirmed
AT-E013-2026-09-22,E013,2026-09-22,DAY,worked,480,0,0,E014,E001,ATT-SEP-V1,confirmed
AT-E013-2026-09-23,E013,2026-09-23,DAY,worked,480,0,0,E014,E001,ATT-SEP-V1,confirmed
AT-E013-2026-09-24,E013,2026-09-24,DAY,worked,480,0,0,E014,E001,ATT-SEP-V1,confirmed
AT-E013-2026-09-25,E013,2026-09-25,DAY,worked,480,0,0,E014,E001,ATT-SEP-V1,confirmed
AT-E013-2026-09-26,E013,2026-09-26,DAY,worked,480,0,0,E014,E001,ATT-SEP-V1,confirmed
AT-E013-2026-09-28,E013,2026-09-28,DAY,worked,480,0,0,E014,E001,ATT-SEP-V1,confirmed
AT-E013-2026-09-29,E013,2026-09-29,DAY,worked,480,0,0,E014,E001,ATT-SEP-V1,confirmed
AT-E013-2026-09-30,E013,2026-09-30,DAY,worked,480,0,0,E014,E001,ATT-SEP-V1,confirmed
AT-E014-2026-09-01,E014,2026-09-01,DAY,worked,480,0,0,E014,E013,ATT-SEP-V1,confirmed
AT-E014-2026-09-02,E014,2026-09-02,DAY,worked,480,0,0,E014,E013,ATT-SEP-V1,confirmed
AT-E014-2026-09-03,E014,2026-09-03,DAY,worked,480,0,0,E014,E013,ATT-SEP-V1,confirmed
AT-E014-2026-09-04,E014,2026-09-04,DAY,worked,480,0,0,E014,E013,ATT-SEP-V1,confirmed
AT-E014-2026-09-05,E014,2026-09-05,DAY,worked,480,0,0,E014,E013,ATT-SEP-V1,confirmed
AT-E014-2026-09-07,E014,2026-09-07,DAY,worked,480,0,0,E014,E013,ATT-SEP-V1,confirmed
AT-E014-2026-09-08,E014,2026-09-08,DAY,worked,480,0,0,E014,E013,ATT-SEP-V1,confirmed
AT-E014-2026-09-09,E014,2026-09-09,DAY,worked,480,0,0,E014,E013,ATT-SEP-V1,confirmed
AT-E014-2026-09-10,E014,2026-09-10,DAY,worked,480,0,0,E014,E013,ATT-SEP-V1,confirmed
AT-E014-2026-09-11,E014,2026-09-11,DAY,worked,480,0,0,E014,E013,ATT-SEP-V1,confirmed
AT-E014-2026-09-12,E014,2026-09-12,DAY,worked,480,0,0,E014,E013,ATT-SEP-V1,confirmed
AT-E014-2026-09-14,E014,2026-09-14,DAY,worked,480,0,0,E014,E013,ATT-SEP-V1,confirmed
AT-E014-2026-09-15,E014,2026-09-15,DAY,worked,480,0,0,E014,E013,ATT-SEP-V1,confirmed
AT-E014-2026-09-16,E014,2026-09-16,DAY,worked,480,0,0,E014,E013,ATT-SEP-V1,confirmed
AT-E014-2026-09-17,E014,2026-09-17,DAY,worked,480,0,0,E014,E013,ATT-SEP-V1,confirmed
AT-E014-2026-09-18,E014,2026-09-18,DAY,worked,480,0,0,E014,E013,ATT-SEP-V1,confirmed
AT-E014-2026-09-19,E014,2026-09-19,DAY,worked,480,0,0,E014,E013,ATT-SEP-V1,confirmed
AT-E014-2026-09-21,E014,2026-09-21,DAY,worked,480,0,0,E014,E013,ATT-SEP-V1,confirmed
AT-E014-2026-09-22,E014,2026-09-22,DAY,worked,480,0,0,E014,E013,ATT-SEP-V1,confirmed
AT-E014-2026-09-23,E014,2026-09-23,DAY,worked,480,0,0,E014,E013,ATT-SEP-V1,confirmed
AT-E014-2026-09-24,E014,2026-09-24,DAY,worked,480,0,0,E014,E013,ATT-SEP-V1,confirmed
AT-E014-2026-09-25,E014,2026-09-25,DAY,worked,480,0,0,E014,E013,ATT-SEP-V1,confirmed
AT-E014-2026-09-26,E014,2026-09-26,DAY,worked,480,0,0,E014,E013,ATT-SEP-V1,confirmed
AT-E014-2026-09-28,E014,2026-09-28,DAY,worked,480,0,0,E014,E013,ATT-SEP-V1,confirmed
AT-E014-2026-09-29,E014,2026-09-29,DAY,worked,480,0,0,E014,E013,ATT-SEP-V1,confirmed
AT-E014-2026-09-30,E014,2026-09-30,DAY,worked,480,0,0,E014,E013,ATT-SEP-V1,confirmed
AT-E015-2026-09-01,E015,2026-09-01,DAY,worked,480,0,0,E014,E013,ATT-SEP-V1,confirmed
AT-E015-2026-09-02,E015,2026-09-02,DAY,worked,480,0,0,E014,E013,ATT-SEP-V1,confirmed
AT-E015-2026-09-03,E015,2026-09-03,DAY,worked,480,0,0,E014,E013,ATT-SEP-V1,confirmed
AT-E015-2026-09-04,E015,2026-09-04,DAY,worked,480,0,0,E014,E013,ATT-SEP-V1,confirmed
AT-E015-2026-09-05,E015,2026-09-05,DAY,worked,480,0,0,E014,E013,ATT-SEP-V1,confirmed
AT-E015-2026-09-07,E015,2026-09-07,DAY,worked,480,0,0,E014,E013,ATT-SEP-V1,confirmed
AT-E015-2026-09-08,E015,2026-09-08,DAY,worked,480,0,0,E014,E013,ATT-SEP-V1,confirmed
AT-E015-2026-09-09,E015,2026-09-09,DAY,worked,480,0,0,E014,E013,ATT-SEP-V1,confirmed
AT-E015-2026-09-10,E015,2026-09-10,DAY,worked,480,0,0,E014,E013,ATT-SEP-V1,confirmed
AT-E015-2026-09-11,E015,2026-09-11,DAY,worked,480,0,0,E014,E013,ATT-SEP-V1,confirmed
AT-E015-2026-09-12,E015,2026-09-12,DAY,worked,480,0,0,E014,E013,ATT-SEP-V1,confirmed
AT-E015-2026-09-14,E015,2026-09-14,DAY,worked,480,0,0,E014,E013,ATT-SEP-V1,confirmed
AT-E015-2026-09-15,E015,2026-09-15,DAY,worked,480,0,0,E014,E013,ATT-SEP-V1,confirmed
AT-E015-2026-09-16,E015,2026-09-16,DAY,worked,480,0,0,E014,E013,ATT-SEP-V1,confirmed
AT-E015-2026-09-17,E015,2026-09-17,DAY,worked,480,0,0,E014,E013,ATT-SEP-V1,confirmed
AT-E015-2026-09-18,E015,2026-09-18,DAY,worked,480,0,0,E014,E013,ATT-SEP-V1,confirmed
AT-E015-2026-09-19,E015,2026-09-19,DAY,worked,480,0,0,E014,E013,ATT-SEP-V1,confirmed
AT-E015-2026-09-21,E015,2026-09-21,DAY,worked,480,0,0,E014,E013,ATT-SEP-V1,confirmed
AT-E015-2026-09-22,E015,2026-09-22,DAY,worked,480,0,0,E014,E013,ATT-SEP-V1,confirmed
AT-E015-2026-09-23,E015,2026-09-23,DAY,worked,480,0,0,E014,E013,ATT-SEP-V1,confirmed
AT-E015-2026-09-24,E015,2026-09-24,DAY,worked,480,0,0,E014,E013,ATT-SEP-V1,confirmed
AT-E015-2026-09-25,E015,2026-09-25,DAY,worked,480,0,0,E014,E013,ATT-SEP-V1,confirmed
AT-E015-2026-09-26,E015,2026-09-26,DAY,worked,480,0,0,E014,E013,ATT-SEP-V1,confirmed
AT-E015-2026-09-28,E015,2026-09-28,DAY,worked,480,0,0,E014,E013,ATT-SEP-V1,confirmed
AT-E015-2026-09-29,E015,2026-09-29,DAY,worked,480,0,0,E014,E013,ATT-SEP-V1,confirmed
AT-E015-2026-09-30,E015,2026-09-30,DAY,worked,480,0,0,E014,E013,ATT-SEP-V1,confirmed
AT-E016-2026-09-01,E016,2026-09-01,DAY,worked,480,0,0,E014,E014,ATT-SEP-V1,confirmed
AT-E016-2026-09-02,E016,2026-09-02,DAY,worked,480,0,0,E014,E014,ATT-SEP-V1,confirmed
AT-E016-2026-09-03,E016,2026-09-03,DAY,worked,480,0,0,E014,E014,ATT-SEP-V1,confirmed
AT-E016-2026-09-04,E016,2026-09-04,DAY,worked,480,0,0,E014,E014,ATT-SEP-V1,confirmed
AT-E016-2026-09-05,E016,2026-09-05,DAY,worked,480,0,0,E014,E014,ATT-SEP-V1,confirmed
AT-E016-2026-09-07,E016,2026-09-07,DAY,worked,480,0,0,E014,E014,ATT-SEP-V1,confirmed
AT-E016-2026-09-08,E016,2026-09-08,DAY,worked,480,0,0,E014,E014,ATT-SEP-V1,confirmed
AT-E016-2026-09-09,E016,2026-09-09,DAY,worked,480,0,0,E014,E014,ATT-SEP-V1,confirmed
AT-E016-2026-09-10,E016,2026-09-10,DAY,worked,480,0,0,E014,E014,ATT-SEP-V1,confirmed
AT-E016-2026-09-11,E016,2026-09-11,DAY,worked,480,0,0,E014,E014,ATT-SEP-V1,confirmed
AT-E016-2026-09-12,E016,2026-09-12,DAY,worked,480,0,0,E014,E014,ATT-SEP-V1,confirmed
AT-E016-2026-09-14,E016,2026-09-14,DAY,worked,480,0,0,E014,E014,ATT-SEP-V1,confirmed
AT-E016-2026-09-15,E016,2026-09-15,DAY,worked,480,0,0,E014,E014,ATT-SEP-V1,confirmed
AT-E016-2026-09-16,E016,2026-09-16,DAY,worked,480,0,0,E014,E014,ATT-SEP-V1,confirmed
AT-E016-2026-09-17,E016,2026-09-17,DAY,worked,480,0,0,E014,E014,ATT-SEP-V1,confirmed
AT-E016-2026-09-18,E016,2026-09-18,DAY,worked,480,0,0,E014,E014,ATT-SEP-V1,confirmed
AT-E016-2026-09-19,E016,2026-09-19,DAY,worked,480,0,0,E014,E014,ATT-SEP-V1,confirmed
AT-E016-2026-09-21,E016,2026-09-21,DAY,worked,480,0,0,E014,E014,ATT-SEP-V1,confirmed
AT-E016-2026-09-22,E016,2026-09-22,DAY,worked,480,0,0,E014,E014,ATT-SEP-V1,confirmed
AT-E016-2026-09-23,E016,2026-09-23,DAY,worked,480,0,0,E014,E014,ATT-SEP-V1,confirmed
AT-E016-2026-09-24,E016,2026-09-24,DAY,worked,480,0,0,E014,E014,ATT-SEP-V1,confirmed
AT-E016-2026-09-25,E016,2026-09-25,DAY,worked,480,0,0,E014,E014,ATT-SEP-V1,confirmed
AT-E016-2026-09-26,E016,2026-09-26,DAY,worked,480,0,0,E014,E014,ATT-SEP-V1,confirmed
AT-E016-2026-09-28,E016,2026-09-28,DAY,worked,480,0,0,E014,E014,ATT-SEP-V1,confirmed
AT-E016-2026-09-29,E016,2026-09-29,DAY,worked,480,0,0,E014,E014,ATT-SEP-V1,confirmed
AT-E016-2026-09-30,E016,2026-09-30,DAY,worked,480,0,0,E014,E014,ATT-SEP-V1,confirmed
AT-E017-2026-09-01,E017,2026-09-01,DAY,worked,480,0,0,E014,E014,ATT-SEP-V1,confirmed
AT-E017-2026-09-02,E017,2026-09-02,DAY,worked,480,0,0,E014,E014,ATT-SEP-V1,confirmed
AT-E017-2026-09-03,E017,2026-09-03,DAY,worked,480,0,0,E014,E014,ATT-SEP-V1,confirmed
AT-E017-2026-09-04,E017,2026-09-04,DAY,worked,480,0,0,E014,E014,ATT-SEP-V1,confirmed
AT-E017-2026-09-05,E017,2026-09-05,DAY,worked,480,0,0,E014,E014,ATT-SEP-V1,confirmed
AT-E017-2026-09-07,E017,2026-09-07,DAY,worked,480,0,0,E014,E014,ATT-SEP-V1,confirmed
AT-E017-2026-09-08,E017,2026-09-08,DAY,worked,480,0,0,E014,E014,ATT-SEP-V1,confirmed
AT-E017-2026-09-09,E017,2026-09-09,DAY,worked,480,0,0,E014,E014,ATT-SEP-V1,confirmed
AT-E017-2026-09-10,E017,2026-09-10,DAY,worked,480,0,0,E014,E014,ATT-SEP-V1,confirmed
AT-E017-2026-09-11,E017,2026-09-11,DAY,worked,480,0,0,E014,E014,ATT-SEP-V1,confirmed
AT-E017-2026-09-12,E017,2026-09-12,DAY,worked,480,0,0,E014,E014,ATT-SEP-V1,confirmed
AT-E017-2026-09-14,E017,2026-09-14,DAY,worked,480,0,0,E014,E014,ATT-SEP-V1,confirmed
AT-E017-2026-09-15,E017,2026-09-15,DAY,worked,480,0,0,E014,E014,ATT-SEP-V1,confirmed
AT-E017-2026-09-16,E017,2026-09-16,DAY,worked,480,0,0,E014,E014,ATT-SEP-V1,confirmed
AT-E017-2026-09-17,E017,2026-09-17,DAY,worked,480,0,0,E014,E014,ATT-SEP-V1,confirmed
AT-E017-2026-09-18,E017,2026-09-18,DAY,worked,480,0,0,E014,E014,ATT-SEP-V1,confirmed
AT-E017-2026-09-19,E017,2026-09-19,DAY,worked,480,0,0,E014,E014,ATT-SEP-V1,confirmed
AT-E017-2026-09-21,E017,2026-09-21,DAY,worked,480,0,0,E014,E014,ATT-SEP-V1,confirmed
AT-E017-2026-09-22,E017,2026-09-22,DAY,worked,480,0,0,E014,E014,ATT-SEP-V1,confirmed
AT-E017-2026-09-23,E017,2026-09-23,DAY,worked,480,0,0,E014,E014,ATT-SEP-V1,confirmed
AT-E017-2026-09-24,E017,2026-09-24,DAY,worked,480,0,0,E014,E014,ATT-SEP-V1,confirmed
AT-E017-2026-09-25,E017,2026-09-25,DAY,worked,480,0,0,E014,E014,ATT-SEP-V1,confirmed
AT-E017-2026-09-26,E017,2026-09-26,DAY,worked,480,0,0,E014,E014,ATT-SEP-V1,confirmed
AT-E017-2026-09-28,E017,2026-09-28,DAY,worked,480,0,0,E014,E014,ATT-SEP-V1,confirmed
AT-E017-2026-09-29,E017,2026-09-29,DAY,worked,480,0,0,E014,E014,ATT-SEP-V1,confirmed
AT-E017-2026-09-30,E017,2026-09-30,DAY,worked,480,0,0,E014,E014,ATT-SEP-V1,confirmed
AT-E018-2026-09-01,E018,2026-09-01,DAY,worked,480,0,0,E014,E014,ATT-SEP-V1,confirmed
AT-E018-2026-09-02,E018,2026-09-02,DAY,worked,480,0,0,E014,E014,ATT-SEP-V1,confirmed
AT-E018-2026-09-03,E018,2026-09-03,DAY,worked,480,0,0,E014,E014,ATT-SEP-V1,confirmed
AT-E018-2026-09-04,E018,2026-09-04,DAY,worked,480,0,0,E014,E014,ATT-SEP-V1,confirmed
AT-E018-2026-09-05,E018,2026-09-05,DAY,worked,480,0,0,E014,E014,ATT-SEP-V1,confirmed
AT-E018-2026-09-07,E018,2026-09-07,DAY,worked,480,0,0,E014,E014,ATT-SEP-V1,confirmed
AT-E018-2026-09-08,E018,2026-09-08,DAY,worked,480,0,0,E014,E014,ATT-SEP-V1,confirmed
AT-E018-2026-09-09,E018,2026-09-09,DAY,worked,480,0,0,E014,E014,ATT-SEP-V1,confirmed
AT-E018-2026-09-10,E018,2026-09-10,DAY,worked,480,0,0,E014,E014,ATT-SEP-V1,confirmed
AT-E018-2026-09-11,E018,2026-09-11,DAY,worked,480,0,0,E014,E014,ATT-SEP-V1,confirmed
AT-E018-2026-09-12,E018,2026-09-12,DAY,worked,480,0,0,E014,E014,ATT-SEP-V1,confirmed
AT-E018-2026-09-14,E018,2026-09-14,DAY,worked,480,0,0,E014,E014,ATT-SEP-V1,confirmed
AT-E018-2026-09-15,E018,2026-09-15,DAY,worked,480,0,0,E014,E014,ATT-SEP-V1,confirmed
AT-E018-2026-09-16,E018,2026-09-16,DAY,worked,480,0,0,E014,E014,ATT-SEP-V1,confirmed
AT-E018-2026-09-17,E018,2026-09-17,DAY,worked,480,0,0,E014,E014,ATT-SEP-V1,confirmed
AT-E018-2026-09-18,E018,2026-09-18,DAY,worked,480,0,0,E014,E014,ATT-SEP-V1,confirmed
AT-E018-2026-09-19,E018,2026-09-19,DAY,worked,480,0,0,E014,E014,ATT-SEP-V1,confirmed
AT-E018-2026-09-21,E018,2026-09-21,DAY,worked,480,0,0,E014,E014,ATT-SEP-V1,confirmed
AT-E018-2026-09-22,E018,2026-09-22,DAY,worked,480,0,0,E014,E014,ATT-SEP-V1,confirmed
AT-E018-2026-09-23,E018,2026-09-23,DAY,worked,480,0,0,E014,E014,ATT-SEP-V1,confirmed
AT-E018-2026-09-24,E018,2026-09-24,DAY,worked,480,0,0,E014,E014,ATT-SEP-V1,confirmed
AT-E018-2026-09-25,E018,2026-09-25,DAY,worked,480,0,0,E014,E014,ATT-SEP-V1,confirmed
AT-E018-2026-09-26,E018,2026-09-26,DAY,worked,480,0,0,E014,E014,ATT-SEP-V1,confirmed
AT-E018-2026-09-28,E018,2026-09-28,DAY,worked,480,0,0,E014,E014,ATT-SEP-V1,confirmed
AT-E018-2026-09-29,E018,2026-09-29,DAY,worked,480,0,0,E014,E014,ATT-SEP-V1,confirmed
AT-E018-2026-09-30,E018,2026-09-30,DAY,worked,480,0,0,E014,E014,ATT-SEP-V1,confirmed
AT-E019-2026-09-01,E019,2026-09-01,DAY,worked,480,0,0,E014,E014,ATT-SEP-V1,confirmed
AT-E019-2026-09-02,E019,2026-09-02,DAY,worked,480,0,0,E014,E014,ATT-SEP-V1,confirmed
AT-E019-2026-09-03,E019,2026-09-03,DAY,worked,480,0,0,E014,E014,ATT-SEP-V1,confirmed
AT-E019-2026-09-04,E019,2026-09-04,DAY,worked,480,0,0,E014,E014,ATT-SEP-V1,confirmed
AT-E019-2026-09-05,E019,2026-09-05,DAY,worked,480,0,0,E014,E014,ATT-SEP-V1,confirmed
AT-E019-2026-09-07,E019,2026-09-07,DAY,worked,480,0,0,E014,E014,ATT-SEP-V1,confirmed
AT-E019-2026-09-08,E019,2026-09-08,DAY,worked,480,0,0,E014,E014,ATT-SEP-V1,confirmed
AT-E019-2026-09-09,E019,2026-09-09,DAY,worked,480,0,0,E014,E014,ATT-SEP-V1,confirmed
AT-E019-2026-09-10,E019,2026-09-10,DAY,worked,480,0,0,E014,E014,ATT-SEP-V1,confirmed
AT-E019-2026-09-11,E019,2026-09-11,DAY,worked,480,0,0,E014,E014,ATT-SEP-V1,confirmed
AT-E019-2026-09-12,E019,2026-09-12,DAY,worked,480,0,0,E014,E014,ATT-SEP-V1,confirmed
AT-E019-2026-09-14,E019,2026-09-14,DAY,worked,480,0,0,E014,E014,ATT-SEP-V1,confirmed
AT-E019-2026-09-15,E019,2026-09-15,DAY,worked,480,0,0,E014,E014,ATT-SEP-V1,confirmed
AT-E019-2026-09-16,E019,2026-09-16,DAY,worked,480,0,0,E014,E014,ATT-SEP-V1,confirmed
AT-E019-2026-09-17,E019,2026-09-17,DAY,worked,480,0,0,E014,E014,ATT-SEP-V1,confirmed
AT-E019-2026-09-18,E019,2026-09-18,DAY,worked,480,0,0,E014,E014,ATT-SEP-V1,confirmed
AT-E019-2026-09-19,E019,2026-09-19,DAY,worked,480,0,0,E014,E014,ATT-SEP-V1,confirmed
AT-E019-2026-09-21,E019,2026-09-21,DAY,worked,480,0,0,E014,E014,ATT-SEP-V1,confirmed
AT-E019-2026-09-22,E019,2026-09-22,DAY,worked,480,0,0,E014,E014,ATT-SEP-V1,confirmed
AT-E019-2026-09-23,E019,2026-09-23,DAY,worked,480,0,0,E014,E014,ATT-SEP-V1,confirmed
AT-E019-2026-09-24,E019,2026-09-24,DAY,worked,480,0,0,E014,E014,ATT-SEP-V1,confirmed
AT-E019-2026-09-25,E019,2026-09-25,DAY,worked,480,0,0,E014,E014,ATT-SEP-V1,confirmed
AT-E019-2026-09-26,E019,2026-09-26,DAY,worked,480,0,0,E014,E014,ATT-SEP-V1,confirmed
AT-E019-2026-09-28,E019,2026-09-28,DAY,worked,480,0,0,E014,E014,ATT-SEP-V1,confirmed
AT-E019-2026-09-29,E019,2026-09-29,DAY,worked,480,0,0,E014,E014,ATT-SEP-V1,confirmed
AT-E019-2026-09-30,E019,2026-09-30,DAY,worked,480,0,0,E014,E014,ATT-SEP-V1,confirmed
AT-E020-2026-09-01,E020,2026-09-01,DAY,worked,480,0,0,E014,E014,ATT-SEP-V1,confirmed
AT-E020-2026-09-02,E020,2026-09-02,DAY,worked,480,0,0,E014,E014,ATT-SEP-V1,confirmed
AT-E020-2026-09-03,E020,2026-09-03,DAY,worked,480,0,0,E014,E014,ATT-SEP-V1,confirmed
AT-E020-2026-09-04,E020,2026-09-04,DAY,worked,480,0,0,E014,E014,ATT-SEP-V1,confirmed
AT-E020-2026-09-05,E020,2026-09-05,DAY,worked,480,0,0,E014,E014,ATT-SEP-V1,confirmed
AT-E020-2026-09-07,E020,2026-09-07,DAY,worked,480,0,0,E014,E014,ATT-SEP-V1,confirmed
AT-E020-2026-09-08,E020,2026-09-08,DAY,worked,480,0,0,E014,E014,ATT-SEP-V1,confirmed
AT-E020-2026-09-09,E020,2026-09-09,DAY,worked,480,0,0,E014,E014,ATT-SEP-V1,confirmed
AT-E020-2026-09-10,E020,2026-09-10,DAY,worked,480,0,0,E014,E014,ATT-SEP-V1,confirmed
AT-E020-2026-09-11,E020,2026-09-11,DAY,worked,480,0,0,E014,E014,ATT-SEP-V1,confirmed
AT-E020-2026-09-12,E020,2026-09-12,DAY,worked,480,0,0,E014,E014,ATT-SEP-V1,confirmed
AT-E020-2026-09-14,E020,2026-09-14,DAY,worked,480,0,0,E014,E014,ATT-SEP-V1,confirmed
AT-E020-2026-09-15,E020,2026-09-15,DAY,worked,480,0,0,E014,E014,ATT-SEP-V1,confirmed
AT-E020-2026-09-16,E020,2026-09-16,DAY,worked,480,0,0,E014,E014,ATT-SEP-V1,confirmed
AT-E020-2026-09-17,E020,2026-09-17,DAY,worked,480,0,0,E014,E014,ATT-SEP-V1,confirmed
AT-E020-2026-09-18,E020,2026-09-18,DAY,worked,480,0,0,E014,E014,ATT-SEP-V1,confirmed
AT-E020-2026-09-19,E020,2026-09-19,DAY,worked,480,0,0,E014,E014,ATT-SEP-V1,confirmed
AT-E020-2026-09-21,E020,2026-09-21,DAY,worked,480,0,0,E014,E014,ATT-SEP-V1,confirmed
AT-E020-2026-09-22,E020,2026-09-22,DAY,worked,480,0,0,E014,E014,ATT-SEP-V1,confirmed
AT-E020-2026-09-23,E020,2026-09-23,DAY,worked,480,0,0,E014,E014,ATT-SEP-V1,confirmed
AT-E020-2026-09-24,E020,2026-09-24,DAY,worked,480,0,0,E014,E014,ATT-SEP-V1,confirmed
AT-E020-2026-09-25,E020,2026-09-25,DAY,worked,480,0,0,E014,E014,ATT-SEP-V1,confirmed
AT-E020-2026-09-26,E020,2026-09-26,DAY,worked,480,0,0,E014,E014,ATT-SEP-V1,confirmed
AT-E020-2026-09-28,E020,2026-09-28,DAY,worked,480,0,0,E014,E014,ATT-SEP-V1,confirmed
AT-E020-2026-09-29,E020,2026-09-29,DAY,worked,480,0,0,E014,E014,ATT-SEP-V1,confirmed
AT-E020-2026-09-30,E020,2026-09-30,DAY,worked,480,0,0,E014,E014,ATT-SEP-V1,confirmed
AT-E021-2026-09-01,E021,2026-09-01,DAY,worked,480,0,0,E014,E014,ATT-SEP-V1,confirmed
AT-E021-2026-09-02,E021,2026-09-02,DAY,worked,480,0,0,E014,E014,ATT-SEP-V1,confirmed
AT-E021-2026-09-03,E021,2026-09-03,DAY,worked,480,0,0,E014,E014,ATT-SEP-V1,confirmed
AT-E021-2026-09-04,E021,2026-09-04,DAY,worked,480,0,0,E014,E014,ATT-SEP-V1,confirmed
AT-E021-2026-09-05,E021,2026-09-05,DAY,worked,480,0,0,E014,E014,ATT-SEP-V1,confirmed
AT-E021-2026-09-07,E021,2026-09-07,DAY,worked,480,0,0,E014,E014,ATT-SEP-V1,confirmed
AT-E021-2026-09-08,E021,2026-09-08,DAY,worked,480,0,0,E014,E014,ATT-SEP-V1,confirmed
AT-E021-2026-09-09,E021,2026-09-09,DAY,worked,480,0,0,E014,E014,ATT-SEP-V1,confirmed
AT-E021-2026-09-10,E021,2026-09-10,DAY,worked,480,0,0,E014,E014,ATT-SEP-V1,confirmed
AT-E021-2026-09-11,E021,2026-09-11,DAY,worked,480,0,0,E014,E014,ATT-SEP-V1,confirmed
AT-E021-2026-09-12,E021,2026-09-12,DAY,worked,480,0,0,E014,E014,ATT-SEP-V1,confirmed
AT-E021-2026-09-14,E021,2026-09-14,DAY,worked,480,0,0,E014,E014,ATT-SEP-V1,confirmed
AT-E021-2026-09-15,E021,2026-09-15,DAY,worked,480,0,0,E014,E014,ATT-SEP-V1,confirmed
AT-E021-2026-09-16,E021,2026-09-16,DAY,worked,480,0,0,E014,E014,ATT-SEP-V1,confirmed
AT-E021-2026-09-17,E021,2026-09-17,DAY,worked,480,0,0,E014,E014,ATT-SEP-V1,confirmed
AT-E021-2026-09-18,E021,2026-09-18,DAY,worked,480,0,0,E014,E014,ATT-SEP-V1,confirmed
AT-E021-2026-09-19,E021,2026-09-19,DAY,worked,480,0,0,E014,E014,ATT-SEP-V1,confirmed
AT-E021-2026-09-21,E021,2026-09-21,DAY,worked,480,0,0,E014,E014,ATT-SEP-V1,confirmed
AT-E021-2026-09-22,E021,2026-09-22,DAY,worked,480,0,0,E014,E014,ATT-SEP-V1,confirmed
AT-E021-2026-09-23,E021,2026-09-23,DAY,worked,480,0,0,E014,E014,ATT-SEP-V1,confirmed
AT-E021-2026-09-24,E021,2026-09-24,DAY,worked,480,0,0,E014,E014,ATT-SEP-V1,confirmed
AT-E021-2026-09-25,E021,2026-09-25,DAY,worked,480,0,0,E014,E014,ATT-SEP-V1,confirmed
AT-E021-2026-09-26,E021,2026-09-26,DAY,worked,480,0,0,E014,E014,ATT-SEP-V1,confirmed
AT-E021-2026-09-28,E021,2026-09-28,DAY,worked,480,0,0,E014,E014,ATT-SEP-V1,confirmed
AT-E021-2026-09-29,E021,2026-09-29,DAY,worked,480,0,0,E014,E014,ATT-SEP-V1,confirmed
AT-E021-2026-09-30,E021,2026-09-30,DAY,worked,480,0,0,E014,E014,ATT-SEP-V1,confirmed
AT-E022-2026-09-01,E022,2026-09-01,DAY,worked,480,0,0,E014,E014,ATT-SEP-V1,confirmed
AT-E022-2026-09-02,E022,2026-09-02,DAY,worked,480,0,0,E014,E014,ATT-SEP-V1,confirmed
AT-E022-2026-09-03,E022,2026-09-03,DAY,worked,480,0,0,E014,E014,ATT-SEP-V1,confirmed
AT-E022-2026-09-04,E022,2026-09-04,DAY,worked,480,0,0,E014,E014,ATT-SEP-V1,confirmed
AT-E022-2026-09-05,E022,2026-09-05,DAY,worked,480,0,0,E014,E014,ATT-SEP-V1,confirmed
AT-E022-2026-09-07,E022,2026-09-07,DAY,worked,480,0,0,E014,E014,ATT-SEP-V1,confirmed
AT-E022-2026-09-08,E022,2026-09-08,DAY,worked,480,0,0,E014,E014,ATT-SEP-V1,confirmed
AT-E022-2026-09-09,E022,2026-09-09,DAY,worked,480,0,0,E014,E014,ATT-SEP-V1,confirmed
AT-E022-2026-09-10,E022,2026-09-10,DAY,worked,480,0,0,E014,E014,ATT-SEP-V1,confirmed
AT-E022-2026-09-11,E022,2026-09-11,DAY,worked,480,0,0,E014,E014,ATT-SEP-V1,confirmed
AT-E022-2026-09-12,E022,2026-09-12,DAY,worked,480,0,0,E014,E014,ATT-SEP-V1,confirmed
AT-E022-2026-09-14,E022,2026-09-14,DAY,worked,480,0,0,E014,E014,ATT-SEP-V1,confirmed
AT-E022-2026-09-15,E022,2026-09-15,DAY,worked,480,0,0,E014,E014,ATT-SEP-V1,confirmed
AT-E022-2026-09-16,E022,2026-09-16,DAY,worked,480,0,0,E014,E014,ATT-SEP-V1,confirmed
AT-E022-2026-09-17,E022,2026-09-17,DAY,worked,480,0,0,E014,E014,ATT-SEP-V1,confirmed
AT-E022-2026-09-18,E022,2026-09-18,DAY,worked,480,0,0,E014,E014,ATT-SEP-V1,confirmed
AT-E022-2026-09-19,E022,2026-09-19,DAY,worked,480,0,0,E014,E014,ATT-SEP-V1,confirmed
AT-E022-2026-09-21,E022,2026-09-21,DAY,worked,480,0,0,E014,E014,ATT-SEP-V1,confirmed
AT-E022-2026-09-22,E022,2026-09-22,DAY,worked,480,0,0,E014,E014,ATT-SEP-V1,confirmed
AT-E022-2026-09-23,E022,2026-09-23,DAY,worked,480,0,0,E014,E014,ATT-SEP-V1,confirmed
AT-E022-2026-09-24,E022,2026-09-24,DAY,worked,480,0,0,E014,E014,ATT-SEP-V1,confirmed
AT-E022-2026-09-25,E022,2026-09-25,DAY,worked,480,0,0,E014,E014,ATT-SEP-V1,confirmed
AT-E022-2026-09-26,E022,2026-09-26,DAY,worked,480,0,0,E014,E014,ATT-SEP-V1,confirmed
AT-E022-2026-09-28,E022,2026-09-28,DAY,worked,480,0,0,E014,E014,ATT-SEP-V1,confirmed
AT-E022-2026-09-29,E022,2026-09-29,DAY,worked,480,0,0,E014,E014,ATT-SEP-V1,confirmed
AT-E022-2026-09-30,E022,2026-09-30,DAY,worked,480,0,0,E014,E014,ATT-SEP-V1,confirmed
AT-E023-2026-09-01,E023,2026-09-01,DAY,worked,480,0,0,E014,E014,ATT-SEP-V1,confirmed
AT-E023-2026-09-02,E023,2026-09-02,DAY,worked,480,0,0,E014,E014,ATT-SEP-V1,confirmed
AT-E023-2026-09-03,E023,2026-09-03,DAY,worked,480,0,0,E014,E014,ATT-SEP-V1,confirmed
AT-E023-2026-09-04,E023,2026-09-04,DAY,worked,480,0,0,E014,E014,ATT-SEP-V1,confirmed
AT-E023-2026-09-05,E023,2026-09-05,DAY,worked,480,0,0,E014,E014,ATT-SEP-V1,confirmed
AT-E023-2026-09-07,E023,2026-09-07,DAY,worked,480,0,0,E014,E014,ATT-SEP-V1,confirmed
AT-E023-2026-09-08,E023,2026-09-08,DAY,worked,480,0,0,E014,E014,ATT-SEP-V1,confirmed
AT-E023-2026-09-09,E023,2026-09-09,DAY,worked,480,0,0,E014,E014,ATT-SEP-V1,confirmed
AT-E023-2026-09-10,E023,2026-09-10,DAY,worked,480,0,0,E014,E014,ATT-SEP-V1,confirmed
AT-E023-2026-09-11,E023,2026-09-11,DAY,worked,480,0,0,E014,E014,ATT-SEP-V1,confirmed
AT-E023-2026-09-12,E023,2026-09-12,DAY,worked,480,0,0,E014,E014,ATT-SEP-V1,confirmed
AT-E023-2026-09-14,E023,2026-09-14,DAY,worked,480,0,0,E014,E014,ATT-SEP-V1,confirmed
AT-E023-2026-09-15,E023,2026-09-15,DAY,worked,480,0,0,E014,E014,ATT-SEP-V1,confirmed
AT-E023-2026-09-16,E023,2026-09-16,DAY,worked,480,0,0,E014,E014,ATT-SEP-V1,confirmed
AT-E023-2026-09-17,E023,2026-09-17,DAY,worked,480,0,0,E014,E014,ATT-SEP-V1,confirmed
AT-E023-2026-09-18,E023,2026-09-18,DAY,worked,480,0,0,E014,E014,ATT-SEP-V1,confirmed
AT-E023-2026-09-19,E023,2026-09-19,DAY,worked,480,0,0,E014,E014,ATT-SEP-V1,confirmed
AT-E023-2026-09-21,E023,2026-09-21,DAY,worked,480,0,0,E014,E014,ATT-SEP-V1,confirmed
AT-E023-2026-09-22,E023,2026-09-22,DAY,annual_leave,0,480,0,E014,E014,LEAVE-023-A,confirmed
AT-E023-2026-09-23,E023,2026-09-23,DAY,unpaid_leave,0,0,480,E014,E014,LEAVE-023-U,confirmed
AT-E023-2026-09-24,E023,2026-09-24,DAY,worked,480,0,0,E014,E014,ATT-SEP-V1,confirmed
AT-E023-2026-09-25,E023,2026-09-25,DAY,worked,480,0,0,E014,E014,ATT-SEP-V1,confirmed
AT-E023-2026-09-26,E023,2026-09-26,DAY,worked,480,0,0,E014,E014,ATT-SEP-V1,confirmed
AT-E023-2026-09-28,E023,2026-09-28,DAY,worked,480,0,0,E014,E014,ATT-SEP-V1,confirmed
AT-E023-2026-09-29,E023,2026-09-29,DAY,worked,480,0,0,E014,E014,ATT-SEP-V1,confirmed
AT-E023-2026-09-30,E023,2026-09-30,DAY,worked,480,0,0,E014,E014,ATT-SEP-V1,confirmed
AT-E024-2026-09-01,E024,2026-09-01,DAY,worked,480,0,0,E014,E014,ATT-SEP-V1,confirmed
AT-E024-2026-09-02,E024,2026-09-02,DAY,worked,480,0,0,E014,E014,ATT-SEP-V1,confirmed
AT-E024-2026-09-03,E024,2026-09-03,DAY,worked,480,0,0,E014,E014,ATT-SEP-V1,confirmed
AT-E024-2026-09-04,E024,2026-09-04,DAY,worked,480,0,0,E014,E014,ATT-SEP-V1,confirmed
AT-E024-2026-09-05,E024,2026-09-05,DAY,worked,480,0,0,E014,E014,ATT-SEP-V1,confirmed
AT-E024-2026-09-07,E024,2026-09-07,DAY,worked,480,0,0,E014,E014,ATT-SEP-V1,confirmed
AT-E024-2026-09-08,E024,2026-09-08,DAY,worked,480,0,0,E014,E014,ATT-SEP-V1,confirmed
AT-E024-2026-09-09,E024,2026-09-09,DAY,worked,480,0,0,E014,E014,ATT-SEP-V1,confirmed
AT-E024-2026-09-10,E024,2026-09-10,DAY,worked,480,0,0,E014,E014,ATT-SEP-V1,confirmed
AT-E024-2026-09-11,E024,2026-09-11,DAY,worked,480,0,0,E014,E014,ATT-SEP-V1,confirmed
AT-E024-2026-09-12,E024,2026-09-12,DAY,worked,480,0,0,E014,E014,ATT-SEP-V1,confirmed
AT-E024-2026-09-14,E024,2026-09-14,DAY,worked,480,0,0,E014,E014,ATT-SEP-V1,confirmed
AT-E024-2026-09-15,E024,2026-09-15,DAY,worked,480,0,0,E014,E014,ATT-SEP-V1,confirmed
AT-E024-2026-09-16,E024,2026-09-16,DAY,worked,480,0,0,E014,E014,ATT-SEP-V1,confirmed
AT-E024-2026-09-17,E024,2026-09-17,DAY,worked,480,0,0,E014,E014,ATT-SEP-V1,confirmed
AT-E024-2026-09-18,E024,2026-09-18,DAY,worked,480,0,0,E014,E014,ATT-SEP-V1,confirmed
AT-E024-2026-09-19,E024,2026-09-19,DAY,worked,480,0,0,E014,E014,ATT-SEP-V1,confirmed
AT-E024-2026-09-21,E024,2026-09-21,DAY,worked,480,0,0,E014,E014,ATT-SEP-V1,confirmed
AT-E024-2026-09-22,E024,2026-09-22,DAY,worked,480,0,0,E014,E014,ATT-SEP-V1,confirmed
AT-E024-2026-09-23,E024,2026-09-23,DAY,worked,480,0,0,E014,E014,ATT-SEP-V1,confirmed
AT-E024-2026-09-24,E024,2026-09-24,DAY,worked,480,0,0,E014,E014,ATT-SEP-V1,confirmed
AT-E024-2026-09-25,E024,2026-09-25,DAY,worked,480,0,0,E014,E014,ATT-SEP-V1,confirmed
AT-E024-2026-09-26,E024,2026-09-26,DAY,worked,480,0,0,E014,E014,ATT-SEP-V1,confirmed
AT-E024-2026-09-28,E024,2026-09-28,DAY,worked,480,0,0,E014,E014,ATT-SEP-V1,confirmed
AT-E024-2026-09-29,E024,2026-09-29,DAY,worked,480,0,0,E014,E014,ATT-SEP-V1,confirmed
AT-E024-2026-09-30,E024,2026-09-30,DAY,worked,480,0,0,E014,E014,ATT-SEP-V1,confirmed
AT-E025-2026-09-01,E025,2026-09-01,DAY,worked,480,0,0,E014,E014,ATT-SEP-V1,confirmed
AT-E025-2026-09-02,E025,2026-09-02,DAY,worked,480,0,0,E014,E014,ATT-SEP-V1,confirmed
AT-E025-2026-09-03,E025,2026-09-03,DAY,worked,480,0,0,E014,E014,ATT-SEP-V1,confirmed
AT-E025-2026-09-04,E025,2026-09-04,DAY,worked,480,0,0,E014,E014,ATT-SEP-V1,confirmed
AT-E025-2026-09-05,E025,2026-09-05,DAY,worked,480,0,0,E014,E014,ATT-SEP-V1,confirmed
AT-E025-2026-09-07,E025,2026-09-07,DAY,worked,480,0,0,E014,E014,ATT-SEP-V1,confirmed
AT-E025-2026-09-08,E025,2026-09-08,DAY,worked,480,0,0,E014,E014,ATT-SEP-V1,confirmed
AT-E025-2026-09-09,E025,2026-09-09,DAY,worked,480,0,0,E014,E014,ATT-SEP-V1,confirmed
AT-E025-2026-09-10,E025,2026-09-10,DAY,worked,480,0,0,E014,E014,ATT-SEP-V1,confirmed
AT-E025-2026-09-11,E025,2026-09-11,DAY,worked,480,0,0,E014,E014,ATT-SEP-V1,confirmed
AT-E025-2026-09-12,E025,2026-09-12,DAY,worked,480,0,0,E014,E014,ATT-SEP-V1,confirmed
AT-E025-2026-09-14,E025,2026-09-14,DAY,worked,480,0,0,E014,E014,ATT-SEP-V1,confirmed
AT-E025-2026-09-15,E025,2026-09-15,DAY,worked,480,0,0,E014,E014,ATT-SEP-V1,confirmed
AT-E025-2026-09-16,E025,2026-09-16,DAY,worked,480,0,0,E014,E014,ATT-SEP-V1,confirmed
AT-E025-2026-09-17,E025,2026-09-17,DAY,worked,480,0,0,E014,E014,ATT-SEP-V1,confirmed
AT-E025-2026-09-18,E025,2026-09-18,DAY,worked,480,0,0,E014,E014,ATT-SEP-V1,confirmed
AT-E025-2026-09-19,E025,2026-09-19,DAY,worked,480,0,0,E014,E014,ATT-SEP-V1,confirmed
AT-E025-2026-09-21,E025,2026-09-21,DAY,worked,480,0,0,E014,E014,ATT-SEP-V1,confirmed
AT-E025-2026-09-22,E025,2026-09-22,DAY,worked,480,0,0,E014,E014,ATT-SEP-V1,confirmed
AT-E025-2026-09-23,E025,2026-09-23,DAY,worked,480,0,0,E014,E014,ATT-SEP-V1,confirmed
AT-E025-2026-09-24,E025,2026-09-24,DAY,worked,480,0,0,E014,E014,ATT-SEP-V1,confirmed
AT-E025-2026-09-25,E025,2026-09-25,DAY,worked,480,0,0,E014,E014,ATT-SEP-V1,confirmed
AT-E025-2026-09-26,E025,2026-09-26,DAY,worked,480,0,0,E014,E014,ATT-SEP-V1,confirmed
AT-E025-2026-09-28,E025,2026-09-28,DAY,worked,480,0,0,E014,E014,ATT-SEP-V1,confirmed
AT-E025-2026-09-29,E025,2026-09-29,DAY,worked,480,0,0,E014,E014,ATT-SEP-V1,confirmed
AT-E025-2026-09-30,E025,2026-09-30,DAY,worked,480,0,0,E014,E014,ATT-SEP-V1,confirmed
AT-E026-2026-09-01,E026,2026-09-01,DAY,worked,480,0,0,E014,E014,ATT-SEP-V1,confirmed
AT-E026-2026-09-02,E026,2026-09-02,DAY,worked,480,0,0,E014,E014,ATT-SEP-V1,confirmed
AT-E026-2026-09-03,E026,2026-09-03,DAY,worked,480,0,0,E014,E014,ATT-SEP-V1,confirmed
AT-E026-2026-09-04,E026,2026-09-04,DAY,worked,480,0,0,E014,E014,ATT-SEP-V1,confirmed
AT-E026-2026-09-05,E026,2026-09-05,DAY,worked,480,0,0,E014,E014,ATT-SEP-V1,confirmed
AT-E026-2026-09-07,E026,2026-09-07,DAY,worked,480,0,0,E014,E014,ATT-SEP-V1,confirmed
AT-E026-2026-09-08,E026,2026-09-08,DAY,worked,480,0,0,E014,E014,ATT-SEP-V1,confirmed
AT-E026-2026-09-09,E026,2026-09-09,DAY,worked,480,0,0,E014,E014,ATT-SEP-V1,confirmed
AT-E026-2026-09-10,E026,2026-09-10,DAY,worked,480,0,0,E014,E014,ATT-SEP-V1,confirmed
AT-E026-2026-09-11,E026,2026-09-11,DAY,worked,480,0,0,E014,E014,ATT-SEP-V1,confirmed
AT-E026-2026-09-12,E026,2026-09-12,DAY,worked,480,0,0,E014,E014,ATT-SEP-V1,confirmed
AT-E026-2026-09-14,E026,2026-09-14,DAY,worked,480,0,0,E014,E014,ATT-SEP-V1,confirmed
AT-E026-2026-09-15,E026,2026-09-15,DAY,worked,480,0,0,E014,E014,ATT-SEP-V1,confirmed
AT-E026-2026-09-16,E026,2026-09-16,DAY,worked,480,0,0,E014,E014,ATT-SEP-V1,confirmed
AT-E026-2026-09-17,E026,2026-09-17,DAY,worked,480,0,0,E014,E014,ATT-SEP-V1,confirmed
AT-E026-2026-09-18,E026,2026-09-18,DAY,worked,480,0,0,E014,E014,ATT-SEP-V1,confirmed
AT-E026-2026-09-19,E026,2026-09-19,DAY,worked,480,0,0,E014,E014,ATT-SEP-V1,confirmed
AT-E026-2026-09-21,E026,2026-09-21,DAY,worked,480,0,0,E014,E014,ATT-SEP-V1,confirmed
AT-E026-2026-09-22,E026,2026-09-22,DAY,worked,480,0,0,E014,E014,ATT-SEP-V1,confirmed
AT-E026-2026-09-23,E026,2026-09-23,DAY,worked,480,0,0,E014,E014,ATT-SEP-V1,confirmed
AT-E026-2026-09-24,E026,2026-09-24,DAY,worked,480,0,0,E014,E014,ATT-SEP-V1,confirmed
AT-E026-2026-09-25,E026,2026-09-25,DAY,worked,480,0,0,E014,E014,ATT-SEP-V1,confirmed
AT-E026-2026-09-26,E026,2026-09-26,DAY,worked,480,0,0,E014,E014,ATT-SEP-V1,confirmed
AT-E026-2026-09-28,E026,2026-09-28,DAY,worked,480,0,0,E014,E014,ATT-SEP-V1,confirmed
AT-E026-2026-09-29,E026,2026-09-29,DAY,worked,480,0,0,E014,E014,ATT-SEP-V1,confirmed
AT-E026-2026-09-30,E026,2026-09-30,DAY,worked,480,0,0,E014,E014,ATT-SEP-V1,confirmed
AT-E027-2026-09-01,E027,2026-09-01,DAY,worked,480,0,0,E014,E014,ATT-SEP-V1,confirmed
AT-E027-2026-09-02,E027,2026-09-02,DAY,worked,480,0,0,E014,E014,ATT-SEP-V1,confirmed
AT-E027-2026-09-03,E027,2026-09-03,DAY,worked,480,0,0,E014,E014,ATT-SEP-V1,confirmed
AT-E027-2026-09-04,E027,2026-09-04,DAY,worked,480,0,0,E014,E014,ATT-SEP-V1,confirmed
AT-E027-2026-09-05,E027,2026-09-05,DAY,worked,480,0,0,E014,E014,ATT-SEP-V1,confirmed
AT-E027-2026-09-07,E027,2026-09-07,DAY,worked,480,0,0,E014,E014,ATT-SEP-V1,confirmed
AT-E027-2026-09-08,E027,2026-09-08,DAY,worked,480,0,0,E014,E014,ATT-SEP-V1,confirmed
AT-E027-2026-09-09,E027,2026-09-09,DAY,worked,480,0,0,E014,E014,ATT-SEP-V1,confirmed
AT-E027-2026-09-10,E027,2026-09-10,DAY,worked,480,0,0,E014,E014,ATT-SEP-V1,confirmed
AT-E027-2026-09-11,E027,2026-09-11,DAY,worked,480,0,0,E014,E014,ATT-SEP-V1,confirmed
AT-E027-2026-09-12,E027,2026-09-12,DAY,worked,480,0,0,E014,E014,ATT-SEP-V1,confirmed
AT-E027-2026-09-14,E027,2026-09-14,DAY,worked,480,0,0,E014,E014,ATT-SEP-V1,confirmed
AT-E027-2026-09-15,E027,2026-09-15,DAY,worked,480,0,0,E014,E014,ATT-SEP-V1,confirmed
AT-E027-2026-09-16,E027,2026-09-16,DAY,worked,480,0,0,E014,E014,ATT-SEP-V1,confirmed
AT-E027-2026-09-17,E027,2026-09-17,DAY,worked,480,0,0,E014,E014,ATT-SEP-V1,confirmed
AT-E027-2026-09-18,E027,2026-09-18,DAY,worked,480,0,0,E014,E014,ATT-SEP-V1,confirmed
AT-E027-2026-09-19,E027,2026-09-19,DAY,worked,480,0,0,E014,E014,ATT-SEP-V1,confirmed
AT-E027-2026-09-21,E027,2026-09-21,DAY,worked,480,0,0,E014,E014,ATT-SEP-V1,confirmed
AT-E027-2026-09-22,E027,2026-09-22,DAY,worked,480,0,0,E014,E014,ATT-SEP-V1,confirmed
AT-E027-2026-09-23,E027,2026-09-23,DAY,worked,480,0,0,E014,E014,ATT-SEP-V1,confirmed
AT-E027-2026-09-24,E027,2026-09-24,DAY,worked,480,0,0,E014,E014,ATT-SEP-V1,confirmed
AT-E027-2026-09-25,E027,2026-09-25,DAY,worked,480,0,0,E014,E014,ATT-SEP-V1,confirmed
AT-E027-2026-09-26,E027,2026-09-26,DAY,worked,480,0,0,E014,E014,ATT-SEP-V1,confirmed
AT-E027-2026-09-28,E027,2026-09-28,DAY,worked,480,0,0,E014,E014,ATT-SEP-V1,confirmed
AT-E027-2026-09-29,E027,2026-09-29,DAY,worked,480,0,0,E014,E014,ATT-SEP-V1,confirmed
AT-E027-2026-09-30,E027,2026-09-30,DAY,worked,480,0,0,E014,E014,ATT-SEP-V1,confirmed
AT-E028-2026-09-01,E028,2026-09-01,DAY,worked,480,0,0,E014,E014,ATT-SEP-V1,confirmed
AT-E028-2026-09-02,E028,2026-09-02,DAY,worked,480,0,0,E014,E014,ATT-SEP-V1,confirmed
AT-E028-2026-09-03,E028,2026-09-03,DAY,worked,480,0,0,E014,E014,ATT-SEP-V1,confirmed
AT-E028-2026-09-04,E028,2026-09-04,DAY,worked,480,0,0,E014,E014,ATT-SEP-V1,confirmed
AT-E028-2026-09-05,E028,2026-09-05,DAY,worked,480,0,0,E014,E014,ATT-SEP-V1,confirmed
AT-E028-2026-09-07,E028,2026-09-07,DAY,worked,480,0,0,E014,E014,ATT-SEP-V1,confirmed
AT-E028-2026-09-08,E028,2026-09-08,DAY,worked,480,0,0,E014,E014,ATT-SEP-V1,confirmed
AT-E028-2026-09-09,E028,2026-09-09,DAY,worked,480,0,0,E014,E014,ATT-SEP-V1,confirmed
AT-E028-2026-09-10,E028,2026-09-10,DAY,worked,480,0,0,E014,E014,ATT-SEP-V1,confirmed
AT-E028-2026-09-11,E028,2026-09-11,DAY,worked,480,0,0,E014,E014,ATT-SEP-V1,confirmed
AT-E028-2026-09-12,E028,2026-09-12,DAY,worked,480,0,0,E014,E014,ATT-SEP-V1,confirmed
AT-E028-2026-09-14,E028,2026-09-14,DAY,worked,480,0,0,E014,E014,ATT-SEP-V1,confirmed
AT-E028-2026-09-15,E028,2026-09-15,DAY,worked,480,0,0,E014,E014,ATT-SEP-V1,confirmed
AT-E028-2026-09-16,E028,2026-09-16,DAY,worked,480,0,0,E014,E014,ATT-SEP-V1,confirmed
AT-E028-2026-09-17,E028,2026-09-17,DAY,worked,480,0,0,E014,E014,ATT-SEP-V1,confirmed
AT-E028-2026-09-18,E028,2026-09-18,DAY,worked,480,0,0,E014,E014,ATT-SEP-V1,confirmed
AT-E028-2026-09-19,E028,2026-09-19,DAY,worked,480,0,0,E014,E014,ATT-SEP-V1,confirmed
AT-E028-2026-09-21,E028,2026-09-21,DAY,worked,480,0,0,E014,E014,ATT-SEP-V1,confirmed
AT-E028-2026-09-22,E028,2026-09-22,DAY,worked,480,0,0,E014,E014,ATT-SEP-V1,confirmed
AT-E028-2026-09-23,E028,2026-09-23,DAY,worked,480,0,0,E014,E014,ATT-SEP-V1,confirmed
AT-E028-2026-09-24,E028,2026-09-24,DAY,worked,480,0,0,E014,E014,ATT-SEP-V1,confirmed
AT-E028-2026-09-25,E028,2026-09-25,DAY,worked,480,0,0,E014,E014,ATT-SEP-V1,confirmed
AT-E028-2026-09-26,E028,2026-09-26,DAY,worked,480,0,0,E014,E014,ATT-SEP-V1,confirmed
AT-E028-2026-09-28,E028,2026-09-28,DAY,worked,480,0,0,E014,E014,ATT-SEP-V1,confirmed
AT-E028-2026-09-29,E028,2026-09-29,DAY,worked,480,0,0,E014,E014,ATT-SEP-V1,confirmed
AT-E028-2026-09-30,E028,2026-09-30,DAY,worked,480,0,0,E014,E014,ATT-SEP-V1,confirmed
AT-E029-2026-09-01,E029,2026-09-01,DAY,worked,480,0,0,E014,E015,ATT-SEP-V1,confirmed
AT-E029-2026-09-02,E029,2026-09-02,DAY,worked,480,0,0,E014,E015,ATT-SEP-V1,confirmed
AT-E029-2026-09-03,E029,2026-09-03,DAY,worked,480,0,0,E014,E015,ATT-SEP-V1,confirmed
AT-E029-2026-09-04,E029,2026-09-04,DAY,worked,480,0,0,E014,E015,ATT-SEP-V1,confirmed
AT-E029-2026-09-05,E029,2026-09-05,DAY,worked,480,0,0,E014,E015,ATT-SEP-V1,confirmed
AT-E029-2026-09-07,E029,2026-09-07,DAY,worked,480,0,0,E014,E015,ATT-SEP-V1,confirmed
AT-E029-2026-09-08,E029,2026-09-08,DAY,worked,480,0,0,E014,E015,ATT-SEP-V1,confirmed
AT-E029-2026-09-09,E029,2026-09-09,DAY,worked,480,0,0,E014,E015,ATT-SEP-V1,confirmed
AT-E029-2026-09-10,E029,2026-09-10,DAY,worked,480,0,0,E014,E015,ATT-SEP-V1,confirmed
AT-E029-2026-09-11,E029,2026-09-11,DAY,worked,480,0,0,E014,E015,ATT-SEP-V1,confirmed
AT-E029-2026-09-12,E029,2026-09-12,DAY,worked,480,0,0,E014,E015,ATT-SEP-V1,confirmed
AT-E029-2026-09-14,E029,2026-09-14,DAY,worked,480,0,0,E014,E015,ATT-SEP-V1,confirmed
AT-E029-2026-09-15,E029,2026-09-15,DAY,worked,480,0,0,E014,E015,ATT-SEP-V1,confirmed
AT-E029-2026-09-16,E029,2026-09-16,DAY,worked,480,0,0,E014,E015,ATT-SEP-V1,confirmed
AT-E029-2026-09-17,E029,2026-09-17,DAY,worked,480,0,0,E014,E015,ATT-SEP-V1,confirmed
AT-E029-2026-09-18,E029,2026-09-18,DAY,worked,480,0,0,E014,E015,ATT-SEP-V1,confirmed
AT-E029-2026-09-19,E029,2026-09-19,DAY,worked,480,0,0,E014,E015,ATT-SEP-V1,confirmed
AT-E029-2026-09-21,E029,2026-09-21,DAY,worked,480,0,0,E014,E015,ATT-SEP-V1,confirmed
AT-E029-2026-09-22,E029,2026-09-22,DAY,worked,480,0,0,E014,E015,ATT-SEP-V1,confirmed
AT-E029-2026-09-23,E029,2026-09-23,DAY,worked,480,0,0,E014,E015,ATT-SEP-V1,confirmed
AT-E029-2026-09-24,E029,2026-09-24,DAY,worked,480,0,0,E014,E015,ATT-SEP-V1,confirmed
AT-E029-2026-09-25,E029,2026-09-25,DAY,worked,480,0,0,E014,E015,ATT-SEP-V1,confirmed
AT-E029-2026-09-26,E029,2026-09-26,DAY,worked,480,0,0,E014,E015,ATT-SEP-V1,confirmed
AT-E029-2026-09-28,E029,2026-09-28,DAY,worked,480,0,0,E014,E015,ATT-SEP-V1,confirmed
AT-E029-2026-09-29,E029,2026-09-29,DAY,worked,480,0,0,E014,E015,ATT-SEP-V1,confirmed
AT-E029-2026-09-30,E029,2026-09-30,DAY,worked,480,0,0,E014,E015,ATT-SEP-V1,confirmed
AT-E030-2026-09-01,E030,2026-09-01,DAY,worked,480,0,0,E014,E015,ATT-SEP-V1,confirmed
AT-E030-2026-09-02,E030,2026-09-02,DAY,worked,480,0,0,E014,E015,ATT-SEP-V1,confirmed
AT-E030-2026-09-03,E030,2026-09-03,DAY,worked,480,0,0,E014,E015,ATT-SEP-V1,confirmed
AT-E030-2026-09-04,E030,2026-09-04,DAY,worked,480,0,0,E014,E015,ATT-SEP-V1,confirmed
AT-E030-2026-09-05,E030,2026-09-05,DAY,worked,480,0,0,E014,E015,ATT-SEP-V1,confirmed
AT-E030-2026-09-07,E030,2026-09-07,DAY,worked,480,0,0,E014,E015,ATT-SEP-V1,confirmed
AT-E030-2026-09-08,E030,2026-09-08,DAY,worked,480,0,0,E014,E015,ATT-SEP-V1,confirmed
AT-E030-2026-09-09,E030,2026-09-09,DAY,worked,480,0,0,E014,E015,ATT-SEP-V1,confirmed
AT-E030-2026-09-10,E030,2026-09-10,DAY,worked,480,0,0,E014,E015,ATT-SEP-V1,confirmed
AT-E030-2026-09-11,E030,2026-09-11,DAY,worked,480,0,0,E014,E015,ATT-SEP-V1,confirmed
AT-E030-2026-09-12,E030,2026-09-12,DAY,worked,480,0,0,E014,E015,ATT-SEP-V1,confirmed
AT-E030-2026-09-14,E030,2026-09-14,DAY,worked,480,0,0,E014,E015,ATT-SEP-V1,confirmed
AT-E030-2026-09-15,E030,2026-09-15,DAY,worked,480,0,0,E014,E015,ATT-SEP-V1,confirmed
AT-E030-2026-09-16,E030,2026-09-16,DAY,worked,480,0,0,E014,E015,ATT-SEP-V1,confirmed
AT-E030-2026-09-17,E030,2026-09-17,DAY,worked,480,0,0,E014,E015,ATT-SEP-V1,confirmed
AT-E030-2026-09-18,E030,2026-09-18,DAY,worked,480,0,0,E014,E015,ATT-SEP-V1,confirmed
AT-E030-2026-09-19,E030,2026-09-19,DAY,worked,480,0,0,E014,E015,ATT-SEP-V1,confirmed
AT-E030-2026-09-21,E030,2026-09-21,DAY,worked,480,0,0,E014,E015,ATT-SEP-V1,confirmed
AT-E030-2026-09-22,E030,2026-09-22,DAY,worked,480,0,0,E014,E015,ATT-SEP-V1,confirmed
AT-E030-2026-09-23,E030,2026-09-23,DAY,worked,480,0,0,E014,E015,ATT-SEP-V1,confirmed
AT-E030-2026-09-24,E030,2026-09-24,DAY,worked,480,0,0,E014,E015,ATT-SEP-V1,confirmed
AT-E030-2026-09-25,E030,2026-09-25,DAY,worked,480,0,0,E014,E015,ATT-SEP-V1,confirmed
AT-E030-2026-09-26,E030,2026-09-26,DAY,worked,480,0,0,E014,E015,ATT-SEP-V1,confirmed
AT-E030-2026-09-28,E030,2026-09-28,DAY,worked,480,0,0,E014,E015,ATT-SEP-V1,confirmed
AT-E030-2026-09-29,E030,2026-09-29,DAY,worked,480,0,0,E014,E015,ATT-SEP-V1,confirmed
AT-E030-2026-09-30,E030,2026-09-30,DAY,worked,480,0,0,E014,E015,ATT-SEP-V1,confirmed
AT-E031-2026-09-01,E031,2026-09-01,DAY,worked,480,0,0,E014,E015,ATT-SEP-V1,confirmed
AT-E031-2026-09-02,E031,2026-09-02,DAY,worked,480,0,0,E014,E015,ATT-SEP-V1,confirmed
AT-E031-2026-09-03,E031,2026-09-03,DAY,worked,480,0,0,E014,E015,ATT-SEP-V1,confirmed
AT-E031-2026-09-04,E031,2026-09-04,DAY,worked,480,0,0,E014,E015,ATT-SEP-V1,confirmed
AT-E031-2026-09-05,E031,2026-09-05,DAY,worked,480,0,0,E014,E015,ATT-SEP-V1,confirmed
AT-E031-2026-09-07,E031,2026-09-07,DAY,worked,480,0,0,E014,E015,ATT-SEP-V1,confirmed
AT-E031-2026-09-08,E031,2026-09-08,DAY,worked,480,0,0,E014,E015,ATT-SEP-V1,confirmed
AT-E031-2026-09-09,E031,2026-09-09,DAY,worked,480,0,0,E014,E015,ATT-SEP-V1,confirmed
AT-E031-2026-09-10,E031,2026-09-10,DAY,worked,480,0,0,E014,E015,ATT-SEP-V1,confirmed
AT-E031-2026-09-11,E031,2026-09-11,DAY,worked,480,0,0,E014,E015,ATT-SEP-V1,confirmed
AT-E031-2026-09-12,E031,2026-09-12,DAY,worked,480,0,0,E014,E015,ATT-SEP-V1,confirmed
AT-E031-2026-09-14,E031,2026-09-14,DAY,worked,480,0,0,E014,E015,ATT-SEP-V1,confirmed
AT-E031-2026-09-15,E031,2026-09-15,DAY,worked,480,0,0,E014,E015,ATT-SEP-V1,confirmed
AT-E031-2026-09-16,E031,2026-09-16,DAY,worked,480,0,0,E014,E015,ATT-SEP-V1,confirmed
AT-E031-2026-09-17,E031,2026-09-17,DAY,worked,480,0,0,E014,E015,ATT-SEP-V1,confirmed
AT-E031-2026-09-18,E031,2026-09-18,DAY,worked,480,0,0,E014,E015,ATT-SEP-V1,confirmed
AT-E031-2026-09-19,E031,2026-09-19,DAY,worked,480,0,0,E014,E015,ATT-SEP-V1,confirmed
AT-E031-2026-09-21,E031,2026-09-21,DAY,worked,480,0,0,E014,E015,ATT-SEP-V1,confirmed
AT-E031-2026-09-22,E031,2026-09-22,DAY,worked,480,0,0,E014,E015,ATT-SEP-V1,confirmed
AT-E031-2026-09-23,E031,2026-09-23,DAY,worked,480,0,0,E014,E015,ATT-SEP-V1,confirmed
AT-E031-2026-09-24,E031,2026-09-24,DAY,worked,480,0,0,E014,E015,ATT-SEP-V1,confirmed
AT-E031-2026-09-25,E031,2026-09-25,DAY,worked,480,0,0,E014,E015,ATT-SEP-V1,confirmed
AT-E031-2026-09-26,E031,2026-09-26,DAY,worked,480,0,0,E014,E015,ATT-SEP-V1,confirmed
AT-E031-2026-09-28,E031,2026-09-28,DAY,worked,480,0,0,E014,E015,ATT-SEP-V1,confirmed
AT-E031-2026-09-29,E031,2026-09-29,DAY,worked,480,0,0,E014,E015,ATT-SEP-V1,confirmed
AT-E031-2026-09-30,E031,2026-09-30,DAY,worked,480,0,0,E014,E015,ATT-SEP-V1,confirmed
AT-E032-2026-09-01,E032,2026-09-01,DAY,worked,480,0,0,E014,E015,ATT-SEP-V1,confirmed
AT-E032-2026-09-02,E032,2026-09-02,DAY,worked,480,0,0,E014,E015,ATT-SEP-V1,confirmed
AT-E032-2026-09-03,E032,2026-09-03,DAY,worked,480,0,0,E014,E015,ATT-SEP-V1,confirmed
AT-E032-2026-09-04,E032,2026-09-04,DAY,worked,480,0,0,E014,E015,ATT-SEP-V1,confirmed
AT-E032-2026-09-05,E032,2026-09-05,DAY,worked,480,0,0,E014,E015,ATT-SEP-V1,confirmed
AT-E032-2026-09-07,E032,2026-09-07,DAY,worked,480,0,0,E014,E015,ATT-SEP-V1,confirmed
AT-E032-2026-09-08,E032,2026-09-08,DAY,worked,480,0,0,E014,E015,ATT-SEP-V1,confirmed
AT-E032-2026-09-09,E032,2026-09-09,DAY,worked,480,0,0,E014,E015,ATT-SEP-V1,confirmed
AT-E032-2026-09-10,E032,2026-09-10,DAY,worked,480,0,0,E014,E015,ATT-SEP-V1,confirmed
AT-E032-2026-09-11,E032,2026-09-11,DAY,worked,480,0,0,E014,E015,ATT-SEP-V1,confirmed
AT-E032-2026-09-12,E032,2026-09-12,DAY,worked,480,0,0,E014,E015,ATT-SEP-V1,confirmed
AT-E032-2026-09-14,E032,2026-09-14,DAY,worked,480,0,0,E014,E015,ATT-SEP-V1,confirmed
AT-E032-2026-09-15,E032,2026-09-15,DAY,worked,480,0,0,E014,E015,ATT-SEP-V1,confirmed
AT-E032-2026-09-16,E032,2026-09-16,DAY,worked,480,0,0,E014,E015,ATT-SEP-V1,confirmed
AT-E032-2026-09-17,E032,2026-09-17,DAY,worked,480,0,0,E014,E015,ATT-SEP-V1,confirmed
AT-E032-2026-09-18,E032,2026-09-18,DAY,worked,480,0,0,E014,E015,ATT-SEP-V1,confirmed
AT-E032-2026-09-19,E032,2026-09-19,DAY,worked,480,0,0,E014,E015,ATT-SEP-V1,confirmed
AT-E032-2026-09-21,E032,2026-09-21,DAY,worked,480,0,0,E014,E015,ATT-SEP-V1,confirmed
AT-E032-2026-09-22,E032,2026-09-22,DAY,worked,480,0,0,E014,E015,ATT-SEP-V1,confirmed
AT-E032-2026-09-23,E032,2026-09-23,DAY,worked,480,0,0,E014,E015,ATT-SEP-V1,confirmed
AT-E032-2026-09-24,E032,2026-09-24,DAY,worked,480,0,0,E014,E015,ATT-SEP-V1,confirmed
AT-E032-2026-09-25,E032,2026-09-25,DAY,worked,480,0,0,E014,E015,ATT-SEP-V1,confirmed
AT-E032-2026-09-26,E032,2026-09-26,DAY,worked,480,0,0,E014,E015,ATT-SEP-V1,confirmed
AT-E032-2026-09-28,E032,2026-09-28,DAY,worked,480,0,0,E014,E015,ATT-SEP-V1,confirmed
AT-E032-2026-09-29,E032,2026-09-29,DAY,worked,480,0,0,E014,E015,ATT-SEP-V1,confirmed
AT-E032-2026-09-30,E032,2026-09-30,DAY,worked,480,0,0,E014,E015,ATT-SEP-V1,confirmed
AT-E033-2026-09-01,E033,2026-09-01,DAY,worked,480,0,0,E014,E015,ATT-SEP-V1,confirmed
AT-E033-2026-09-02,E033,2026-09-02,DAY,worked,480,0,0,E014,E015,ATT-SEP-V1,confirmed
AT-E033-2026-09-03,E033,2026-09-03,DAY,worked,480,0,0,E014,E015,ATT-SEP-V1,confirmed
AT-E033-2026-09-04,E033,2026-09-04,DAY,worked,480,0,0,E014,E015,ATT-SEP-V1,confirmed
AT-E033-2026-09-05,E033,2026-09-05,DAY,worked,480,0,0,E014,E015,ATT-SEP-V1,confirmed
AT-E033-2026-09-07,E033,2026-09-07,DAY,worked,480,0,0,E014,E015,ATT-SEP-V1,confirmed
AT-E033-2026-09-08,E033,2026-09-08,DAY,worked,480,0,0,E014,E015,ATT-SEP-V1,confirmed
AT-E033-2026-09-09,E033,2026-09-09,DAY,worked,480,0,0,E014,E015,ATT-SEP-V1,confirmed
AT-E033-2026-09-10,E033,2026-09-10,DAY,worked,480,0,0,E014,E015,ATT-SEP-V1,confirmed
AT-E033-2026-09-11,E033,2026-09-11,DAY,worked,480,0,0,E014,E015,ATT-SEP-V1,confirmed
AT-E033-2026-09-12,E033,2026-09-12,DAY,worked,480,0,0,E014,E015,ATT-SEP-V1,confirmed
AT-E033-2026-09-14,E033,2026-09-14,DAY,worked,480,0,0,E014,E015,ATT-SEP-V1,confirmed
AT-E033-2026-09-15,E033,2026-09-15,DAY,worked,480,0,0,E014,E015,ATT-SEP-V1,confirmed
AT-E033-2026-09-16,E033,2026-09-16,DAY,worked,480,0,0,E014,E015,ATT-SEP-V1,confirmed
AT-E033-2026-09-17,E033,2026-09-17,DAY,worked,480,0,0,E014,E015,ATT-SEP-V1,confirmed
AT-E033-2026-09-18,E033,2026-09-18,DAY,worked,480,0,0,E014,E015,ATT-SEP-V1,confirmed
AT-E033-2026-09-19,E033,2026-09-19,DAY,worked,480,0,0,E014,E015,ATT-SEP-V1,confirmed
AT-E033-2026-09-21,E033,2026-09-21,DAY,worked,480,0,0,E014,E015,ATT-SEP-V1,confirmed
AT-E033-2026-09-22,E033,2026-09-22,DAY,worked,480,0,0,E014,E015,ATT-SEP-V1,confirmed
AT-E033-2026-09-23,E033,2026-09-23,DAY,worked,480,0,0,E014,E015,ATT-SEP-V1,confirmed
AT-E033-2026-09-24,E033,2026-09-24,DAY,worked,480,0,0,E014,E015,ATT-SEP-V1,confirmed
AT-E033-2026-09-25,E033,2026-09-25,DAY,worked,480,0,0,E014,E015,ATT-SEP-V1,confirmed
AT-E033-2026-09-26,E033,2026-09-26,DAY,worked,480,0,0,E014,E015,ATT-SEP-V1,confirmed
AT-E033-2026-09-28,E033,2026-09-28,DAY,worked,480,0,0,E014,E015,ATT-SEP-V1,confirmed
AT-E033-2026-09-29,E033,2026-09-29,DAY,worked,480,0,0,E014,E015,ATT-SEP-V1,confirmed
AT-E033-2026-09-30,E033,2026-09-30,DAY,worked,480,0,0,E014,E015,ATT-SEP-V1,confirmed
AT-E034-2026-09-01,E034,2026-09-01,DAY,worked,480,0,0,E014,E015,ATT-SEP-V1,confirmed
AT-E034-2026-09-02,E034,2026-09-02,DAY,worked,480,0,0,E014,E015,ATT-SEP-V1,confirmed
AT-E034-2026-09-03,E034,2026-09-03,DAY,worked,480,0,0,E014,E015,ATT-SEP-V1,confirmed
AT-E034-2026-09-04,E034,2026-09-04,DAY,worked,480,0,0,E014,E015,ATT-SEP-V1,confirmed
AT-E034-2026-09-05,E034,2026-09-05,DAY,worked,480,0,0,E014,E015,ATT-SEP-V1,confirmed
AT-E034-2026-09-07,E034,2026-09-07,DAY,worked,480,0,0,E014,E015,ATT-SEP-V1,confirmed
AT-E034-2026-09-08,E034,2026-09-08,DAY,worked,480,0,0,E014,E015,ATT-SEP-V1,confirmed
AT-E034-2026-09-09,E034,2026-09-09,DAY,worked,480,0,0,E014,E015,ATT-SEP-V1,confirmed
AT-E034-2026-09-10,E034,2026-09-10,DAY,worked,480,0,0,E014,E015,ATT-SEP-V1,confirmed
AT-E034-2026-09-11,E034,2026-09-11,DAY,worked,480,0,0,E014,E015,ATT-SEP-V1,confirmed
AT-E034-2026-09-12,E034,2026-09-12,DAY,worked,480,0,0,E014,E015,ATT-SEP-V1,confirmed
AT-E034-2026-09-14,E034,2026-09-14,DAY,worked,480,0,0,E014,E015,ATT-SEP-V1,confirmed
AT-E034-2026-09-15,E034,2026-09-15,DAY,worked,480,0,0,E014,E015,ATT-SEP-V1,confirmed
AT-E034-2026-09-16,E034,2026-09-16,DAY,worked,480,0,0,E014,E015,ATT-SEP-V1,confirmed
AT-E034-2026-09-17,E034,2026-09-17,DAY,worked,480,0,0,E014,E015,ATT-SEP-V1,confirmed
AT-E034-2026-09-18,E034,2026-09-18,DAY,worked,480,0,0,E014,E015,ATT-SEP-V1,confirmed
AT-E034-2026-09-19,E034,2026-09-19,DAY,worked,480,0,0,E014,E015,ATT-SEP-V1,confirmed
AT-E034-2026-09-21,E034,2026-09-21,DAY,worked,480,0,0,E014,E015,ATT-SEP-V1,confirmed
AT-E034-2026-09-22,E034,2026-09-22,DAY,worked,480,0,0,E014,E015,ATT-SEP-V1,confirmed
AT-E034-2026-09-23,E034,2026-09-23,DAY,worked,480,0,0,E014,E015,ATT-SEP-V1,confirmed
AT-E034-2026-09-24,E034,2026-09-24,DAY,worked,480,0,0,E014,E015,ATT-SEP-V1,confirmed
AT-E034-2026-09-25,E034,2026-09-25,DAY,worked,480,0,0,E014,E015,ATT-SEP-V1,confirmed
AT-E034-2026-09-26,E034,2026-09-26,DAY,worked,480,0,0,E014,E015,ATT-SEP-V1,confirmed
AT-E034-2026-09-28,E034,2026-09-28,DAY,worked,480,0,0,E014,E015,ATT-SEP-V1,confirmed
AT-E034-2026-09-29,E034,2026-09-29,DAY,worked,480,0,0,E014,E015,ATT-SEP-V1,confirmed
AT-E034-2026-09-30,E034,2026-09-30,DAY,worked,480,0,0,E014,E015,ATT-SEP-V1,confirmed
AT-E035-2026-09-01,E035,2026-09-01,DAY,worked,480,0,0,E014,E015,ATT-SEP-V1,confirmed
AT-E035-2026-09-02,E035,2026-09-02,DAY,worked,480,0,0,E014,E015,ATT-SEP-V1,confirmed
AT-E035-2026-09-03,E035,2026-09-03,DAY,worked,480,0,0,E014,E015,ATT-SEP-V1,confirmed
AT-E035-2026-09-04,E035,2026-09-04,DAY,worked,480,0,0,E014,E015,ATT-SEP-V1,confirmed
AT-E035-2026-09-05,E035,2026-09-05,DAY,worked,480,0,0,E014,E015,ATT-SEP-V1,confirmed
AT-E035-2026-09-07,E035,2026-09-07,DAY,worked,480,0,0,E014,E015,ATT-SEP-V1,confirmed
AT-E035-2026-09-08,E035,2026-09-08,DAY,worked,480,0,0,E014,E015,ATT-SEP-V1,confirmed
AT-E035-2026-09-09,E035,2026-09-09,DAY,worked,480,0,0,E014,E015,ATT-SEP-V1,confirmed
AT-E035-2026-09-10,E035,2026-09-10,DAY,worked,480,0,0,E014,E015,ATT-SEP-V1,confirmed
AT-E035-2026-09-11,E035,2026-09-11,DAY,worked,480,0,0,E014,E015,ATT-SEP-V1,confirmed
AT-E035-2026-09-12,E035,2026-09-12,DAY,worked,480,0,0,E014,E015,ATT-SEP-V1,confirmed
AT-E035-2026-09-14,E035,2026-09-14,DAY,worked,480,0,0,E014,E015,ATT-SEP-V1,confirmed
AT-E035-2026-09-15,E035,2026-09-15,DAY,worked,480,0,0,E014,E015,ATT-SEP-V1,confirmed
AT-E035-2026-09-16,E035,2026-09-16,DAY,worked,480,0,0,E014,E015,ATT-SEP-V1,confirmed
AT-E035-2026-09-17,E035,2026-09-17,DAY,worked,480,0,0,E014,E015,ATT-SEP-V1,confirmed
AT-E035-2026-09-18,E035,2026-09-18,DAY,worked,480,0,0,E014,E015,ATT-SEP-V1,confirmed
AT-E035-2026-09-19,E035,2026-09-19,DAY,worked,480,0,0,E014,E015,ATT-SEP-V1,confirmed
AT-E035-2026-09-21,E035,2026-09-21,DAY,worked,480,0,0,E014,E015,ATT-SEP-V1,confirmed
AT-E035-2026-09-22,E035,2026-09-22,DAY,worked,480,0,0,E014,E015,ATT-SEP-V1,confirmed
AT-E035-2026-09-23,E035,2026-09-23,DAY,worked,480,0,0,E014,E015,ATT-SEP-V1,confirmed
AT-E035-2026-09-24,E035,2026-09-24,DAY,worked,480,0,0,E014,E015,ATT-SEP-V1,confirmed
AT-E035-2026-09-25,E035,2026-09-25,DAY,worked,480,0,0,E014,E015,ATT-SEP-V1,confirmed
AT-E035-2026-09-26,E035,2026-09-26,DAY,worked,480,0,0,E014,E015,ATT-SEP-V1,confirmed
AT-E035-2026-09-28,E035,2026-09-28,DAY,worked,480,0,0,E014,E015,ATT-SEP-V1,confirmed
AT-E035-2026-09-29,E035,2026-09-29,DAY,worked,480,0,0,E014,E015,ATT-SEP-V1,confirmed
AT-E035-2026-09-30,E035,2026-09-30,DAY,worked,480,0,0,E014,E015,ATT-SEP-V1,confirmed
AT-E036-2026-09-01,E036,2026-09-01,DAY,worked,480,0,0,E014,E015,ATT-SEP-V1,confirmed
AT-E036-2026-09-02,E036,2026-09-02,DAY,worked,480,0,0,E014,E015,ATT-SEP-V1,confirmed
AT-E036-2026-09-03,E036,2026-09-03,DAY,worked,480,0,0,E014,E015,ATT-SEP-V1,confirmed
AT-E036-2026-09-04,E036,2026-09-04,DAY,worked,480,0,0,E014,E015,ATT-SEP-V1,confirmed
AT-E036-2026-09-05,E036,2026-09-05,DAY,worked,480,0,0,E014,E015,ATT-SEP-V1,confirmed
AT-E036-2026-09-07,E036,2026-09-07,DAY,worked,480,0,0,E014,E015,ATT-SEP-V1,confirmed
AT-E036-2026-09-08,E036,2026-09-08,DAY,worked,480,0,0,E014,E015,ATT-SEP-V1,confirmed
AT-E036-2026-09-09,E036,2026-09-09,DAY,worked,480,0,0,E014,E015,ATT-SEP-V1,confirmed
AT-E036-2026-09-10,E036,2026-09-10,DAY,worked,480,0,0,E014,E015,ATT-SEP-V1,confirmed
AT-E036-2026-09-11,E036,2026-09-11,DAY,worked,480,0,0,E014,E015,ATT-SEP-V1,confirmed
AT-E036-2026-09-12,E036,2026-09-12,DAY,worked,480,0,0,E014,E015,ATT-SEP-V1,confirmed
AT-E036-2026-09-14,E036,2026-09-14,DAY,worked,480,0,0,E014,E015,ATT-SEP-V1,confirmed
AT-E036-2026-09-15,E036,2026-09-15,DAY,worked,480,0,0,E014,E015,ATT-SEP-V1,confirmed
AT-E036-2026-09-16,E036,2026-09-16,DAY,worked,480,0,0,E014,E015,ATT-SEP-V1,confirmed
AT-E036-2026-09-17,E036,2026-09-17,DAY,worked,480,0,0,E014,E015,ATT-SEP-V1,confirmed
AT-E036-2026-09-18,E036,2026-09-18,DAY,worked,480,0,0,E014,E015,ATT-SEP-V1,confirmed
AT-E036-2026-09-19,E036,2026-09-19,DAY,worked,480,0,0,E014,E015,ATT-SEP-V1,confirmed
AT-E036-2026-09-21,E036,2026-09-21,DAY,worked,480,0,0,E014,E015,ATT-SEP-V1,confirmed
AT-E036-2026-09-22,E036,2026-09-22,DAY,worked,480,0,0,E014,E015,ATT-SEP-V1,confirmed
AT-E036-2026-09-23,E036,2026-09-23,DAY,worked,480,0,0,E014,E015,ATT-SEP-V1,confirmed
AT-E036-2026-09-24,E036,2026-09-24,DAY,worked,480,0,0,E014,E015,ATT-SEP-V1,confirmed
AT-E036-2026-09-25,E036,2026-09-25,DAY,worked,480,0,0,E014,E015,ATT-SEP-V1,confirmed
AT-E036-2026-09-26,E036,2026-09-26,DAY,worked,480,0,0,E014,E015,ATT-SEP-V1,confirmed
AT-E036-2026-09-28,E036,2026-09-28,DAY,worked,480,0,0,E014,E015,ATT-SEP-V1,confirmed
AT-E036-2026-09-29,E036,2026-09-29,DAY,worked,480,0,0,E014,E015,ATT-SEP-V1,confirmed
AT-E036-2026-09-30,E036,2026-09-30,DAY,worked,480,0,0,E014,E015,ATT-SEP-V1,confirmed
AT-E037-2026-09-01,E037,2026-09-01,DAY,worked,480,0,0,E014,E015,ATT-SEP-V1,confirmed
AT-E037-2026-09-02,E037,2026-09-02,DAY,worked,480,0,0,E014,E015,ATT-SEP-V1,confirmed
AT-E037-2026-09-03,E037,2026-09-03,DAY,worked,480,0,0,E014,E015,ATT-SEP-V1,confirmed
AT-E037-2026-09-04,E037,2026-09-04,DAY,worked,480,0,0,E014,E015,ATT-SEP-V1,confirmed
AT-E037-2026-09-05,E037,2026-09-05,DAY,worked,480,0,0,E014,E015,ATT-SEP-V1,confirmed
AT-E037-2026-09-07,E037,2026-09-07,DAY,worked,480,0,0,E014,E015,ATT-SEP-V1,confirmed
AT-E037-2026-09-08,E037,2026-09-08,DAY,worked,480,0,0,E014,E015,ATT-SEP-V1,confirmed
AT-E037-2026-09-09,E037,2026-09-09,DAY,worked,480,0,0,E014,E015,ATT-SEP-V1,confirmed
AT-E037-2026-09-10,E037,2026-09-10,DAY,worked,480,0,0,E014,E015,ATT-SEP-V1,confirmed
AT-E037-2026-09-11,E037,2026-09-11,DAY,worked,480,0,0,E014,E015,ATT-SEP-V1,confirmed
AT-E037-2026-09-12,E037,2026-09-12,DAY,worked,480,0,0,E014,E015,ATT-SEP-V1,confirmed
AT-E037-2026-09-14,E037,2026-09-14,DAY,worked,480,0,0,E014,E015,ATT-SEP-V1,confirmed
AT-E037-2026-09-15,E037,2026-09-15,DAY,worked,480,0,0,E014,E015,ATT-SEP-V1,confirmed
AT-E037-2026-09-16,E037,2026-09-16,DAY,worked,480,0,0,E014,E015,ATT-SEP-V1,confirmed
AT-E037-2026-09-17,E037,2026-09-17,DAY,worked,480,0,0,E014,E015,ATT-SEP-V1,confirmed
AT-E037-2026-09-18,E037,2026-09-18,DAY,worked,480,0,0,E014,E015,ATT-SEP-V1,confirmed
AT-E037-2026-09-19,E037,2026-09-19,DAY,worked,480,0,0,E014,E015,ATT-SEP-V1,confirmed
AT-E037-2026-09-21,E037,2026-09-21,DAY,worked,480,0,0,E014,E015,ATT-SEP-V1,confirmed
AT-E037-2026-09-22,E037,2026-09-22,DAY,worked,480,0,0,E014,E015,ATT-SEP-V1,confirmed
AT-E037-2026-09-23,E037,2026-09-23,DAY,worked,480,0,0,E014,E015,ATT-SEP-V1,confirmed
AT-E037-2026-09-24,E037,2026-09-24,DAY,worked,480,0,0,E014,E015,ATT-SEP-V1,confirmed
AT-E037-2026-09-25,E037,2026-09-25,DAY,worked,480,0,0,E014,E015,ATT-SEP-V1,confirmed
AT-E037-2026-09-26,E037,2026-09-26,DAY,worked,480,0,0,E014,E015,ATT-SEP-V1,confirmed
AT-E037-2026-09-28,E037,2026-09-28,DAY,worked,480,0,0,E014,E015,ATT-SEP-V1,confirmed
AT-E037-2026-09-29,E037,2026-09-29,DAY,worked,480,0,0,E014,E015,ATT-SEP-V1,confirmed
AT-E037-2026-09-30,E037,2026-09-30,DAY,worked,480,0,0,E014,E015,ATT-SEP-V1,confirmed
AT-E038-2026-09-01,E038,2026-09-01,DAY,worked,480,0,0,E014,E015,ATT-SEP-V1,confirmed
AT-E038-2026-09-02,E038,2026-09-02,DAY,worked,480,0,0,E014,E015,ATT-SEP-V1,confirmed
AT-E038-2026-09-03,E038,2026-09-03,DAY,worked,480,0,0,E014,E015,ATT-SEP-V1,confirmed
AT-E038-2026-09-04,E038,2026-09-04,DAY,worked,480,0,0,E014,E015,ATT-SEP-V1,confirmed
AT-E038-2026-09-05,E038,2026-09-05,DAY,worked,480,0,0,E014,E015,ATT-SEP-V1,confirmed
AT-E038-2026-09-07,E038,2026-09-07,DAY,worked,480,0,0,E014,E015,ATT-SEP-V1,confirmed
AT-E038-2026-09-08,E038,2026-09-08,DAY,worked,480,0,0,E014,E015,ATT-SEP-V1,confirmed
AT-E038-2026-09-09,E038,2026-09-09,DAY,worked,480,0,0,E014,E015,ATT-SEP-V1,confirmed
AT-E038-2026-09-10,E038,2026-09-10,DAY,worked,480,0,0,E014,E015,ATT-SEP-V1,confirmed
AT-E038-2026-09-11,E038,2026-09-11,DAY,worked,480,0,0,E014,E015,ATT-SEP-V1,confirmed
AT-E038-2026-09-12,E038,2026-09-12,DAY,worked,480,0,0,E014,E015,ATT-SEP-V1,confirmed
AT-E038-2026-09-14,E038,2026-09-14,DAY,worked,480,0,0,E014,E015,ATT-SEP-V1,confirmed
AT-E038-2026-09-15,E038,2026-09-15,DAY,worked,480,0,0,E014,E015,ATT-SEP-V1,confirmed
AT-E038-2026-09-16,E038,2026-09-16,DAY,worked,480,0,0,E014,E015,ATT-SEP-V1,confirmed
AT-E038-2026-09-17,E038,2026-09-17,DAY,worked,480,0,0,E014,E015,ATT-SEP-V1,confirmed
AT-E038-2026-09-18,E038,2026-09-18,DAY,worked,480,0,0,E014,E015,ATT-SEP-V1,confirmed
AT-E038-2026-09-19,E038,2026-09-19,DAY,worked,480,0,0,E014,E015,ATT-SEP-V1,confirmed
AT-E038-2026-09-21,E038,2026-09-21,DAY,worked,480,0,0,E014,E015,ATT-SEP-V1,confirmed
AT-E038-2026-09-22,E038,2026-09-22,DAY,worked,480,0,0,E014,E015,ATT-SEP-V1,confirmed
AT-E038-2026-09-23,E038,2026-09-23,DAY,worked,480,0,0,E014,E015,ATT-SEP-V1,confirmed
AT-E038-2026-09-24,E038,2026-09-24,DAY,worked,480,0,0,E014,E015,ATT-SEP-V1,confirmed
AT-E038-2026-09-25,E038,2026-09-25,DAY,worked,480,0,0,E014,E015,ATT-SEP-V1,confirmed
AT-E038-2026-09-26,E038,2026-09-26,DAY,worked,480,0,0,E014,E015,ATT-SEP-V1,confirmed
AT-E038-2026-09-28,E038,2026-09-28,DAY,worked,480,0,0,E014,E015,ATT-SEP-V1,confirmed
AT-E038-2026-09-29,E038,2026-09-29,DAY,worked,480,0,0,E014,E015,ATT-SEP-V1,confirmed
AT-E038-2026-09-30,E038,2026-09-30,DAY,worked,480,0,0,E014,E015,ATT-SEP-V1,confirmed
AT-E039-2026-09-01,E039,2026-09-01,DAY,worked,480,0,0,E014,E015,ATT-SEP-V1,confirmed
AT-E039-2026-09-02,E039,2026-09-02,DAY,worked,480,0,0,E014,E015,ATT-SEP-V1,confirmed
AT-E039-2026-09-03,E039,2026-09-03,DAY,worked,480,0,0,E014,E015,ATT-SEP-V1,confirmed
AT-E039-2026-09-04,E039,2026-09-04,DAY,worked,480,0,0,E014,E015,ATT-SEP-V1,confirmed
AT-E039-2026-09-05,E039,2026-09-05,DAY,worked,480,0,0,E014,E015,ATT-SEP-V1,confirmed
AT-E039-2026-09-07,E039,2026-09-07,DAY,worked,480,0,0,E014,E015,ATT-SEP-V1,confirmed
AT-E039-2026-09-08,E039,2026-09-08,DAY,worked,480,0,0,E014,E015,ATT-SEP-V1,confirmed
AT-E039-2026-09-09,E039,2026-09-09,DAY,worked,480,0,0,E014,E015,ATT-SEP-V1,confirmed
AT-E039-2026-09-10,E039,2026-09-10,DAY,worked,480,0,0,E014,E015,ATT-SEP-V1,confirmed
AT-E039-2026-09-11,E039,2026-09-11,DAY,worked,480,0,0,E014,E015,ATT-SEP-V1,confirmed
AT-E039-2026-09-12,E039,2026-09-12,DAY,worked,480,0,0,E014,E015,ATT-SEP-V1,confirmed
AT-E039-2026-09-14,E039,2026-09-14,DAY,worked,480,0,0,E014,E015,ATT-SEP-V1,confirmed
AT-E039-2026-09-15,E039,2026-09-15,DAY,worked,480,0,0,E014,E015,ATT-SEP-V1,confirmed
AT-E039-2026-09-16,E039,2026-09-16,DAY,worked,480,0,0,E014,E015,ATT-SEP-V1,confirmed
AT-E039-2026-09-17,E039,2026-09-17,DAY,worked,480,0,0,E014,E015,ATT-SEP-V1,confirmed
AT-E039-2026-09-18,E039,2026-09-18,DAY,worked,480,0,0,E014,E015,ATT-SEP-V1,confirmed
AT-E039-2026-09-19,E039,2026-09-19,DAY,worked,480,0,0,E014,E015,ATT-SEP-V1,confirmed
AT-E039-2026-09-21,E039,2026-09-21,DAY,worked,480,0,0,E014,E015,ATT-SEP-V1,confirmed
AT-E039-2026-09-22,E039,2026-09-22,DAY,worked,480,0,0,E014,E015,ATT-SEP-V1,confirmed
AT-E039-2026-09-23,E039,2026-09-23,DAY,worked,480,0,0,E014,E015,ATT-SEP-V1,confirmed
AT-E039-2026-09-24,E039,2026-09-24,DAY,worked,480,0,0,E014,E015,ATT-SEP-V1,confirmed
AT-E039-2026-09-25,E039,2026-09-25,DAY,worked,480,0,0,E014,E015,ATT-SEP-V1,confirmed
AT-E039-2026-09-26,E039,2026-09-26,DAY,worked,480,0,0,E014,E015,ATT-SEP-V1,confirmed
AT-E039-2026-09-28,E039,2026-09-28,DAY,worked,480,0,0,E014,E015,ATT-SEP-V1,confirmed
AT-E039-2026-09-29,E039,2026-09-29,DAY,worked,480,0,0,E014,E015,ATT-SEP-V1,confirmed
AT-E039-2026-09-30,E039,2026-09-30,DAY,worked,480,0,0,E014,E015,ATT-SEP-V1,confirmed
AT-E040-2026-09-01,E040,2026-09-01,DAY,worked,480,0,0,E014,E015,ATT-SEP-V1,confirmed
AT-E040-2026-09-02,E040,2026-09-02,DAY,worked,480,0,0,E014,E015,ATT-SEP-V1,confirmed
AT-E040-2026-09-03,E040,2026-09-03,DAY,worked,480,0,0,E014,E015,ATT-SEP-V1,confirmed
AT-E040-2026-09-04,E040,2026-09-04,DAY,worked,480,0,0,E014,E015,ATT-SEP-V1,confirmed
AT-E040-2026-09-05,E040,2026-09-05,DAY,worked,480,0,0,E014,E015,ATT-SEP-V1,confirmed
AT-E040-2026-09-07,E040,2026-09-07,DAY,worked,480,0,0,E014,E015,ATT-SEP-V1,confirmed
AT-E040-2026-09-08,E040,2026-09-08,DAY,worked,480,0,0,E014,E015,ATT-SEP-V1,confirmed
AT-E040-2026-09-09,E040,2026-09-09,DAY,worked,480,0,0,E014,E015,ATT-SEP-V1,confirmed
AT-E040-2026-09-10,E040,2026-09-10,DAY,worked,480,0,0,E014,E015,ATT-SEP-V1,confirmed
AT-E040-2026-09-11,E040,2026-09-11,DAY,worked,480,0,0,E014,E015,ATT-SEP-V1,confirmed
AT-E040-2026-09-12,E040,2026-09-12,DAY,worked,480,0,0,E014,E015,ATT-SEP-V1,confirmed
AT-E040-2026-09-14,E040,2026-09-14,DAY,worked,480,0,0,E014,E015,ATT-SEP-V1,confirmed
AT-E040-2026-09-15,E040,2026-09-15,DAY,worked,480,0,0,E014,E015,ATT-SEP-V1,confirmed
AT-E040-2026-09-16,E040,2026-09-16,DAY,worked,480,0,0,E014,E015,ATT-SEP-V1,confirmed
AT-E040-2026-09-17,E040,2026-09-17,DAY,worked,480,0,0,E014,E015,ATT-SEP-V1,confirmed
AT-E040-2026-09-18,E040,2026-09-18,DAY,worked,480,0,0,E014,E015,ATT-SEP-V1,confirmed
AT-E040-2026-09-19,E040,2026-09-19,DAY,worked,480,0,0,E014,E015,ATT-SEP-V1,confirmed
AT-E040-2026-09-21,E040,2026-09-21,DAY,worked,480,0,0,E014,E015,ATT-SEP-V1,confirmed
AT-E040-2026-09-22,E040,2026-09-22,DAY,worked,480,0,0,E014,E015,ATT-SEP-V1,confirmed
AT-E040-2026-09-23,E040,2026-09-23,DAY,worked,480,0,0,E014,E015,ATT-SEP-V1,confirmed
AT-E040-2026-09-24,E040,2026-09-24,DAY,worked,480,0,0,E014,E015,ATT-SEP-V1,confirmed
AT-E040-2026-09-25,E040,2026-09-25,DAY,worked,480,0,0,E014,E015,ATT-SEP-V1,confirmed
AT-E040-2026-09-26,E040,2026-09-26,DAY,worked,480,0,0,E014,E015,ATT-SEP-V1,confirmed
AT-E040-2026-09-28,E040,2026-09-28,DAY,worked,480,0,0,E014,E015,ATT-SEP-V1,confirmed
AT-E040-2026-09-29,E040,2026-09-29,DAY,worked,480,0,0,E014,E015,ATT-SEP-V1,confirmed
AT-E040-2026-09-30,E040,2026-09-30,DAY,worked,480,0,0,E014,E015,ATT-SEP-V1,confirmed
AT-E041-2026-09-01,E041,2026-09-01,DAY,worked,480,0,0,E047,E001,ATT-SEP-V1,confirmed
AT-E041-2026-09-02,E041,2026-09-02,DAY,worked,480,0,0,E047,E001,ATT-SEP-V1,confirmed
AT-E041-2026-09-03,E041,2026-09-03,DAY,worked,480,0,0,E047,E001,ATT-SEP-V1,confirmed
AT-E041-2026-09-04,E041,2026-09-04,DAY,worked,480,0,0,E047,E001,ATT-SEP-V1,confirmed
AT-E041-2026-09-05,E041,2026-09-05,DAY,worked,480,0,0,E047,E001,ATT-SEP-V1,confirmed
AT-E041-2026-09-07,E041,2026-09-07,DAY,worked,480,0,0,E047,E001,ATT-SEP-V1,confirmed
AT-E041-2026-09-08,E041,2026-09-08,DAY,worked,480,0,0,E047,E001,ATT-SEP-V1,confirmed
AT-E041-2026-09-09,E041,2026-09-09,DAY,worked,480,0,0,E047,E001,ATT-SEP-V1,confirmed
AT-E041-2026-09-10,E041,2026-09-10,DAY,worked,480,0,0,E047,E001,ATT-SEP-V1,confirmed
AT-E041-2026-09-11,E041,2026-09-11,DAY,worked,480,0,0,E047,E001,ATT-SEP-V1,confirmed
AT-E041-2026-09-12,E041,2026-09-12,DAY,worked,480,0,0,E047,E001,ATT-SEP-V1,confirmed
AT-E041-2026-09-14,E041,2026-09-14,DAY,worked,480,0,0,E047,E001,ATT-SEP-V1,confirmed
AT-E041-2026-09-15,E041,2026-09-15,DAY,worked,480,0,0,E047,E001,ATT-SEP-V1,confirmed
AT-E041-2026-09-16,E041,2026-09-16,DAY,worked,480,0,0,E047,E001,ATT-SEP-V1,confirmed
AT-E041-2026-09-17,E041,2026-09-17,DAY,worked,480,0,0,E047,E001,ATT-SEP-V1,confirmed
AT-E041-2026-09-18,E041,2026-09-18,DAY,worked,480,0,0,E047,E001,ATT-SEP-V1,confirmed
AT-E041-2026-09-19,E041,2026-09-19,DAY,worked,480,0,0,E047,E001,ATT-SEP-V1,confirmed
AT-E041-2026-09-21,E041,2026-09-21,DAY,worked,480,0,0,E047,E001,ATT-SEP-V1,confirmed
AT-E041-2026-09-22,E041,2026-09-22,DAY,worked,480,0,0,E047,E001,ATT-SEP-V1,confirmed
AT-E041-2026-09-23,E041,2026-09-23,DAY,worked,480,0,0,E047,E001,ATT-SEP-V1,confirmed
AT-E041-2026-09-24,E041,2026-09-24,DAY,worked,480,0,0,E047,E001,ATT-SEP-V1,confirmed
AT-E041-2026-09-25,E041,2026-09-25,DAY,worked,480,0,0,E047,E001,ATT-SEP-V1,confirmed
AT-E041-2026-09-26,E041,2026-09-26,DAY,worked,480,0,0,E047,E001,ATT-SEP-V1,confirmed
AT-E041-2026-09-28,E041,2026-09-28,DAY,worked,480,0,0,E047,E001,ATT-SEP-V1,confirmed
AT-E041-2026-09-29,E041,2026-09-29,DAY,worked,480,0,0,E047,E001,ATT-SEP-V1,confirmed
AT-E041-2026-09-30,E041,2026-09-30,DAY,worked,480,0,0,E047,E001,ATT-SEP-V1,confirmed
AT-E042-2026-09-01,E042,2026-09-01,DAY,worked,480,0,0,E047,E041,ATT-SEP-V1,confirmed
AT-E042-2026-09-02,E042,2026-09-02,DAY,worked,480,0,0,E047,E041,ATT-SEP-V1,confirmed
AT-E042-2026-09-03,E042,2026-09-03,DAY,worked,480,0,0,E047,E041,ATT-SEP-V1,confirmed
AT-E042-2026-09-04,E042,2026-09-04,DAY,worked,480,0,0,E047,E041,ATT-SEP-V1,confirmed
AT-E042-2026-09-05,E042,2026-09-05,DAY,worked,480,0,0,E047,E041,ATT-SEP-V1,confirmed
AT-E042-2026-09-07,E042,2026-09-07,DAY,worked,480,0,0,E047,E041,ATT-SEP-V1,confirmed
AT-E042-2026-09-08,E042,2026-09-08,DAY,worked,480,0,0,E047,E041,ATT-SEP-V1,confirmed
AT-E042-2026-09-09,E042,2026-09-09,DAY,worked,480,0,0,E047,E041,ATT-SEP-V1,confirmed
AT-E042-2026-09-10,E042,2026-09-10,DAY,worked,480,0,0,E047,E041,ATT-SEP-V1,confirmed
AT-E042-2026-09-11,E042,2026-09-11,DAY,worked,480,0,0,E047,E041,ATT-SEP-V1,confirmed
AT-E042-2026-09-12,E042,2026-09-12,DAY,worked,480,0,0,E047,E041,ATT-SEP-V1,confirmed
AT-E042-2026-09-14,E042,2026-09-14,DAY,worked,480,0,0,E047,E041,ATT-SEP-V1,confirmed
AT-E042-2026-09-15,E042,2026-09-15,DAY,worked,480,0,0,E047,E041,ATT-SEP-V1,confirmed
AT-E042-2026-09-16,E042,2026-09-16,DAY,worked,480,0,0,E047,E041,ATT-SEP-V1,confirmed
AT-E042-2026-09-17,E042,2026-09-17,DAY,worked,480,0,0,E047,E041,ATT-SEP-V1,confirmed
AT-E042-2026-09-18,E042,2026-09-18,DAY,worked,480,0,0,E047,E041,ATT-SEP-V1,confirmed
AT-E042-2026-09-19,E042,2026-09-19,DAY,worked,480,0,0,E047,E041,ATT-SEP-V1,confirmed
AT-E042-2026-09-21,E042,2026-09-21,DAY,worked,480,0,0,E047,E041,ATT-SEP-V1,confirmed
AT-E042-2026-09-22,E042,2026-09-22,DAY,worked,480,0,0,E047,E041,ATT-SEP-V1,confirmed
AT-E042-2026-09-23,E042,2026-09-23,DAY,worked,480,0,0,E047,E041,ATT-SEP-V1,confirmed
AT-E042-2026-09-24,E042,2026-09-24,DAY,worked,480,0,0,E047,E041,ATT-SEP-V1,confirmed
AT-E042-2026-09-25,E042,2026-09-25,DAY,worked,480,0,0,E047,E041,ATT-SEP-V1,confirmed
AT-E042-2026-09-26,E042,2026-09-26,DAY,worked,480,0,0,E047,E041,ATT-SEP-V1,confirmed
AT-E042-2026-09-28,E042,2026-09-28,DAY,worked,480,0,0,E047,E041,ATT-SEP-V1,confirmed
AT-E042-2026-09-29,E042,2026-09-29,DAY,worked,480,0,0,E047,E041,ATT-SEP-V1,confirmed
AT-E042-2026-09-30,E042,2026-09-30,DAY,worked,480,0,0,E047,E041,ATT-SEP-V1,confirmed
AT-E043-2026-09-01,E043,2026-09-01,DAY,worked,480,0,0,E047,E041,ATT-SEP-V1,confirmed
AT-E043-2026-09-02,E043,2026-09-02,DAY,worked,480,0,0,E047,E041,ATT-SEP-V1,confirmed
AT-E043-2026-09-03,E043,2026-09-03,DAY,worked,480,0,0,E047,E041,ATT-SEP-V1,confirmed
AT-E043-2026-09-04,E043,2026-09-04,DAY,worked,480,0,0,E047,E041,ATT-SEP-V1,confirmed
AT-E043-2026-09-05,E043,2026-09-05,DAY,worked,480,0,0,E047,E041,ATT-SEP-V1,confirmed
AT-E043-2026-09-07,E043,2026-09-07,DAY,worked,480,0,0,E047,E041,ATT-SEP-V1,confirmed
AT-E043-2026-09-08,E043,2026-09-08,DAY,worked,480,0,0,E047,E041,ATT-SEP-V1,confirmed
AT-E043-2026-09-09,E043,2026-09-09,DAY,worked,480,0,0,E047,E041,ATT-SEP-V1,confirmed
AT-E043-2026-09-10,E043,2026-09-10,DAY,worked,480,0,0,E047,E041,ATT-SEP-V1,confirmed
AT-E043-2026-09-11,E043,2026-09-11,DAY,worked,480,0,0,E047,E041,ATT-SEP-V1,confirmed
AT-E043-2026-09-12,E043,2026-09-12,DAY,worked,480,0,0,E047,E041,ATT-SEP-V1,confirmed
AT-E043-2026-09-14,E043,2026-09-14,DAY,worked,480,0,0,E047,E041,ATT-SEP-V1,confirmed
AT-E043-2026-09-15,E043,2026-09-15,DAY,worked,480,0,0,E047,E041,ATT-SEP-V1,confirmed
AT-E043-2026-09-16,E043,2026-09-16,DAY,worked,480,0,0,E047,E041,ATT-SEP-V1,confirmed
AT-E043-2026-09-17,E043,2026-09-17,DAY,worked,480,0,0,E047,E041,ATT-SEP-V1,confirmed
AT-E043-2026-09-18,E043,2026-09-18,DAY,worked,480,0,0,E047,E041,ATT-SEP-V1,confirmed
AT-E043-2026-09-19,E043,2026-09-19,DAY,worked,480,0,0,E047,E041,ATT-SEP-V1,confirmed
AT-E043-2026-09-21,E043,2026-09-21,DAY,worked,480,0,0,E047,E041,ATT-SEP-V1,confirmed
AT-E043-2026-09-22,E043,2026-09-22,DAY,worked,480,0,0,E047,E041,ATT-SEP-V1,confirmed
AT-E043-2026-09-23,E043,2026-09-23,DAY,worked,480,0,0,E047,E041,ATT-SEP-V1,confirmed
AT-E043-2026-09-24,E043,2026-09-24,DAY,worked,480,0,0,E047,E041,ATT-SEP-V1,confirmed
AT-E043-2026-09-25,E043,2026-09-25,DAY,worked,480,0,0,E047,E041,ATT-SEP-V1,confirmed
AT-E043-2026-09-26,E043,2026-09-26,DAY,worked,480,0,0,E047,E041,ATT-SEP-V1,confirmed
AT-E043-2026-09-28,E043,2026-09-28,DAY,worked,480,0,0,E047,E041,ATT-SEP-V1,confirmed
AT-E043-2026-09-29,E043,2026-09-29,DAY,worked,480,0,0,E047,E041,ATT-SEP-V1,confirmed
AT-E043-2026-09-30,E043,2026-09-30,DAY,worked,480,0,0,E047,E041,ATT-SEP-V1,confirmed
AT-E044-2026-09-01,E044,2026-09-01,DAY,worked,480,0,0,E047,E001,ATT-SEP-V1,confirmed
AT-E044-2026-09-02,E044,2026-09-02,DAY,worked,480,0,0,E047,E001,ATT-SEP-V1,confirmed
AT-E044-2026-09-03,E044,2026-09-03,DAY,worked,480,0,0,E047,E001,ATT-SEP-V1,confirmed
AT-E044-2026-09-04,E044,2026-09-04,DAY,worked,480,0,0,E047,E001,ATT-SEP-V1,confirmed
AT-E044-2026-09-05,E044,2026-09-05,DAY,worked,480,0,0,E047,E001,ATT-SEP-V1,confirmed
AT-E044-2026-09-07,E044,2026-09-07,DAY,worked,480,0,0,E047,E001,ATT-SEP-V1,confirmed
AT-E044-2026-09-08,E044,2026-09-08,DAY,worked,480,0,0,E047,E001,ATT-SEP-V1,confirmed
AT-E044-2026-09-09,E044,2026-09-09,DAY,worked,480,0,0,E047,E001,ATT-SEP-V1,confirmed
AT-E044-2026-09-10,E044,2026-09-10,DAY,worked,480,0,0,E047,E001,ATT-SEP-V1,confirmed
AT-E044-2026-09-11,E044,2026-09-11,DAY,worked,480,0,0,E047,E001,ATT-SEP-V1,confirmed
AT-E044-2026-09-12,E044,2026-09-12,DAY,worked,480,0,0,E047,E001,ATT-SEP-V1,confirmed
AT-E044-2026-09-14,E044,2026-09-14,DAY,worked,480,0,0,E047,E001,ATT-SEP-V1,confirmed
AT-E044-2026-09-15,E044,2026-09-15,DAY,worked,480,0,0,E047,E001,ATT-SEP-V1,confirmed
AT-E044-2026-09-16,E044,2026-09-16,DAY,worked,480,0,0,E047,E001,ATT-SEP-V1,confirmed
AT-E044-2026-09-17,E044,2026-09-17,DAY,worked,480,0,0,E047,E001,ATT-SEP-V1,confirmed
AT-E044-2026-09-18,E044,2026-09-18,DAY,worked,480,0,0,E047,E001,ATT-SEP-V1,confirmed
AT-E044-2026-09-19,E044,2026-09-19,DAY,worked,480,0,0,E047,E001,ATT-SEP-V1,confirmed
AT-E044-2026-09-21,E044,2026-09-21,DAY,worked,480,0,0,E047,E001,ATT-SEP-V1,confirmed
AT-E044-2026-09-22,E044,2026-09-22,DAY,worked,480,0,0,E047,E001,ATT-SEP-V1,confirmed
AT-E044-2026-09-23,E044,2026-09-23,DAY,worked,480,0,0,E047,E001,ATT-SEP-V1,confirmed
AT-E044-2026-09-24,E044,2026-09-24,DAY,worked,480,0,0,E047,E001,ATT-SEP-V1,confirmed
AT-E044-2026-09-25,E044,2026-09-25,DAY,worked,480,0,0,E047,E001,ATT-SEP-V1,confirmed
AT-E044-2026-09-26,E044,2026-09-26,DAY,worked,480,0,0,E047,E001,ATT-SEP-V1,confirmed
AT-E044-2026-09-28,E044,2026-09-28,DAY,worked,480,0,0,E047,E001,ATT-SEP-V1,confirmed
AT-E044-2026-09-29,E044,2026-09-29,DAY,worked,480,0,0,E047,E001,ATT-SEP-V1,confirmed
AT-E044-2026-09-30,E044,2026-09-30,DAY,worked,480,0,0,E047,E001,ATT-SEP-V1,confirmed
AT-E045-2026-09-01,E045,2026-09-01,DAY,worked,480,0,0,E047,E044,ATT-SEP-V1,confirmed
AT-E045-2026-09-02,E045,2026-09-02,DAY,worked,480,0,0,E047,E044,ATT-SEP-V1,confirmed
AT-E045-2026-09-03,E045,2026-09-03,DAY,worked,480,0,0,E047,E044,ATT-SEP-V1,confirmed
AT-E045-2026-09-04,E045,2026-09-04,DAY,worked,480,0,0,E047,E044,ATT-SEP-V1,confirmed
AT-E045-2026-09-05,E045,2026-09-05,DAY,worked,480,0,0,E047,E044,ATT-SEP-V1,confirmed
AT-E045-2026-09-07,E045,2026-09-07,DAY,worked,480,0,0,E047,E044,ATT-SEP-V1,confirmed
AT-E045-2026-09-08,E045,2026-09-08,DAY,worked,480,0,0,E047,E044,ATT-SEP-V1,confirmed
AT-E045-2026-09-09,E045,2026-09-09,DAY,worked,480,0,0,E047,E044,ATT-SEP-V1,confirmed
AT-E045-2026-09-10,E045,2026-09-10,DAY,worked,480,0,0,E047,E044,ATT-SEP-V1,confirmed
AT-E045-2026-09-11,E045,2026-09-11,DAY,worked,480,0,0,E047,E044,ATT-SEP-V1,confirmed
AT-E045-2026-09-12,E045,2026-09-12,DAY,worked,480,0,0,E047,E044,ATT-SEP-V1,confirmed
AT-E045-2026-09-14,E045,2026-09-14,DAY,worked,480,0,0,E047,E044,ATT-SEP-V1,confirmed
AT-E045-2026-09-15,E045,2026-09-15,DAY,worked,480,0,0,E047,E044,ATT-SEP-V1,confirmed
AT-E045-2026-09-16,E045,2026-09-16,DAY,worked,480,0,0,E047,E044,ATT-SEP-V1,confirmed
AT-E045-2026-09-17,E045,2026-09-17,DAY,worked,480,0,0,E047,E044,ATT-SEP-V1,confirmed
AT-E045-2026-09-18,E045,2026-09-18,DAY,worked,480,0,0,E047,E044,ATT-SEP-V1,confirmed
AT-E045-2026-09-19,E045,2026-09-19,DAY,worked,480,0,0,E047,E044,ATT-SEP-V1,confirmed
AT-E045-2026-09-21,E045,2026-09-21,DAY,worked,480,0,0,E047,E044,ATT-SEP-V1,confirmed
AT-E045-2026-09-22,E045,2026-09-22,DAY,worked,480,0,0,E047,E044,ATT-SEP-V1,confirmed
AT-E045-2026-09-23,E045,2026-09-23,DAY,worked,480,0,0,E047,E044,ATT-SEP-V1,confirmed
AT-E045-2026-09-24,E045,2026-09-24,DAY,worked,480,0,0,E047,E044,ATT-SEP-V1,confirmed
AT-E045-2026-09-25,E045,2026-09-25,DAY,worked,480,0,0,E047,E044,ATT-SEP-V1,confirmed
AT-E045-2026-09-26,E045,2026-09-26,DAY,worked,480,0,0,E047,E044,ATT-SEP-V1,confirmed
AT-E045-2026-09-28,E045,2026-09-28,DAY,worked,480,0,0,E047,E044,ATT-SEP-V1,confirmed
AT-E045-2026-09-29,E045,2026-09-29,DAY,worked,480,0,0,E047,E044,ATT-SEP-V1,confirmed
AT-E045-2026-09-30,E045,2026-09-30,DAY,worked,480,0,0,E047,E044,ATT-SEP-V1,confirmed
AT-E046-2026-09-01,E046,2026-09-01,DAY,worked,480,0,0,E047,E044,ATT-SEP-V1,confirmed
AT-E046-2026-09-02,E046,2026-09-02,DAY,worked,480,0,0,E047,E044,ATT-SEP-V1,confirmed
AT-E046-2026-09-03,E046,2026-09-03,DAY,worked,480,0,0,E047,E044,ATT-SEP-V1,confirmed
AT-E046-2026-09-04,E046,2026-09-04,DAY,worked,480,0,0,E047,E044,ATT-SEP-V1,confirmed
AT-E046-2026-09-05,E046,2026-09-05,DAY,worked,480,0,0,E047,E044,ATT-SEP-V1,confirmed
AT-E046-2026-09-07,E046,2026-09-07,DAY,worked,480,0,0,E047,E044,ATT-SEP-V1,confirmed
AT-E046-2026-09-08,E046,2026-09-08,DAY,worked,480,0,0,E047,E044,ATT-SEP-V1,confirmed
AT-E046-2026-09-09,E046,2026-09-09,DAY,worked,480,0,0,E047,E044,ATT-SEP-V1,confirmed
AT-E046-2026-09-10,E046,2026-09-10,DAY,worked,480,0,0,E047,E044,ATT-SEP-V1,confirmed
AT-E046-2026-09-11,E046,2026-09-11,DAY,worked,480,0,0,E047,E044,ATT-SEP-V1,confirmed
AT-E046-2026-09-12,E046,2026-09-12,DAY,worked,480,0,0,E047,E044,ATT-SEP-V1,confirmed
AT-E046-2026-09-14,E046,2026-09-14,DAY,worked,480,0,0,E047,E044,ATT-SEP-V1,confirmed
AT-E046-2026-09-15,E046,2026-09-15,DAY,worked,480,0,0,E047,E044,ATT-SEP-V1,confirmed
AT-E046-2026-09-16,E046,2026-09-16,DAY,worked,480,0,0,E047,E044,ATT-SEP-V1,confirmed
AT-E046-2026-09-17,E046,2026-09-17,DAY,worked,480,0,0,E047,E044,ATT-SEP-V1,confirmed
AT-E046-2026-09-18,E046,2026-09-18,DAY,worked,480,0,0,E047,E044,ATT-SEP-V1,confirmed
AT-E046-2026-09-19,E046,2026-09-19,DAY,worked,480,0,0,E047,E044,ATT-SEP-V1,confirmed
AT-E046-2026-09-21,E046,2026-09-21,DAY,worked,480,0,0,E047,E044,ATT-SEP-V1,confirmed
AT-E046-2026-09-22,E046,2026-09-22,DAY,worked,480,0,0,E047,E044,ATT-SEP-V1,confirmed
AT-E046-2026-09-23,E046,2026-09-23,DAY,worked,480,0,0,E047,E044,ATT-SEP-V1,confirmed
AT-E046-2026-09-24,E046,2026-09-24,DAY,worked,480,0,0,E047,E044,ATT-SEP-V1,confirmed
AT-E046-2026-09-25,E046,2026-09-25,DAY,worked,480,0,0,E047,E044,ATT-SEP-V1,confirmed
AT-E046-2026-09-26,E046,2026-09-26,DAY,worked,480,0,0,E047,E044,ATT-SEP-V1,confirmed
AT-E046-2026-09-28,E046,2026-09-28,DAY,worked,480,0,0,E047,E044,ATT-SEP-V1,confirmed
AT-E046-2026-09-29,E046,2026-09-29,DAY,worked,480,0,0,E047,E044,ATT-SEP-V1,confirmed
AT-E046-2026-09-30,E046,2026-09-30,DAY,worked,480,0,0,E047,E044,ATT-SEP-V1,confirmed
AT-E047-2026-09-01,E047,2026-09-01,DAY,worked,480,0,0,E047,E001,ATT-SEP-V1,confirmed
AT-E047-2026-09-02,E047,2026-09-02,DAY,worked,480,0,0,E047,E001,ATT-SEP-V1,confirmed
AT-E047-2026-09-03,E047,2026-09-03,DAY,worked,480,0,0,E047,E001,ATT-SEP-V1,confirmed
AT-E047-2026-09-04,E047,2026-09-04,DAY,worked,480,0,0,E047,E001,ATT-SEP-V1,confirmed
AT-E047-2026-09-05,E047,2026-09-05,DAY,worked,480,0,0,E047,E001,ATT-SEP-V1,confirmed
AT-E047-2026-09-07,E047,2026-09-07,DAY,worked,480,0,0,E047,E001,ATT-SEP-V1,confirmed
AT-E047-2026-09-08,E047,2026-09-08,DAY,worked,480,0,0,E047,E001,ATT-SEP-V1,confirmed
AT-E047-2026-09-09,E047,2026-09-09,DAY,worked,480,0,0,E047,E001,ATT-SEP-V1,confirmed
AT-E047-2026-09-10,E047,2026-09-10,DAY,worked,480,0,0,E047,E001,ATT-SEP-V1,confirmed
AT-E047-2026-09-11,E047,2026-09-11,DAY,worked,480,0,0,E047,E001,ATT-SEP-V1,confirmed
AT-E047-2026-09-12,E047,2026-09-12,DAY,worked,480,0,0,E047,E001,ATT-SEP-V1,confirmed
AT-E047-2026-09-14,E047,2026-09-14,DAY,worked,480,0,0,E047,E001,ATT-SEP-V1,confirmed
AT-E047-2026-09-15,E047,2026-09-15,DAY,worked,480,0,0,E047,E001,ATT-SEP-V1,confirmed
AT-E047-2026-09-16,E047,2026-09-16,DAY,worked,480,0,0,E047,E001,ATT-SEP-V1,confirmed
AT-E047-2026-09-17,E047,2026-09-17,DAY,worked,480,0,0,E047,E001,ATT-SEP-V1,confirmed
AT-E047-2026-09-18,E047,2026-09-18,DAY,worked,480,0,0,E047,E001,ATT-SEP-V1,confirmed
AT-E047-2026-09-19,E047,2026-09-19,DAY,worked,480,0,0,E047,E001,ATT-SEP-V1,confirmed
AT-E047-2026-09-21,E047,2026-09-21,DAY,worked,480,0,0,E047,E001,ATT-SEP-V1,confirmed
AT-E047-2026-09-22,E047,2026-09-22,DAY,worked,480,0,0,E047,E001,ATT-SEP-V1,confirmed
AT-E047-2026-09-23,E047,2026-09-23,DAY,worked,480,0,0,E047,E001,ATT-SEP-V1,confirmed
AT-E047-2026-09-24,E047,2026-09-24,DAY,worked,480,0,0,E047,E001,ATT-SEP-V1,confirmed
AT-E047-2026-09-25,E047,2026-09-25,DAY,worked,480,0,0,E047,E001,ATT-SEP-V1,confirmed
AT-E047-2026-09-26,E047,2026-09-26,DAY,worked,480,0,0,E047,E001,ATT-SEP-V1,confirmed
AT-E047-2026-09-28,E047,2026-09-28,DAY,worked,480,0,0,E047,E001,ATT-SEP-V1,confirmed
AT-E047-2026-09-29,E047,2026-09-29,DAY,worked,480,0,0,E047,E001,ATT-SEP-V1,confirmed
AT-E047-2026-09-30,E047,2026-09-30,DAY,worked,480,0,0,E047,E001,ATT-SEP-V1,confirmed
AT-E048-2026-09-01,E048,2026-09-01,DAY,worked,480,0,0,E047,E047,ATT-SEP-V1,confirmed
AT-E048-2026-09-02,E048,2026-09-02,DAY,worked,480,0,0,E047,E047,ATT-SEP-V1,confirmed
AT-E048-2026-09-03,E048,2026-09-03,DAY,worked,480,0,0,E047,E047,ATT-SEP-V1,confirmed
AT-E048-2026-09-04,E048,2026-09-04,DAY,worked,480,0,0,E047,E047,ATT-SEP-V1,confirmed
AT-E048-2026-09-05,E048,2026-09-05,DAY,worked,480,0,0,E047,E047,ATT-SEP-V1,confirmed
AT-E048-2026-09-07,E048,2026-09-07,DAY,worked,480,0,0,E047,E047,ATT-SEP-V1,confirmed
AT-E048-2026-09-08,E048,2026-09-08,DAY,worked,480,0,0,E047,E047,ATT-SEP-V1,confirmed
AT-E048-2026-09-09,E048,2026-09-09,DAY,worked,480,0,0,E047,E047,ATT-SEP-V1,confirmed
AT-E048-2026-09-10,E048,2026-09-10,DAY,worked,480,0,0,E047,E047,ATT-SEP-V1,confirmed
AT-E048-2026-09-11,E048,2026-09-11,DAY,worked,480,0,0,E047,E047,ATT-SEP-V1,confirmed
AT-E048-2026-09-12,E048,2026-09-12,DAY,worked,480,0,0,E047,E047,ATT-SEP-V1,confirmed
AT-E048-2026-09-14,E048,2026-09-14,DAY,worked,480,0,0,E047,E047,ATT-SEP-V1,confirmed
AT-E048-2026-09-15,E048,2026-09-15,DAY,worked,480,0,0,E047,E047,ATT-SEP-V1,confirmed
AT-E048-2026-09-16,E048,2026-09-16,DAY,worked,480,0,0,E047,E047,ATT-SEP-V1,confirmed
AT-E048-2026-09-17,E048,2026-09-17,DAY,worked,480,0,0,E047,E047,ATT-SEP-V1,confirmed
AT-E048-2026-09-18,E048,2026-09-18,DAY,worked,480,0,0,E047,E047,ATT-SEP-V1,confirmed
AT-E048-2026-09-19,E048,2026-09-19,DAY,worked,480,0,0,E047,E047,ATT-SEP-V1,confirmed
AT-E048-2026-09-21,E048,2026-09-21,DAY,worked,480,0,0,E047,E047,ATT-SEP-V1,confirmed
AT-E048-2026-09-22,E048,2026-09-22,DAY,worked,480,0,0,E047,E047,ATT-SEP-V1,confirmed
AT-E048-2026-09-23,E048,2026-09-23,DAY,worked,480,0,0,E047,E047,ATT-SEP-V1,confirmed
AT-E048-2026-09-24,E048,2026-09-24,DAY,worked,480,0,0,E047,E047,ATT-SEP-V1,confirmed
AT-E048-2026-09-25,E048,2026-09-25,DAY,worked,480,0,0,E047,E047,ATT-SEP-V1,confirmed
AT-E048-2026-09-26,E048,2026-09-26,DAY,worked,480,0,0,E047,E047,ATT-SEP-V1,confirmed
AT-E048-2026-09-28,E048,2026-09-28,DAY,worked,480,0,0,E047,E047,ATT-SEP-V1,confirmed
AT-E048-2026-09-29,E048,2026-09-29,DAY,worked,480,0,0,E047,E047,ATT-SEP-V1,confirmed
AT-E048-2026-09-30,E048,2026-09-30,DAY,worked,480,0,0,E047,E047,ATT-SEP-V1,confirmed
AT-E049-2026-09-01,E049,2026-09-01,DAY,worked,480,0,0,E047,E047,ATT-SEP-V1,confirmed
AT-E049-2026-09-02,E049,2026-09-02,DAY,worked,480,0,0,E047,E047,ATT-SEP-V1,confirmed
AT-E049-2026-09-03,E049,2026-09-03,DAY,worked,480,0,0,E047,E047,ATT-SEP-V1,confirmed
AT-E049-2026-09-04,E049,2026-09-04,DAY,worked,480,0,0,E047,E047,ATT-SEP-V1,confirmed
AT-E049-2026-09-05,E049,2026-09-05,DAY,worked,480,0,0,E047,E047,ATT-SEP-V1,confirmed
AT-E049-2026-09-07,E049,2026-09-07,DAY,worked,480,0,0,E047,E047,ATT-SEP-V1,confirmed
AT-E049-2026-09-08,E049,2026-09-08,DAY,worked,480,0,0,E047,E047,ATT-SEP-V1,confirmed
AT-E049-2026-09-09,E049,2026-09-09,DAY,worked,480,0,0,E047,E047,ATT-SEP-V1,confirmed
AT-E049-2026-09-10,E049,2026-09-10,DAY,worked,480,0,0,E047,E047,ATT-SEP-V1,confirmed
AT-E049-2026-09-11,E049,2026-09-11,DAY,worked,480,0,0,E047,E047,ATT-SEP-V1,confirmed
AT-E049-2026-09-12,E049,2026-09-12,DAY,worked,480,0,0,E047,E047,ATT-SEP-V1,confirmed
AT-E049-2026-09-14,E049,2026-09-14,DAY,worked,480,0,0,E047,E047,ATT-SEP-V1,confirmed
AT-E049-2026-09-15,E049,2026-09-15,DAY,worked,480,0,0,E047,E047,ATT-SEP-V1,confirmed
AT-E049-2026-09-16,E049,2026-09-16,DAY,worked,480,0,0,E047,E047,ATT-SEP-V1,confirmed
AT-E049-2026-09-17,E049,2026-09-17,DAY,worked,480,0,0,E047,E047,ATT-SEP-V1,confirmed
AT-E049-2026-09-18,E049,2026-09-18,DAY,worked,480,0,0,E047,E047,ATT-SEP-V1,confirmed
AT-E049-2026-09-19,E049,2026-09-19,DAY,worked,480,0,0,E047,E047,ATT-SEP-V1,confirmed
AT-E049-2026-09-21,E049,2026-09-21,DAY,worked,480,0,0,E047,E047,ATT-SEP-V1,confirmed
AT-E049-2026-09-22,E049,2026-09-22,DAY,worked,480,0,0,E047,E047,ATT-SEP-V1,confirmed
AT-E049-2026-09-23,E049,2026-09-23,DAY,worked,480,0,0,E047,E047,ATT-SEP-V1,confirmed
AT-E049-2026-09-24,E049,2026-09-24,DAY,worked,480,0,0,E047,E047,ATT-SEP-V1,confirmed
AT-E049-2026-09-25,E049,2026-09-25,DAY,worked,480,0,0,E047,E047,ATT-SEP-V1,confirmed
AT-E049-2026-09-26,E049,2026-09-26,DAY,worked,480,0,0,E047,E047,ATT-SEP-V1,confirmed
AT-E049-2026-09-28,E049,2026-09-28,DAY,worked,480,0,0,E047,E047,ATT-SEP-V1,confirmed
AT-E049-2026-09-29,E049,2026-09-29,DAY,worked,480,0,0,E047,E047,ATT-SEP-V1,confirmed
AT-E049-2026-09-30,E049,2026-09-30,DAY,worked,480,0,0,E047,E047,ATT-SEP-V1,confirmed
AT-E050-2026-09-01,E050,2026-09-01,DAY,worked,480,0,0,E047,E047,ATT-SEP-V1,confirmed
AT-E050-2026-09-02,E050,2026-09-02,DAY,worked,480,0,0,E047,E047,ATT-SEP-V1,confirmed
AT-E050-2026-09-03,E050,2026-09-03,DAY,worked,480,0,0,E047,E047,ATT-SEP-V1,confirmed
AT-E050-2026-09-04,E050,2026-09-04,DAY,worked,480,0,0,E047,E047,ATT-SEP-V1,confirmed
AT-E050-2026-09-05,E050,2026-09-05,DAY,worked,480,0,0,E047,E047,ATT-SEP-V1,confirmed
AT-E050-2026-09-07,E050,2026-09-07,DAY,worked,480,0,0,E047,E047,ATT-SEP-V1,confirmed
AT-E050-2026-09-08,E050,2026-09-08,DAY,worked,480,0,0,E047,E047,ATT-SEP-V1,confirmed
AT-E050-2026-09-09,E050,2026-09-09,DAY,worked,480,0,0,E047,E047,ATT-SEP-V1,confirmed
AT-E050-2026-09-10,E050,2026-09-10,DAY,worked,480,0,0,E047,E047,ATT-SEP-V1,confirmed
AT-E050-2026-09-11,E050,2026-09-11,DAY,worked,480,0,0,E047,E047,ATT-SEP-V1,confirmed
AT-E050-2026-09-12,E050,2026-09-12,DAY,worked,480,0,0,E047,E047,ATT-SEP-V1,confirmed
AT-E050-2026-09-14,E050,2026-09-14,DAY,worked,480,0,0,E047,E047,ATT-SEP-V1,confirmed
AT-E050-2026-09-15,E050,2026-09-15,DAY,worked,480,0,0,E047,E047,ATT-SEP-V1,confirmed
AT-E050-2026-09-16,E050,2026-09-16,DAY,worked,480,0,0,E047,E047,ATT-SEP-V1,confirmed
AT-E050-2026-09-17,E050,2026-09-17,DAY,worked,480,0,0,E047,E047,ATT-SEP-V1,confirmed
AT-E050-2026-09-18,E050,2026-09-18,DAY,worked,480,0,0,E047,E047,ATT-SEP-V1,confirmed
AT-E050-2026-09-19,E050,2026-09-19,DAY,worked,480,0,0,E047,E047,ATT-SEP-V1,confirmed
AT-E050-2026-09-21,E050,2026-09-21,DAY,worked,480,0,0,E047,E047,ATT-SEP-V1,confirmed
AT-E050-2026-09-22,E050,2026-09-22,DAY,worked,480,0,0,E047,E047,ATT-SEP-V1,confirmed
AT-E050-2026-09-23,E050,2026-09-23,DAY,worked,480,0,0,E047,E047,ATT-SEP-V1,confirmed
AT-E050-2026-09-24,E050,2026-09-24,DAY,worked,480,0,0,E047,E047,ATT-SEP-V1,confirmed
AT-E050-2026-09-25,E050,2026-09-25,DAY,worked,480,0,0,E047,E047,ATT-SEP-V1,confirmed
AT-E050-2026-09-26,E050,2026-09-26,DAY,worked,480,0,0,E047,E047,ATT-SEP-V1,confirmed
AT-E050-2026-09-28,E050,2026-09-28,DAY,worked,480,0,0,E047,E047,ATT-SEP-V1,confirmed
AT-E050-2026-09-29,E050,2026-09-29,DAY,worked,480,0,0,E047,E047,ATT-SEP-V1,confirmed
AT-E050-2026-09-30,E050,2026-09-30,DAY,worked,480,0,0,E047,E047,ATT-SEP-V1,confirmed
