bang_truoc_b29,truong_truoc_b29,bang_hien_hanh,truong_hien_hanh,cach_chuyen
dung_chung.doanh_nghiep,ma_dinh_danh,dung_chung.doanh_nghiep,ma_dinh_danh,Giữ dữ kiện/liên kết theo loại bản ghi và nguồn; số tổng không là đầu vào
dung_chung.doanh_nghiep,ma_nghiep_vu,dung_chung.doanh_nghiep,ma_nghiep_vu,Giữ dữ kiện/liên kết theo loại bản ghi và nguồn; số tổng không là đầu vào
dung_chung.doanh_nghiep,ten,dung_chung.doanh_nghiep,ten,Giữ dữ kiện/liên kết theo loại bản ghi và nguồn; số tổng không là đầu vào
dung_chung.doanh_nghiep,mui_gio,dung_chung.doanh_nghiep,mui_gio,Giữ dữ kiện/liên kết theo loại bản ghi và nguồn; số tổng không là đầu vào
dung_chung.doanh_nghiep,tien_te,dung_chung.doanh_nghiep,tien_te,Giữ dữ kiện/liên kết theo loại bản ghi và nguồn; số tổng không là đầu vào
dung_chung.doanh_nghiep,che_do,dung_chung.doanh_nghiep,che_do,Giữ dữ kiện/liên kết theo loại bản ghi và nguồn; số tổng không là đầu vào
dung_chung.doanh_nghiep,ma_bo_du_lieu,dung_chung.doanh_nghiep,ma_bo_du_lieu,Giữ dữ kiện/liên kết theo loại bản ghi và nguồn; số tổng không là đầu vào
dung_chung.doanh_nghiep,thoi_diem_tao,dung_chung.doanh_nghiep,thoi_diem_tao,Giữ dữ kiện/liên kết theo loại bản ghi và nguồn; số tổng không là đầu vào
dung_chung.doanh_nghiep,ma_tai_khoan_thuc_hien,dung_chung.doanh_nghiep,ma_tai_khoan_thuc_hien,Giữ dữ kiện/liên kết theo loại bản ghi và nguồn; số tổng không là đầu vào
dung_chung.doanh_nghiep,so_phien_ban_ghi_dong_thoi,dung_chung.doanh_nghiep,so_phien_ban_ghi_dong_thoi,Giữ dữ kiện/liên kết theo loại bản ghi và nguồn; số tổng không là đầu vào
dung_chung.bo_phan,ma_dinh_danh,dung_chung.bo_phan,ma_dinh_danh,Giữ dữ kiện/liên kết theo loại bản ghi và nguồn; số tổng không là đầu vào
dung_chung.bo_phan,ma_nghiep_vu,dung_chung.bo_phan,ma_nghiep_vu,Giữ dữ kiện/liên kết theo loại bản ghi và nguồn; số tổng không là đầu vào
dung_chung.bo_phan,ten,dung_chung.bo_phan,ten,Giữ dữ kiện/liên kết theo loại bản ghi và nguồn; số tổng không là đầu vào
dung_chung.bo_phan,dang_su_dung,dung_chung.bo_phan,dang_su_dung,Giữ dữ kiện/liên kết theo loại bản ghi và nguồn; số tổng không là đầu vào
dung_chung.bo_phan,ma_bo_du_lieu,dung_chung.bo_phan,ma_bo_du_lieu,Giữ dữ kiện/liên kết theo loại bản ghi và nguồn; số tổng không là đầu vào
dung_chung.bo_phan,ma_doanh_nghiep,dung_chung.bo_phan,ma_doanh_nghiep,Giữ dữ kiện/liên kết theo loại bản ghi và nguồn; số tổng không là đầu vào
dung_chung.bo_phan,thoi_diem_tao,dung_chung.bo_phan,thoi_diem_tao,Giữ dữ kiện/liên kết theo loại bản ghi và nguồn; số tổng không là đầu vào
dung_chung.bo_phan,ma_tai_khoan_thuc_hien,dung_chung.bo_phan,ma_tai_khoan_thuc_hien,Giữ dữ kiện/liên kết theo loại bản ghi và nguồn; số tổng không là đầu vào
dung_chung.bo_phan,so_phien_ban_ghi_dong_thoi,dung_chung.bo_phan,so_phien_ban_ghi_dong_thoi,Giữ dữ kiện/liên kết theo loại bản ghi và nguồn; số tổng không là đầu vào
dung_chung.vi_tri_giu_hang,ma_dinh_danh,dung_chung.vi_tri_giu_hang,ma_dinh_danh,Giữ dữ kiện/liên kết theo loại bản ghi và nguồn; số tổng không là đầu vào
dung_chung.vi_tri_giu_hang,ma_nghiep_vu,dung_chung.vi_tri_giu_hang,ma_nghiep_vu,Giữ dữ kiện/liên kết theo loại bản ghi và nguồn; số tổng không là đầu vào
dung_chung.vi_tri_giu_hang,loai,dung_chung.vi_tri_giu_hang,loai,Giữ dữ kiện/liên kết theo loại bản ghi và nguồn; số tổng không là đầu vào
dung_chung.vi_tri_giu_hang,ma_kho_vat_ly,dung_chung.vi_tri_giu_hang,ma_kho_vat_ly,Giữ dữ kiện/liên kết theo loại bản ghi và nguồn; số tổng không là đầu vào
dung_chung.vi_tri_giu_hang,dang_su_dung,dung_chung.vi_tri_giu_hang,dang_su_dung,Giữ dữ kiện/liên kết theo loại bản ghi và nguồn; số tổng không là đầu vào
dung_chung.vi_tri_giu_hang,ma_bo_du_lieu,dung_chung.vi_tri_giu_hang,ma_bo_du_lieu,Giữ dữ kiện/liên kết theo loại bản ghi và nguồn; số tổng không là đầu vào
dung_chung.vi_tri_giu_hang,ma_doanh_nghiep,dung_chung.vi_tri_giu_hang,ma_doanh_nghiep,Giữ dữ kiện/liên kết theo loại bản ghi và nguồn; số tổng không là đầu vào
dung_chung.vi_tri_giu_hang,thoi_diem_tao,dung_chung.vi_tri_giu_hang,thoi_diem_tao,Giữ dữ kiện/liên kết theo loại bản ghi và nguồn; số tổng không là đầu vào
dung_chung.vi_tri_giu_hang,ma_tai_khoan_thuc_hien,dung_chung.vi_tri_giu_hang,ma_tai_khoan_thuc_hien,Giữ dữ kiện/liên kết theo loại bản ghi và nguồn; số tổng không là đầu vào
dung_chung.vi_tri_giu_hang,so_phien_ban_ghi_dong_thoi,dung_chung.vi_tri_giu_hang,so_phien_ban_ghi_dong_thoi,Giữ dữ kiện/liên kết theo loại bản ghi và nguồn; số tổng không là đầu vào
dung_chung.don_vi_tinh,ma_dinh_danh,dung_chung.don_vi_tinh,ma_dinh_danh,Giữ dữ kiện/liên kết theo loại bản ghi và nguồn; số tổng không là đầu vào
dung_chung.don_vi_tinh,ma_nghiep_vu,dung_chung.don_vi_tinh,ma_nghiep_vu,Giữ dữ kiện/liên kết theo loại bản ghi và nguồn; số tổng không là đầu vào
dung_chung.don_vi_tinh,dai_luong,dung_chung.don_vi_tinh,dai_luong,Giữ dữ kiện/liên kết theo loại bản ghi và nguồn; số tổng không là đầu vào
dung_chung.don_vi_tinh,so_chu_so_thap_phan_duoc_phep,dung_chung.don_vi_tinh,so_chu_so_thap_phan_duoc_phep,Giữ dữ kiện/liên kết theo loại bản ghi và nguồn; số tổng không là đầu vào
dung_chung.don_vi_tinh,ma_bo_du_lieu,dung_chung.don_vi_tinh,ma_bo_du_lieu,Giữ dữ kiện/liên kết theo loại bản ghi và nguồn; số tổng không là đầu vào
dung_chung.don_vi_tinh,thoi_diem_tao,dung_chung.don_vi_tinh,thoi_diem_tao,Giữ dữ kiện/liên kết theo loại bản ghi và nguồn; số tổng không là đầu vào
dung_chung.don_vi_tinh,ma_tai_khoan_thuc_hien,dung_chung.don_vi_tinh,ma_tai_khoan_thuc_hien,Giữ dữ kiện/liên kết theo loại bản ghi và nguồn; số tổng không là đầu vào
dung_chung.don_vi_tinh,so_phien_ban_ghi_dong_thoi,dung_chung.don_vi_tinh,so_phien_ban_ghi_dong_thoi,Giữ dữ kiện/liên kết theo loại bản ghi và nguồn; số tổng không là đầu vào
dung_chung.chung_tu,ma_dinh_danh,dung_chung.chung_tu,ma_dinh_danh,Giữ dữ kiện/liên kết theo loại bản ghi và nguồn; số tổng không là đầu vào
dung_chung.chung_tu,ma_nghiep_vu,dung_chung.chung_tu,ma_nghiep_vu,Giữ dữ kiện/liên kết theo loại bản ghi và nguồn; số tổng không là đầu vào
dung_chung.chung_tu,loai,dung_chung.chung_tu,loai,Giữ dữ kiện/liên kết theo loại bản ghi và nguồn; số tổng không là đầu vào
dung_chung.chung_tu,so_phien_ban_chung_tu,dung_chung.chung_tu,so_phien_ban_chung_tu,Giữ dữ kiện/liên kết theo loại bản ghi và nguồn; số tổng không là đầu vào
dung_chung.chung_tu,trang_thai_phe_duyet,dung_chung.chung_tu,trang_thai_phe_duyet,Giữ dữ kiện/liên kết theo loại bản ghi và nguồn; số tổng không là đầu vào
dung_chung.chung_tu,thoi_diem_co_hieu_luc,dung_chung.chung_tu,thoi_diem_co_hieu_luc,Giữ dữ kiện/liên kết theo loại bản ghi và nguồn; số tổng không là đầu vào
dung_chung.chung_tu,thoi_diem_he_thong_ghi_nhan,dung_chung.chung_tu,thoi_diem_he_thong_ghi_nhan,Giữ dữ kiện/liên kết theo loại bản ghi và nguồn; số tổng không là đầu vào
dung_chung.chung_tu,so_phien_ban_ghi_dong_thoi,dung_chung.chung_tu,so_phien_ban_ghi_dong_thoi,Giữ dữ kiện/liên kết theo loại bản ghi và nguồn; số tổng không là đầu vào
dung_chung.chung_tu,ly_do,dung_chung.chung_tu,ly_do,Giữ dữ kiện/liên kết theo loại bản ghi và nguồn; số tổng không là đầu vào
dung_chung.chung_tu,ma_bo_du_lieu,dung_chung.chung_tu,ma_bo_du_lieu,Giữ dữ kiện/liên kết theo loại bản ghi và nguồn; số tổng không là đầu vào
dung_chung.chung_tu,ma_chung_tu_goc,dung_chung.chung_tu,ma_chung_tu_goc,Giữ dữ kiện/liên kết theo loại bản ghi và nguồn; số tổng không là đầu vào
dung_chung.chung_tu,ma_nhan_vien_phu_trach,dung_chung.chung_tu,ma_nhan_vien_phu_trach,Giữ dữ kiện/liên kết theo loại bản ghi và nguồn; số tổng không là đầu vào
dung_chung.chung_tu,ma_tai_khoan_lap_chung_tu,dung_chung.chung_tu,ma_tai_khoan_lap_chung_tu,Giữ dữ kiện/liên kết theo loại bản ghi và nguồn; số tổng không là đầu vào
dung_chung.chung_tu,thoi_diem_tao,dung_chung.chung_tu,thoi_diem_tao,Giữ dữ kiện/liên kết theo loại bản ghi và nguồn; số tổng không là đầu vào
dung_chung.chung_tu,ma_tai_khoan_thuc_hien,dung_chung.chung_tu,ma_tai_khoan_thuc_hien,Giữ dữ kiện/liên kết theo loại bản ghi và nguồn; số tổng không là đầu vào
dung_chung.dong_chung_tu,ma_dinh_danh,dung_chung.dong_chung_tu,ma_dinh_danh,Giữ dữ kiện/liên kết theo loại bản ghi và nguồn; số tổng không là đầu vào
dung_chung.dong_chung_tu,so_thu_tu_dong,dung_chung.dong_chung_tu,so_thu_tu_dong,Giữ dữ kiện/liên kết theo loại bản ghi và nguồn; số tổng không là đầu vào
dung_chung.dong_chung_tu,loai,dung_chung.dong_chung_tu,loai,Giữ dữ kiện/liên kết theo loại bản ghi và nguồn; số tổng không là đầu vào
dung_chung.dong_chung_tu,ma_bo_du_lieu,dung_chung.dong_chung_tu,ma_bo_du_lieu,Giữ dữ kiện/liên kết theo loại bản ghi và nguồn; số tổng không là đầu vào
dung_chung.dong_chung_tu,ma_phien_ban_chung_tu,dung_chung.dong_chung_tu,ma_phien_ban_chung_tu,Giữ dữ kiện/liên kết theo loại bản ghi và nguồn; số tổng không là đầu vào
dung_chung.dong_chung_tu,thoi_diem_tao,dung_chung.dong_chung_tu,thoi_diem_tao,Giữ dữ kiện/liên kết theo loại bản ghi và nguồn; số tổng không là đầu vào
dung_chung.dong_chung_tu,ma_tai_khoan_thuc_hien,dung_chung.dong_chung_tu,ma_tai_khoan_thuc_hien,Giữ dữ kiện/liên kết theo loại bản ghi và nguồn; số tổng không là đầu vào
dung_chung.dong_chung_tu,so_phien_ban_ghi_dong_thoi,dung_chung.dong_chung_tu,so_phien_ban_ghi_dong_thoi,Giữ dữ kiện/liên kết theo loại bản ghi và nguồn; số tổng không là đầu vào
dung_chung.lien_ket_chung_tu,ma_dinh_danh,dung_chung.lien_ket_chung_tu,ma_dinh_danh,Giữ dữ kiện/liên kết theo loại bản ghi và nguồn; số tổng không là đầu vào
dung_chung.lien_ket_chung_tu,quan_he,dung_chung.lien_ket_chung_tu,quan_he,Giữ dữ kiện/liên kết theo loại bản ghi và nguồn; số tổng không là đầu vào
dung_chung.lien_ket_chung_tu,ma_bo_du_lieu,dung_chung.lien_ket_chung_tu,ma_bo_du_lieu,Giữ dữ kiện/liên kết theo loại bản ghi và nguồn; số tổng không là đầu vào
dung_chung.lien_ket_chung_tu,ma_chung_tu_nguon_lien_ket,dung_chung.lien_ket_chung_tu,ma_chung_tu_nguon_lien_ket,Giữ dữ kiện/liên kết theo loại bản ghi và nguồn; số tổng không là đầu vào
dung_chung.lien_ket_chung_tu,ma_chung_tu_dich_lien_ket,dung_chung.lien_ket_chung_tu,ma_chung_tu_dich_lien_ket,Giữ dữ kiện/liên kết theo loại bản ghi và nguồn; số tổng không là đầu vào
dung_chung.lien_ket_chung_tu,thoi_diem_he_thong_ghi_nhan,dung_chung.lien_ket_chung_tu,thoi_diem_he_thong_ghi_nhan,Giữ dữ kiện/liên kết theo loại bản ghi và nguồn; số tổng không là đầu vào
dung_chung.lien_ket_chung_tu,ma_tai_khoan_thuc_hien,dung_chung.lien_ket_chung_tu,ma_tai_khoan_thuc_hien,Giữ dữ kiện/liên kết theo loại bản ghi và nguồn; số tổng không là đầu vào
dung_chung.de_nghi_va_quyet_dinh_phe_duyet,ma_dinh_danh,dung_chung.de_nghi_va_quyet_dinh_phe_duyet,ma_dinh_danh,Giữ dữ kiện/liên kết theo loại bản ghi và nguồn; số tổng không là đầu vào
dung_chung.de_nghi_va_quyet_dinh_phe_duyet,hanh_dong,dung_chung.de_nghi_va_quyet_dinh_phe_duyet,hanh_dong,Giữ dữ kiện/liên kết theo loại bản ghi và nguồn; số tổng không là đầu vào
dung_chung.de_nghi_va_quyet_dinh_phe_duyet,trang_thai_xu_ly,dung_chung.de_nghi_va_quyet_dinh_phe_duyet,trang_thai_xu_ly,Giữ dữ kiện/liên kết theo loại bản ghi và nguồn; số tổng không là đầu vào
dung_chung.de_nghi_va_quyet_dinh_phe_duyet,thoi_diem_de_nghi,dung_chung.de_nghi_va_quyet_dinh_phe_duyet,thoi_diem_de_nghi,Giữ dữ kiện/liên kết theo loại bản ghi và nguồn; số tổng không là đầu vào
dung_chung.de_nghi_va_quyet_dinh_phe_duyet,thoi_diem_quyet_dinh,dung_chung.de_nghi_va_quyet_dinh_phe_duyet,thoi_diem_quyet_dinh,Giữ dữ kiện/liên kết theo loại bản ghi và nguồn; số tổng không là đầu vào
dung_chung.de_nghi_va_quyet_dinh_phe_duyet,gioi_han_so_luong_duoc_duyet,dung_chung.de_nghi_va_quyet_dinh_phe_duyet,gioi_han_so_luong_duoc_duyet,Giữ dữ kiện/liên kết theo loại bản ghi và nguồn; số tổng không là đầu vào
dung_chung.de_nghi_va_quyet_dinh_phe_duyet,gioi_han_so_tien_duoc_duyet,dung_chung.de_nghi_va_quyet_dinh_phe_duyet,gioi_han_so_tien_duoc_duyet,Giữ dữ kiện/liên kết theo loại bản ghi và nguồn; số tổng không là đầu vào
dung_chung.de_nghi_va_quyet_dinh_phe_duyet,ly_do,dung_chung.de_nghi_va_quyet_dinh_phe_duyet,ly_do,Giữ dữ kiện/liên kết theo loại bản ghi và nguồn; số tổng không là đầu vào
dung_chung.de_nghi_va_quyet_dinh_phe_duyet,ma_bo_du_lieu,dung_chung.de_nghi_va_quyet_dinh_phe_duyet,ma_bo_du_lieu,Giữ dữ kiện/liên kết theo loại bản ghi và nguồn; số tổng không là đầu vào
dung_chung.de_nghi_va_quyet_dinh_phe_duyet,ma_phien_ban_chung_tu,dung_chung.de_nghi_va_quyet_dinh_phe_duyet,ma_phien_ban_chung_tu,Giữ dữ kiện/liên kết theo loại bản ghi và nguồn; số tổng không là đầu vào
dung_chung.de_nghi_va_quyet_dinh_phe_duyet,ma_dong_chung_tu,dung_chung.de_nghi_va_quyet_dinh_phe_duyet,ma_dong_chung_tu,Giữ dữ kiện/liên kết theo loại bản ghi và nguồn; số tổng không là đầu vào
dung_chung.de_nghi_va_quyet_dinh_phe_duyet,ma_nhan_vien_de_nghi,dung_chung.de_nghi_va_quyet_dinh_phe_duyet,ma_nhan_vien_de_nghi,Giữ dữ kiện/liên kết theo loại bản ghi và nguồn; số tổng không là đầu vào
dung_chung.de_nghi_va_quyet_dinh_phe_duyet,ma_nhan_vien_kiem_tra,dung_chung.de_nghi_va_quyet_dinh_phe_duyet,ma_nhan_vien_kiem_tra,Giữ dữ kiện/liên kết theo loại bản ghi và nguồn; số tổng không là đầu vào
dung_chung.de_nghi_va_quyet_dinh_phe_duyet,ma_nhan_vien_quyet_dinh,dung_chung.de_nghi_va_quyet_dinh_phe_duyet,ma_nhan_vien_quyet_dinh,Giữ dữ kiện/liên kết theo loại bản ghi và nguồn; số tổng không là đầu vào
dung_chung.de_nghi_va_quyet_dinh_phe_duyet,ma_uy_quyen,dung_chung.de_nghi_va_quyet_dinh_phe_duyet,ma_uy_quyen,Giữ dữ kiện/liên kết theo loại bản ghi và nguồn; số tổng không là đầu vào
dung_chung.de_nghi_va_quyet_dinh_phe_duyet,thoi_diem_tao,dung_chung.de_nghi_va_quyet_dinh_phe_duyet,thoi_diem_tao,Giữ dữ kiện/liên kết theo loại bản ghi và nguồn; số tổng không là đầu vào
dung_chung.de_nghi_va_quyet_dinh_phe_duyet,ma_tai_khoan_thuc_hien,dung_chung.de_nghi_va_quyet_dinh_phe_duyet,ma_tai_khoan_thuc_hien,Giữ dữ kiện/liên kết theo loại bản ghi và nguồn; số tổng không là đầu vào
dung_chung.de_nghi_va_quyet_dinh_phe_duyet,so_phien_ban_ghi_dong_thoi,dung_chung.de_nghi_va_quyet_dinh_phe_duyet,so_phien_ban_ghi_dong_thoi,Giữ dữ kiện/liên kết theo loại bản ghi và nguồn; số tổng không là đầu vào
dung_chung.ban_giao_cong_viec,ma_dinh_danh,dung_chung.trao_doi_va_ban_giao,ma_dinh_danh,Giữ dữ kiện/liên kết theo loại bản ghi và nguồn; số tổng không là đầu vào
dung_chung.ban_giao_cong_viec,trang_thai_xu_ly,dung_chung.trao_doi_va_ban_giao,trang_thai_xu_ly,Giữ dữ kiện/liên kết theo loại bản ghi và nguồn; số tổng không là đầu vào
dung_chung.ban_giao_cong_viec,so_luong_de_nghi,dung_chung.trao_doi_va_ban_giao,so_luong_de_nghi,Giữ dữ kiện/liên kết theo loại bản ghi và nguồn; số tổng không là đầu vào
dung_chung.ban_giao_cong_viec,so_luong_duoc_chap_nhan,dung_chung.trao_doi_va_ban_giao,so_luong_duoc_chap_nhan,Giữ dữ kiện/liên kết theo loại bản ghi và nguồn; số tổng không là đầu vào
dung_chung.ban_giao_cong_viec,thoi_diem_can_hoan_thanh,dung_chung.trao_doi_va_ban_giao,thoi_diem_can_hoan_thanh,Giữ dữ kiện/liên kết theo loại bản ghi và nguồn; số tổng không là đầu vào
dung_chung.ban_giao_cong_viec,thoi_diem_nhan,dung_chung.trao_doi_va_ban_giao,thoi_diem_nhan,Giữ dữ kiện/liên kết theo loại bản ghi và nguồn; số tổng không là đầu vào
dung_chung.ban_giao_cong_viec,ly_do_con_thieu,dung_chung.trao_doi_va_ban_giao,ly_do_con_thieu,Giữ dữ kiện/liên kết theo loại bản ghi và nguồn; số tổng không là đầu vào
dung_chung.ban_giao_cong_viec,ma_bo_du_lieu,dung_chung.trao_doi_va_ban_giao,ma_bo_du_lieu,Giữ dữ kiện/liên kết theo loại bản ghi và nguồn; số tổng không là đầu vào
dung_chung.ban_giao_cong_viec,ma_phien_ban_chung_tu,dung_chung.trao_doi_va_ban_giao,ma_phien_ban_chung_tu,Giữ dữ kiện/liên kết theo loại bản ghi và nguồn; số tổng không là đầu vào
dung_chung.ban_giao_cong_viec,ma_dong_chung_tu,dung_chung.trao_doi_va_ban_giao,ma_dong_chung_tu,Giữ dữ kiện/liên kết theo loại bản ghi và nguồn; số tổng không là đầu vào
dung_chung.ban_giao_cong_viec,ma_nhan_vien_ban_giao,dung_chung.trao_doi_va_ban_giao,ma_nhan_vien_ban_giao,Giữ dữ kiện/liên kết theo loại bản ghi và nguồn; số tổng không là đầu vào
dung_chung.ban_giao_cong_viec,ma_nhan_vien_nhan_ban_giao,dung_chung.trao_doi_va_ban_giao,ma_nhan_vien_nhan_ban_giao,Giữ dữ kiện/liên kết theo loại bản ghi và nguồn; số tổng không là đầu vào
dung_chung.ban_giao_cong_viec,ma_don_vi,dung_chung.trao_doi_va_ban_giao,ma_don_vi,Giữ dữ kiện/liên kết theo loại bản ghi và nguồn; số tổng không là đầu vào
dung_chung.ban_giao_cong_viec,thoi_diem_tao,dung_chung.trao_doi_va_ban_giao,thoi_diem_tao,Giữ dữ kiện/liên kết theo loại bản ghi và nguồn; số tổng không là đầu vào
dung_chung.ban_giao_cong_viec,ma_tai_khoan_thuc_hien,dung_chung.trao_doi_va_ban_giao,ma_tai_khoan_thuc_hien,Giữ dữ kiện/liên kết theo loại bản ghi và nguồn; số tổng không là đầu vào
dung_chung.ban_giao_cong_viec,so_phien_ban_ghi_dong_thoi,dung_chung.trao_doi_va_ban_giao,so_phien_ban_ghi_dong_thoi,Giữ dữ kiện/liên kết theo loại bản ghi và nguồn; số tổng không là đầu vào
dung_chung.chung_cu_dinh_kem,ma_dinh_danh,dung_chung.chung_cu_dinh_kem,ma_dinh_danh,Giữ dữ kiện/liên kết theo loại bản ghi và nguồn; số tổng không là đầu vào
dung_chung.chung_cu_dinh_kem,khoa_tep_trong_noi_luu,dung_chung.chung_cu_dinh_kem,khoa_tep_trong_noi_luu,Giữ dữ kiện/liên kết theo loại bản ghi và nguồn; số tổng không là đầu vào
dung_chung.chung_cu_dinh_kem,ma_kiem_toan_ven,dung_chung.chung_cu_dinh_kem,ma_kiem_toan_ven,Giữ dữ kiện/liên kết theo loại bản ghi và nguồn; số tổng không là đầu vào
dung_chung.chung_cu_dinh_kem,loai_dinh_dang_tep,dung_chung.chung_cu_dinh_kem,loai_dinh_dang_tep,Giữ dữ kiện/liên kết theo loại bản ghi và nguồn; số tổng không là đầu vào
dung_chung.chung_cu_dinh_kem,dung_luong_tep_tinh_theo_byte,dung_chung.chung_cu_dinh_kem,dung_luong_tep_tinh_theo_byte,Giữ dữ kiện/liên kết theo loại bản ghi và nguồn; số tổng không là đầu vào
dung_chung.chung_cu_dinh_kem,muc_nhay_cam,dung_chung.chung_cu_dinh_kem,muc_nhay_cam,Giữ dữ kiện/liên kết theo loại bản ghi và nguồn; số tổng không là đầu vào
dung_chung.chung_cu_dinh_kem,gia_lap,dung_chung.chung_cu_dinh_kem,gia_lap,Giữ dữ kiện/liên kết theo loại bản ghi và nguồn; số tổng không là đầu vào
dung_chung.chung_cu_dinh_kem,ma_bo_du_lieu,dung_chung.chung_cu_dinh_kem,ma_bo_du_lieu,Giữ dữ kiện/liên kết theo loại bản ghi và nguồn; số tổng không là đầu vào
dung_chung.chung_cu_dinh_kem,ma_phien_ban_chung_tu,dung_chung.chung_cu_dinh_kem,ma_phien_ban_chung_tu,Giữ dữ kiện/liên kết theo loại bản ghi và nguồn; số tổng không là đầu vào
dung_chung.chung_cu_dinh_kem,ma_dong_chung_tu,dung_chung.chung_cu_dinh_kem,ma_dong_chung_tu,Giữ dữ kiện/liên kết theo loại bản ghi và nguồn; số tổng không là đầu vào
dung_chung.chung_cu_dinh_kem,thoi_diem_tao,dung_chung.chung_cu_dinh_kem,thoi_diem_tao,Giữ dữ kiện/liên kết theo loại bản ghi và nguồn; số tổng không là đầu vào
dung_chung.chung_cu_dinh_kem,ma_tai_khoan_thuc_hien,dung_chung.chung_cu_dinh_kem,ma_tai_khoan_thuc_hien,Giữ dữ kiện/liên kết theo loại bản ghi và nguồn; số tổng không là đầu vào
dung_chung.chung_cu_dinh_kem,so_phien_ban_ghi_dong_thoi,dung_chung.chung_cu_dinh_kem,so_phien_ban_ghi_dong_thoi,Giữ dữ kiện/liên kết theo loại bản ghi và nguồn; số tổng không là đầu vào
dung_chung.nhat_ky_thao_tac,ma_dinh_danh,dung_chung.nhat_ky_thao_tac,ma_dinh_danh,Giữ dữ kiện/liên kết theo loại bản ghi và nguồn; số tổng không là đầu vào
dung_chung.nhat_ky_thao_tac,hanh_dong,dung_chung.nhat_ky_thao_tac,hanh_dong,Giữ dữ kiện/liên kết theo loại bản ghi và nguồn; số tổng không là đầu vào
dung_chung.nhat_ky_thao_tac,thoi_diem_he_thong_ghi_nhan,dung_chung.nhat_ky_thao_tac,thoi_diem_he_thong_ghi_nhan,Giữ dữ kiện/liên kết theo loại bản ghi và nguồn; số tổng không là đầu vào
dung_chung.nhat_ky_thao_tac,khoa_lien_ket_thao_tac,dung_chung.nhat_ky_thao_tac,khoa_lien_ket_thao_tac,Giữ dữ kiện/liên kết theo loại bản ghi và nguồn; số tổng không là đầu vào
dung_chung.nhat_ky_thao_tac,noi_dung_thay_doi_da_luoc_du_lieu_nhay_cam,dung_chung.nhat_ky_thao_tac,noi_dung_thay_doi_da_luoc_du_lieu_nhay_cam,Giữ dữ kiện/liên kết theo loại bản ghi và nguồn; số tổng không là đầu vào
dung_chung.nhat_ky_thao_tac,ly_do,dung_chung.nhat_ky_thao_tac,ly_do,Giữ dữ kiện/liên kết theo loại bản ghi và nguồn; số tổng không là đầu vào
dung_chung.nhat_ky_thao_tac,ma_bo_du_lieu,dung_chung.nhat_ky_thao_tac,ma_bo_du_lieu,Giữ dữ kiện/liên kết theo loại bản ghi và nguồn; số tổng không là đầu vào
dung_chung.nhat_ky_thao_tac,ma_phien_ban_chung_tu,dung_chung.nhat_ky_thao_tac,ma_phien_ban_chung_tu,Giữ dữ kiện/liên kết theo loại bản ghi và nguồn; số tổng không là đầu vào
dung_chung.nhat_ky_thao_tac,ma_tai_khoan_thuc_hien,dung_chung.nhat_ky_thao_tac,ma_tai_khoan_thuc_hien,Giữ dữ kiện/liên kết theo loại bản ghi và nguồn; số tổng không là đầu vào
dung_chung.nhat_ky_thao_tac,ma_nhan_vien_duoc_ghi_nhan_thay,dung_chung.nhat_ky_thao_tac,ma_nhan_vien_duoc_ghi_nhan_thay,Giữ dữ kiện/liên kết theo loại bản ghi và nguồn; số tổng không là đầu vào
dung_chung.ky_nghiep_vu,ma_dinh_danh,dung_chung.ky_nghiep_vu,ma_dinh_danh,Giữ dữ kiện/liên kết theo loại bản ghi và nguồn; số tổng không là đầu vào
dung_chung.ky_nghiep_vu,nhom_nghiep_vu,dung_chung.ky_nghiep_vu,loai_ky,Giữ dữ kiện/liên kết theo loại bản ghi và nguồn; số tổng không là đầu vào
dung_chung.ky_nghiep_vu,ngay_bat_dau,dung_chung.ky_nghiep_vu,ngay_bat_dau,Giữ dữ kiện/liên kết theo loại bản ghi và nguồn; số tổng không là đầu vào
dung_chung.ky_nghiep_vu,ngay_ket_thuc,dung_chung.ky_nghiep_vu,ngay_ket_thuc,Giữ dữ kiện/liên kết theo loại bản ghi và nguồn; số tổng không là đầu vào
dung_chung.ky_nghiep_vu,trang_thai_xu_ly,dung_chung.ky_nghiep_vu,trang_thai_xu_ly,Giữ dữ kiện/liên kết theo loại bản ghi và nguồn; số tổng không là đầu vào
dung_chung.ky_nghiep_vu,thoi_diem_chot,dung_chung.ky_nghiep_vu,thoi_diem_chot,Giữ dữ kiện/liên kết theo loại bản ghi và nguồn; số tổng không là đầu vào
dung_chung.ky_nghiep_vu,ma_bo_du_lieu,dung_chung.ky_nghiep_vu,ma_bo_du_lieu,Giữ dữ kiện/liên kết theo loại bản ghi và nguồn; số tổng không là đầu vào
dung_chung.ky_nghiep_vu,ma_chung_tu_quyet_dinh_chot_ky,dung_chung.ky_nghiep_vu,ma_chung_tu_quyet_dinh_chot_ky,Giữ dữ kiện/liên kết theo loại bản ghi và nguồn; số tổng không là đầu vào
dung_chung.ky_nghiep_vu,thoi_diem_tao,dung_chung.ky_nghiep_vu,thoi_diem_tao,Giữ dữ kiện/liên kết theo loại bản ghi và nguồn; số tổng không là đầu vào
dung_chung.ky_nghiep_vu,ma_tai_khoan_thuc_hien,dung_chung.ky_nghiep_vu,ma_tai_khoan_thuc_hien,Giữ dữ kiện/liên kết theo loại bản ghi và nguồn; số tổng không là đầu vào
dung_chung.ky_nghiep_vu,so_phien_ban_ghi_dong_thoi,dung_chung.ky_nghiep_vu,so_phien_ban_ghi_dong_thoi,Giữ dữ kiện/liên kết theo loại bản ghi và nguồn; số tổng không là đầu vào
dung_chung.phien_ban_chinh_sach,ma_dinh_danh,dung_chung.phien_ban_chinh_sach,ma_dinh_danh,Giữ dữ kiện/liên kết theo loại bản ghi và nguồn; số tổng không là đầu vào
dung_chung.phien_ban_chinh_sach,loai,dung_chung.phien_ban_chinh_sach,loai,Giữ dữ kiện/liên kết theo loại bản ghi và nguồn; số tổng không là đầu vào
dung_chung.phien_ban_chinh_sach,ma_nghiep_vu,dung_chung.phien_ban_chinh_sach,ma_nghiep_vu,Giữ dữ kiện/liên kết theo loại bản ghi và nguồn; số tổng không là đầu vào
dung_chung.phien_ban_chinh_sach,so_phien_ban,dung_chung.phien_ban_chinh_sach,so_phien_ban,Giữ dữ kiện/liên kết theo loại bản ghi và nguồn; số tổng không là đầu vào
dung_chung.phien_ban_chinh_sach,thoi_diem_bat_dau_hieu_luc,dung_chung.phien_ban_chinh_sach,thoi_diem_bat_dau_hieu_luc,Giữ dữ kiện/liên kết theo loại bản ghi và nguồn; số tổng không là đầu vào
dung_chung.phien_ban_chinh_sach,thoi_diem_ket_thuc_hieu_luc,dung_chung.phien_ban_chinh_sach,thoi_diem_ket_thuc_hieu_luc,Giữ dữ kiện/liên kết theo loại bản ghi và nguồn; số tổng không là đầu vào
dung_chung.phien_ban_chinh_sach,tham_so,dung_chung.phien_ban_chinh_sach,tham_so,Giữ dữ kiện/liên kết theo loại bản ghi và nguồn; số tổng không là đầu vào
dung_chung.phien_ban_chinh_sach,gia_lap,dung_chung.phien_ban_chinh_sach,gia_lap,Giữ dữ kiện/liên kết theo loại bản ghi và nguồn; số tổng không là đầu vào
dung_chung.phien_ban_chinh_sach,thoi_diem_khai_bao,dung_chung.phien_ban_chinh_sach,thoi_diem_khai_bao,Giữ dữ kiện/liên kết theo loại bản ghi và nguồn; số tổng không là đầu vào
dung_chung.phien_ban_chinh_sach,ma_bo_du_lieu,dung_chung.phien_ban_chinh_sach,ma_bo_du_lieu,Giữ dữ kiện/liên kết theo loại bản ghi và nguồn; số tổng không là đầu vào
dung_chung.phien_ban_chinh_sach,ma_phe_duyet,dung_chung.phien_ban_chinh_sach,ma_phe_duyet,Giữ dữ kiện/liên kết theo loại bản ghi và nguồn; số tổng không là đầu vào
dung_chung.phien_ban_chinh_sach,ma_chung_tu_can_cu_khai_bao,dung_chung.phien_ban_chinh_sach,ma_chung_tu_can_cu_khai_bao,Giữ dữ kiện/liên kết theo loại bản ghi và nguồn; số tổng không là đầu vào
dung_chung.phien_ban_chinh_sach,ma_nguoi_khai_bao_du_lieu,dung_chung.phien_ban_chinh_sach,ma_nguoi_khai_bao_du_lieu,Giữ dữ kiện/liên kết theo loại bản ghi và nguồn; số tổng không là đầu vào
dung_chung.phien_ban_chinh_sach,thoi_diem_tao,dung_chung.phien_ban_chinh_sach,thoi_diem_tao,Giữ dữ kiện/liên kết theo loại bản ghi và nguồn; số tổng không là đầu vào
dung_chung.phien_ban_chinh_sach,ma_tai_khoan_thuc_hien,dung_chung.phien_ban_chinh_sach,ma_tai_khoan_thuc_hien,Giữ dữ kiện/liên kết theo loại bản ghi và nguồn; số tổng không là đầu vào
dung_chung.phien_ban_chinh_sach,so_phien_ban_ghi_dong_thoi,dung_chung.phien_ban_chinh_sach,so_phien_ban_ghi_dong_thoi,Giữ dữ kiện/liên kết theo loại bản ghi và nguồn; số tổng không là đầu vào
dung_chung.bo_du_lieu_mo_phong,ma_dinh_danh,dung_chung.bo_du_lieu_mo_phong,ma_dinh_danh,Giữ dữ kiện/liên kết theo loại bản ghi và nguồn; số tổng không là đầu vào
dung_chung.bo_du_lieu_mo_phong,ma_nghiep_vu,dung_chung.bo_du_lieu_mo_phong,ma_nghiep_vu,Giữ dữ kiện/liên kết theo loại bản ghi và nguồn; số tổng không là đầu vào
dung_chung.bo_du_lieu_mo_phong,phien_ban_bo_mo_phong,dung_chung.bo_du_lieu_mo_phong,phien_ban_bo_mo_phong,Giữ dữ kiện/liên kết theo loại bản ghi và nguồn; số tổng không là đầu vào
dung_chung.bo_du_lieu_mo_phong,che_do,dung_chung.bo_du_lieu_mo_phong,che_do,Giữ dữ kiện/liên kết theo loại bản ghi và nguồn; số tổng không là đầu vào
dung_chung.bo_du_lieu_mo_phong,ma_kich_ban_kiem_tra,dung_chung.bo_du_lieu_mo_phong,ma_kich_ban_kiem_tra,Giữ dữ kiện/liên kết theo loại bản ghi và nguồn; số tổng không là đầu vào
dung_chung.bo_du_lieu_mo_phong,thoi_diem_moc_goc,dung_chung.bo_du_lieu_mo_phong,thoi_diem_moc_goc,Giữ dữ kiện/liên kết theo loại bản ghi và nguồn; số tổng không là đầu vào
dung_chung.bo_du_lieu_mo_phong,trang_thai_xu_ly,dung_chung.bo_du_lieu_mo_phong,trang_thai_xu_ly,Giữ dữ kiện/liên kết theo loại bản ghi và nguồn; số tổng không là đầu vào
dung_chung.bo_du_lieu_mo_phong,ma_kiem_toan_ven_bo_nap,dung_chung.bo_du_lieu_mo_phong,ma_kiem_toan_ven_bo_nap,Giữ dữ kiện/liên kết theo loại bản ghi và nguồn; số tổng không là đầu vào
dung_chung.bo_du_lieu_mo_phong,ma_bo_du_lieu_cha,dung_chung.bo_du_lieu_mo_phong,ma_bo_du_lieu_cha,Giữ dữ kiện/liên kết theo loại bản ghi và nguồn; số tổng không là đầu vào
dung_chung.bo_du_lieu_mo_phong,thoi_diem_tao,dung_chung.bo_du_lieu_mo_phong,thoi_diem_tao,Giữ dữ kiện/liên kết theo loại bản ghi và nguồn; số tổng không là đầu vào
dung_chung.bo_du_lieu_mo_phong,ma_tai_khoan_thuc_hien,dung_chung.bo_du_lieu_mo_phong,ma_tai_khoan_thuc_hien,Giữ dữ kiện/liên kết theo loại bản ghi và nguồn; số tổng không là đầu vào
dung_chung.bo_du_lieu_mo_phong,so_phien_ban_ghi_dong_thoi,dung_chung.bo_du_lieu_mo_phong,so_phien_ban_ghi_dong_thoi,Giữ dữ kiện/liên kết theo loại bản ghi và nguồn; số tổng không là đầu vào
truy_cap.tai_khoan_dang_nhap,ma_dinh_danh,truy_cap.tai_khoan_dang_nhap,ma_dinh_danh,Giữ dữ kiện/liên kết theo loại bản ghi và nguồn; số tổng không là đầu vào
truy_cap.tai_khoan_dang_nhap,ten_dang_nhap,truy_cap.tai_khoan_dang_nhap,ten_dang_nhap,Giữ dữ kiện/liên kết theo loại bản ghi và nguồn; số tổng không là đầu vào
truy_cap.tai_khoan_dang_nhap,ban_bam_thong_tin_xac_thuc,truy_cap.tai_khoan_dang_nhap,ban_bam_thong_tin_xac_thuc,Giữ dữ kiện/liên kết theo loại bản ghi và nguồn; số tổng không là đầu vào
truy_cap.tai_khoan_dang_nhap,trang_thai_xu_ly,truy_cap.tai_khoan_dang_nhap,trang_thai_xu_ly,Giữ dữ kiện/liên kết theo loại bản ghi và nguồn; số tổng không là đầu vào
truy_cap.tai_khoan_dang_nhap,so_phien_ban_quyen_xac_thuc,truy_cap.tai_khoan_dang_nhap,so_phien_ban_quyen_xac_thuc,Giữ dữ kiện/liên kết theo loại bản ghi và nguồn; số tổng không là đầu vào
truy_cap.tai_khoan_dang_nhap,ma_nguoi_that,truy_cap.tai_khoan_dang_nhap,ma_nguoi_that,Giữ dữ kiện/liên kết theo loại bản ghi và nguồn; số tổng không là đầu vào
truy_cap.tai_khoan_dang_nhap,thoi_diem_tao,truy_cap.tai_khoan_dang_nhap,thoi_diem_tao,Giữ dữ kiện/liên kết theo loại bản ghi và nguồn; số tổng không là đầu vào
truy_cap.tai_khoan_dang_nhap,ma_tai_khoan_thuc_hien,truy_cap.tai_khoan_dang_nhap,ma_tai_khoan_thuc_hien,Giữ dữ kiện/liên kết theo loại bản ghi và nguồn; số tổng không là đầu vào
truy_cap.tai_khoan_dang_nhap,so_phien_ban_ghi_dong_thoi,truy_cap.tai_khoan_dang_nhap,so_phien_ban_ghi_dong_thoi,Giữ dữ kiện/liên kết theo loại bản ghi và nguồn; số tổng không là đầu vào
truy_cap.vai_tro_cong_viec,ma_dinh_danh,truy_cap.vai_tro_cong_viec,ma_dinh_danh,Giữ dữ kiện/liên kết theo loại bản ghi và nguồn; số tổng không là đầu vào
truy_cap.vai_tro_cong_viec,ma_nghiep_vu,truy_cap.vai_tro_cong_viec,ma_nghiep_vu,Giữ dữ kiện/liên kết theo loại bản ghi và nguồn; số tổng không là đầu vào
truy_cap.vai_tro_cong_viec,ten,truy_cap.vai_tro_cong_viec,ten,Giữ dữ kiện/liên kết theo loại bản ghi và nguồn; số tổng không là đầu vào
truy_cap.vai_tro_cong_viec,thoi_diem_tao,truy_cap.vai_tro_cong_viec,thoi_diem_tao,Giữ dữ kiện/liên kết theo loại bản ghi và nguồn; số tổng không là đầu vào
truy_cap.vai_tro_cong_viec,ma_tai_khoan_thuc_hien,truy_cap.vai_tro_cong_viec,ma_tai_khoan_thuc_hien,Giữ dữ kiện/liên kết theo loại bản ghi và nguồn; số tổng không là đầu vào
truy_cap.vai_tro_cong_viec,so_phien_ban_ghi_dong_thoi,truy_cap.vai_tro_cong_viec,so_phien_ban_ghi_dong_thoi,Giữ dữ kiện/liên kết theo loại bản ghi và nguồn; số tổng không là đầu vào
truy_cap.quyen_thao_tac,ma_dinh_danh,truy_cap.quyen_thao_tac,ma_dinh_danh,Giữ dữ kiện/liên kết theo loại bản ghi và nguồn; số tổng không là đầu vào
truy_cap.quyen_thao_tac,loai_doi_tuong_phan_quyen,truy_cap.quyen_thao_tac,loai_doi_tuong_phan_quyen,Giữ dữ kiện/liên kết theo loại bản ghi và nguồn; số tổng không là đầu vào
truy_cap.quyen_thao_tac,hanh_dong,truy_cap.quyen_thao_tac,hanh_dong,Giữ dữ kiện/liên kết theo loại bản ghi và nguồn; số tổng không là đầu vào
truy_cap.quyen_thao_tac,pham_vi,truy_cap.quyen_thao_tac,pham_vi,Giữ dữ kiện/liên kết theo loại bản ghi và nguồn; số tổng không là đầu vào
truy_cap.quyen_thao_tac,cac_nhom_du_lieu_nhay_cam,truy_cap.quyen_thao_tac,cac_nhom_du_lieu_nhay_cam,Giữ dữ kiện/liên kết theo loại bản ghi và nguồn; số tổng không là đầu vào
truy_cap.quyen_thao_tac,ma_vai_tro,truy_cap.quyen_thao_tac,ma_vai_tro,Giữ dữ kiện/liên kết theo loại bản ghi và nguồn; số tổng không là đầu vào
truy_cap.quyen_thao_tac,thoi_diem_tao,truy_cap.quyen_thao_tac,thoi_diem_tao,Giữ dữ kiện/liên kết theo loại bản ghi và nguồn; số tổng không là đầu vào
truy_cap.quyen_thao_tac,ma_tai_khoan_thuc_hien,truy_cap.quyen_thao_tac,ma_tai_khoan_thuc_hien,Giữ dữ kiện/liên kết theo loại bản ghi và nguồn; số tổng không là đầu vào
truy_cap.quyen_thao_tac,so_phien_ban_ghi_dong_thoi,truy_cap.quyen_thao_tac,so_phien_ban_ghi_dong_thoi,Giữ dữ kiện/liên kết theo loại bản ghi và nguồn; số tổng không là đầu vào
truy_cap.cap_vai_tro,ma_dinh_danh,truy_cap.cap_vai_tro,ma_dinh_danh,Giữ dữ kiện/liên kết theo loại bản ghi và nguồn; số tổng không là đầu vào
truy_cap.cap_vai_tro,thoi_diem_bat_dau_hieu_luc,truy_cap.cap_vai_tro,thoi_diem_bat_dau_hieu_luc,Giữ dữ kiện/liên kết theo loại bản ghi và nguồn; số tổng không là đầu vào
truy_cap.cap_vai_tro,thoi_diem_ket_thuc_hieu_luc,truy_cap.cap_vai_tro,thoi_diem_ket_thuc_hieu_luc,Giữ dữ kiện/liên kết theo loại bản ghi và nguồn; số tổng không là đầu vào
truy_cap.cap_vai_tro,thoi_diem_thu_hoi_quyen,truy_cap.cap_vai_tro,thoi_diem_thu_hoi_quyen,Giữ dữ kiện/liên kết theo loại bản ghi và nguồn; số tổng không là đầu vào
truy_cap.cap_vai_tro,ma_bo_du_lieu,truy_cap.cap_vai_tro,ma_bo_du_lieu,Giữ dữ kiện/liên kết theo loại bản ghi và nguồn; số tổng không là đầu vào
truy_cap.cap_vai_tro,ma_tai_khoan,truy_cap.cap_vai_tro,ma_tai_khoan,Giữ dữ kiện/liên kết theo loại bản ghi và nguồn; số tổng không là đầu vào
truy_cap.cap_vai_tro,ma_vai_tro,truy_cap.cap_vai_tro,ma_vai_tro,Giữ dữ kiện/liên kết theo loại bản ghi và nguồn; số tổng không là đầu vào
truy_cap.cap_vai_tro,ma_phe_duyet,truy_cap.cap_vai_tro,ma_phe_duyet,Giữ dữ kiện/liên kết theo loại bản ghi và nguồn; số tổng không là đầu vào
truy_cap.cap_vai_tro,thoi_diem_tao,truy_cap.cap_vai_tro,thoi_diem_tao,Giữ dữ kiện/liên kết theo loại bản ghi và nguồn; số tổng không là đầu vào
truy_cap.cap_vai_tro,ma_tai_khoan_thuc_hien,truy_cap.cap_vai_tro,ma_tai_khoan_thuc_hien,Giữ dữ kiện/liên kết theo loại bản ghi và nguồn; số tổng không là đầu vào
truy_cap.cap_vai_tro,so_phien_ban_ghi_dong_thoi,truy_cap.cap_vai_tro,so_phien_ban_ghi_dong_thoi,Giữ dữ kiện/liên kết theo loại bản ghi và nguồn; số tổng không là đầu vào
truy_cap.uy_quyen,ma_dinh_danh,truy_cap.uy_quyen,ma_dinh_danh,Giữ dữ kiện/liên kết theo loại bản ghi và nguồn; số tổng không là đầu vào
truy_cap.uy_quyen,hanh_dong,truy_cap.uy_quyen,hanh_dong,Giữ dữ kiện/liên kết theo loại bản ghi và nguồn; số tổng không là đầu vào
truy_cap.uy_quyen,loai_doi_tuong_phan_quyen,truy_cap.uy_quyen,loai_doi_tuong_phan_quyen,Giữ dữ kiện/liên kết theo loại bản ghi và nguồn; số tổng không là đầu vào
truy_cap.uy_quyen,thoi_diem_bat_dau_hieu_luc,truy_cap.uy_quyen,thoi_diem_bat_dau_hieu_luc,Giữ dữ kiện/liên kết theo loại bản ghi và nguồn; số tổng không là đầu vào
truy_cap.uy_quyen,thoi_diem_ket_thuc_hieu_luc,truy_cap.uy_quyen,thoi_diem_ket_thuc_hieu_luc,Giữ dữ kiện/liên kết theo loại bản ghi và nguồn; số tổng không là đầu vào
truy_cap.uy_quyen,gioi_han_so_luong_duoc_duyet,truy_cap.uy_quyen,gioi_han_so_luong_duoc_duyet,Giữ dữ kiện/liên kết theo loại bản ghi và nguồn; số tổng không là đầu vào
truy_cap.uy_quyen,gioi_han_so_tien_duoc_duyet,truy_cap.uy_quyen,gioi_han_so_tien_duoc_duyet,Giữ dữ kiện/liên kết theo loại bản ghi và nguồn; số tổng không là đầu vào
truy_cap.uy_quyen,thoi_diem_thu_hoi_quyen,truy_cap.uy_quyen,thoi_diem_thu_hoi_quyen,Giữ dữ kiện/liên kết theo loại bản ghi và nguồn; số tổng không là đầu vào
truy_cap.uy_quyen,ma_bo_du_lieu,truy_cap.uy_quyen,ma_bo_du_lieu,Giữ dữ kiện/liên kết theo loại bản ghi và nguồn; số tổng không là đầu vào
truy_cap.uy_quyen,ma_nhan_vien_giao_uy_quyen,truy_cap.uy_quyen,ma_nhan_vien_giao_uy_quyen,Giữ dữ kiện/liên kết theo loại bản ghi và nguồn; số tổng không là đầu vào
truy_cap.uy_quyen,ma_nhan_vien_nhan_uy_quyen,truy_cap.uy_quyen,ma_nhan_vien_nhan_uy_quyen,Giữ dữ kiện/liên kết theo loại bản ghi và nguồn; số tổng không là đầu vào
truy_cap.uy_quyen,ma_phien_ban_chung_tu,truy_cap.uy_quyen,ma_phien_ban_chung_tu,Giữ dữ kiện/liên kết theo loại bản ghi và nguồn; số tổng không là đầu vào
truy_cap.uy_quyen,ma_phe_duyet,truy_cap.uy_quyen,ma_phe_duyet,Giữ dữ kiện/liên kết theo loại bản ghi và nguồn; số tổng không là đầu vào
truy_cap.uy_quyen,thoi_diem_tao,truy_cap.uy_quyen,thoi_diem_tao,Giữ dữ kiện/liên kết theo loại bản ghi và nguồn; số tổng không là đầu vào
truy_cap.uy_quyen,ma_tai_khoan_thuc_hien,truy_cap.uy_quyen,ma_tai_khoan_thuc_hien,Giữ dữ kiện/liên kết theo loại bản ghi và nguồn; số tổng không là đầu vào
truy_cap.uy_quyen,so_phien_ban_ghi_dong_thoi,truy_cap.uy_quyen,so_phien_ban_ghi_dong_thoi,Giữ dữ kiện/liên kết theo loại bản ghi và nguồn; số tổng không là đầu vào
truy_cap.bien_nhan_xac_nhan_giao_dich,ma_dinh_danh,truy_cap.bien_nhan_xac_nhan_giao_dich,ma_dinh_danh,Giữ dữ kiện/liên kết theo loại bản ghi và nguồn; số tổng không là đầu vào
truy_cap.bien_nhan_xac_nhan_giao_dich,khoa_chong_xac_nhan_lap,truy_cap.bien_nhan_xac_nhan_giao_dich,khoa_chong_xac_nhan_lap,Giữ dữ kiện/liên kết theo loại bản ghi và nguồn; số tổng không là đầu vào
truy_cap.bien_nhan_xac_nhan_giao_dich,hanh_dong,truy_cap.bien_nhan_xac_nhan_giao_dich,hanh_dong,Giữ dữ kiện/liên kết theo loại bản ghi và nguồn; số tổng không là đầu vào
truy_cap.bien_nhan_xac_nhan_giao_dich,ban_bam_noi_dung_yeu_cau,truy_cap.bien_nhan_xac_nhan_giao_dich,ban_bam_noi_dung_yeu_cau,Giữ dữ kiện/liên kết theo loại bản ghi và nguồn; số tổng không là đầu vào
truy_cap.bien_nhan_xac_nhan_giao_dich,trang_thai_xu_ly,truy_cap.bien_nhan_xac_nhan_giao_dich,trang_thai_xu_ly,Giữ dữ kiện/liên kết theo loại bản ghi và nguồn; số tổng không là đầu vào
truy_cap.bien_nhan_xac_nhan_giao_dich,thoi_diem_ghi_nhan_toan_phan,truy_cap.bien_nhan_xac_nhan_giao_dich,thoi_diem_ghi_nhan_toan_phan,Giữ dữ kiện/liên kết theo loại bản ghi và nguồn; số tổng không là đầu vào
truy_cap.bien_nhan_xac_nhan_giao_dich,cac_ma_ket_qua_da_ghi_nhan,truy_cap.bien_nhan_xac_nhan_giao_dich,cac_ma_ket_qua_da_ghi_nhan,Giữ dữ kiện/liên kết theo loại bản ghi và nguồn; số tổng không là đầu vào
truy_cap.bien_nhan_xac_nhan_giao_dich,ma_bo_du_lieu,truy_cap.bien_nhan_xac_nhan_giao_dich,ma_bo_du_lieu,Giữ dữ kiện/liên kết theo loại bản ghi và nguồn; số tổng không là đầu vào
truy_cap.bien_nhan_xac_nhan_giao_dich,ma_tai_khoan,truy_cap.bien_nhan_xac_nhan_giao_dich,ma_tai_khoan,Giữ dữ kiện/liên kết theo loại bản ghi và nguồn; số tổng không là đầu vào
truy_cap.bien_nhan_xac_nhan_giao_dich,ma_phien_ban_chung_tu,truy_cap.bien_nhan_xac_nhan_giao_dich,ma_phien_ban_chung_tu,Giữ dữ kiện/liên kết theo loại bản ghi và nguồn; số tổng không là đầu vào
truy_cap.bien_nhan_xac_nhan_giao_dich,thoi_diem_he_thong_ghi_nhan,truy_cap.bien_nhan_xac_nhan_giao_dich,thoi_diem_he_thong_ghi_nhan,Giữ dữ kiện/liên kết theo loại bản ghi và nguồn; số tổng không là đầu vào
truy_cap.bien_nhan_xac_nhan_giao_dich,ma_tai_khoan_thuc_hien,truy_cap.bien_nhan_xac_nhan_giao_dich,ma_tai_khoan_thuc_hien,Giữ dữ kiện/liên kết theo loại bản ghi và nguồn; số tổng không là đầu vào
danh_muc.san_pham,ma_dinh_danh,danh_muc.mat_hang,ma_dinh_danh,Giữ dữ kiện/liên kết theo loại bản ghi và nguồn; số tổng không là đầu vào
danh_muc.san_pham,ma_nghiep_vu,danh_muc.mat_hang,ma_nghiep_vu,Giữ dữ kiện/liên kết theo loại bản ghi và nguồn; số tổng không là đầu vào
danh_muc.san_pham,ten,danh_muc.mat_hang,ten,Giữ dữ kiện/liên kết theo loại bản ghi và nguồn; số tổng không là đầu vào
danh_muc.san_pham,nhom_san_pham,danh_muc.mat_hang,nhom_san_pham,Giữ dữ kiện/liên kết theo loại bản ghi và nguồn; số tổng không là đầu vào
danh_muc.san_pham,dang_su_dung,danh_muc.mat_hang,dang_su_dung,Giữ dữ kiện/liên kết theo loại bản ghi và nguồn; số tổng không là đầu vào
danh_muc.san_pham,ma_bo_du_lieu,danh_muc.mat_hang,ma_bo_du_lieu,Giữ dữ kiện/liên kết theo loại bản ghi và nguồn; số tổng không là đầu vào
danh_muc.san_pham,thoi_diem_tao,danh_muc.mat_hang,thoi_diem_tao,Giữ dữ kiện/liên kết theo loại bản ghi và nguồn; số tổng không là đầu vào
danh_muc.san_pham,ma_tai_khoan_thuc_hien,danh_muc.mat_hang,ma_tai_khoan_thuc_hien,Giữ dữ kiện/liên kết theo loại bản ghi và nguồn; số tổng không là đầu vào
danh_muc.san_pham,so_phien_ban_ghi_dong_thoi,danh_muc.mat_hang,so_phien_ban_ghi_dong_thoi,Giữ dữ kiện/liên kết theo loại bản ghi và nguồn; số tổng không là đầu vào
danh_muc.mat_hang,ma_dinh_danh,danh_muc.mat_hang,ma_dinh_danh,Giữ dữ kiện/liên kết theo loại bản ghi và nguồn; số tổng không là đầu vào
danh_muc.mat_hang,ma_nghiep_vu,danh_muc.mat_hang,ma_nghiep_vu,Giữ dữ kiện/liên kết theo loại bản ghi và nguồn; số tổng không là đầu vào
danh_muc.mat_hang,ten,danh_muc.mat_hang,ten,Giữ dữ kiện/liên kết theo loại bản ghi và nguồn; số tổng không là đầu vào
danh_muc.mat_hang,loai,danh_muc.mat_hang,loai,Giữ dữ kiện/liên kết theo loại bản ghi và nguồn; số tổng không là đầu vào
danh_muc.mat_hang,ma_mau,danh_muc.mat_hang,ma_mau,Giữ dữ kiện/liên kết theo loại bản ghi và nguồn; số tổng không là đầu vào
danh_muc.mat_hang,ma_quy_cach,danh_muc.mat_hang,ma_quy_cach,Giữ dữ kiện/liên kết theo loại bản ghi và nguồn; số tổng không là đầu vào
danh_muc.mat_hang,chieu_rong_mi_li_met,danh_muc.mat_hang,chieu_rong_mi_li_met,Giữ dữ kiện/liên kết theo loại bản ghi và nguồn; số tổng không là đầu vào
danh_muc.mat_hang,chieu_dai_mi_li_met,danh_muc.mat_hang,chieu_dai_mi_li_met,Giữ dữ kiện/liên kết theo loại bản ghi và nguồn; số tổng không là đầu vào
danh_muc.mat_hang,so_vien_tren_met_vuong_theo_quy_cach,danh_muc.mat_hang,so_vien_tren_met_vuong_theo_quy_cach,Giữ dữ kiện/liên kết theo loại bản ghi và nguồn; số tổng không là đầu vào
danh_muc.mat_hang,bat_buoc_duyet_mau_rieng,danh_muc.mat_hang,bat_buoc_duyet_mau_rieng,Giữ dữ kiện/liên kết theo loại bản ghi và nguồn; số tổng không là đầu vào
danh_muc.mat_hang,dang_su_dung,danh_muc.mat_hang,dang_su_dung,Giữ dữ kiện/liên kết theo loại bản ghi và nguồn; số tổng không là đầu vào
danh_muc.mat_hang,ma_bo_du_lieu,danh_muc.mat_hang,ma_bo_du_lieu,Giữ dữ kiện/liên kết theo loại bản ghi và nguồn; số tổng không là đầu vào
danh_muc.mat_hang,ma_san_pham,danh_muc.mat_hang,ma_nhom_mau,Giữ dữ kiện/liên kết theo loại bản ghi và nguồn; số tổng không là đầu vào
danh_muc.mat_hang,ma_don_vi_co_so,danh_muc.mat_hang,ma_don_vi_co_so,Giữ dữ kiện/liên kết theo loại bản ghi và nguồn; số tổng không là đầu vào
danh_muc.mat_hang,ma_phien_ban_quy_cach,danh_muc.mat_hang,ma_phien_ban_quy_cach,Giữ dữ kiện/liên kết theo loại bản ghi và nguồn; số tổng không là đầu vào
danh_muc.mat_hang,thoi_diem_tao,danh_muc.mat_hang,thoi_diem_tao,Giữ dữ kiện/liên kết theo loại bản ghi và nguồn; số tổng không là đầu vào
danh_muc.mat_hang,ma_tai_khoan_thuc_hien,danh_muc.mat_hang,ma_tai_khoan_thuc_hien,Giữ dữ kiện/liên kết theo loại bản ghi và nguồn; số tổng không là đầu vào
danh_muc.mat_hang,so_phien_ban_ghi_dong_thoi,danh_muc.mat_hang,so_phien_ban_ghi_dong_thoi,Giữ dữ kiện/liên kết theo loại bản ghi và nguồn; số tổng không là đầu vào
danh_muc.ma_goi_khac,ma_dinh_danh,danh_muc.ma_goi_khac,ma_dinh_danh,Giữ dữ kiện/liên kết theo loại bản ghi và nguồn; số tổng không là đầu vào
danh_muc.ma_goi_khac,ma_goi_khac,danh_muc.ma_goi_khac,ma_goi_khac,Giữ dữ kiện/liên kết theo loại bản ghi và nguồn; số tổng không là đầu vào
danh_muc.ma_goi_khac,chung_cu,danh_muc.ma_goi_khac,chung_cu,Giữ dữ kiện/liên kết theo loại bản ghi và nguồn; số tổng không là đầu vào
danh_muc.ma_goi_khac,thoi_diem_bat_dau_hieu_luc,danh_muc.ma_goi_khac,thoi_diem_bat_dau_hieu_luc,Giữ dữ kiện/liên kết theo loại bản ghi và nguồn; số tổng không là đầu vào
danh_muc.ma_goi_khac,ma_bo_du_lieu,danh_muc.ma_goi_khac,ma_bo_du_lieu,Giữ dữ kiện/liên kết theo loại bản ghi và nguồn; số tổng không là đầu vào
danh_muc.ma_goi_khac,ma_san_pham,danh_muc.ma_goi_khac,ma_mat_hang,Giữ dữ kiện/liên kết theo loại bản ghi và nguồn; số tổng không là đầu vào
danh_muc.ma_goi_khac,ma_mat_hang,danh_muc.ma_goi_khac,ma_mat_hang,Giữ dữ kiện/liên kết theo loại bản ghi và nguồn; số tổng không là đầu vào
danh_muc.ma_goi_khac,thoi_diem_tao,danh_muc.ma_goi_khac,thoi_diem_tao,Giữ dữ kiện/liên kết theo loại bản ghi và nguồn; số tổng không là đầu vào
danh_muc.ma_goi_khac,ma_tai_khoan_thuc_hien,danh_muc.ma_goi_khac,ma_tai_khoan_thuc_hien,Giữ dữ kiện/liên kết theo loại bản ghi và nguồn; số tổng không là đầu vào
danh_muc.ma_goi_khac,so_phien_ban_ghi_dong_thoi,danh_muc.ma_goi_khac,so_phien_ban_ghi_dong_thoi,Giữ dữ kiện/liên kết theo loại bản ghi và nguồn; số tổng không là đầu vào
danh_muc.quy_doi_don_vi,ma_dinh_danh,danh_muc.quy_doi_don_vi,ma_dinh_danh,Giữ dữ kiện/liên kết theo loại bản ghi và nguồn; số tổng không là đầu vào
danh_muc.quy_doi_don_vi,so_phien_ban,danh_muc.quy_doi_don_vi,so_phien_ban,Giữ dữ kiện/liên kết theo loại bản ghi và nguồn; số tổng không là đầu vào
danh_muc.quy_doi_don_vi,he_so,danh_muc.quy_doi_don_vi,he_so,Giữ dữ kiện/liên kết theo loại bản ghi và nguồn; số tổng không là đầu vào
danh_muc.quy_doi_don_vi,thoi_diem_bat_dau_hieu_luc,danh_muc.quy_doi_don_vi,thoi_diem_bat_dau_hieu_luc,Giữ dữ kiện/liên kết theo loại bản ghi và nguồn; số tổng không là đầu vào
danh_muc.quy_doi_don_vi,thoi_diem_ket_thuc_hieu_luc,danh_muc.quy_doi_don_vi,thoi_diem_ket_thuc_hieu_luc,Giữ dữ kiện/liên kết theo loại bản ghi và nguồn; số tổng không là đầu vào
danh_muc.quy_doi_don_vi,ma_bo_du_lieu,danh_muc.quy_doi_don_vi,ma_bo_du_lieu,Giữ dữ kiện/liên kết theo loại bản ghi và nguồn; số tổng không là đầu vào
danh_muc.quy_doi_don_vi,ma_mat_hang,danh_muc.quy_doi_don_vi,ma_mat_hang,Giữ dữ kiện/liên kết theo loại bản ghi và nguồn; số tổng không là đầu vào
danh_muc.quy_doi_don_vi,ma_don_vi_quy_doi_nguon,danh_muc.quy_doi_don_vi,ma_don_vi_quy_doi_nguon,Giữ dữ kiện/liên kết theo loại bản ghi và nguồn; số tổng không là đầu vào
danh_muc.quy_doi_don_vi,ma_don_vi_quy_doi_dich,danh_muc.quy_doi_don_vi,ma_don_vi_quy_doi_dich,Giữ dữ kiện/liên kết theo loại bản ghi và nguồn; số tổng không là đầu vào
danh_muc.quy_doi_don_vi,ma_phe_duyet,danh_muc.quy_doi_don_vi,ma_phe_duyet,Giữ dữ kiện/liên kết theo loại bản ghi và nguồn; số tổng không là đầu vào
danh_muc.quy_doi_don_vi,thoi_diem_tao,danh_muc.quy_doi_don_vi,thoi_diem_tao,Giữ dữ kiện/liên kết theo loại bản ghi và nguồn; số tổng không là đầu vào
danh_muc.quy_doi_don_vi,ma_tai_khoan_thuc_hien,danh_muc.quy_doi_don_vi,ma_tai_khoan_thuc_hien,Giữ dữ kiện/liên kết theo loại bản ghi và nguồn; số tổng không là đầu vào
danh_muc.quy_doi_don_vi,so_phien_ban_ghi_dong_thoi,danh_muc.quy_doi_don_vi,so_phien_ban_ghi_dong_thoi,Giữ dữ kiện/liên kết theo loại bản ghi và nguồn; số tổng không là đầu vào
dung_chung.doi_tac,ma_dinh_danh,dung_chung.doi_tac,ma_dinh_danh,Giữ dữ kiện/liên kết theo loại bản ghi và nguồn; số tổng không là đầu vào
dung_chung.doi_tac,ma_nghiep_vu,dung_chung.doi_tac,ma_nghiep_vu,Giữ dữ kiện/liên kết theo loại bản ghi và nguồn; số tổng không là đầu vào
dung_chung.doi_tac,ten,dung_chung.doi_tac,ten,Giữ dữ kiện/liên kết theo loại bản ghi và nguồn; số tổng không là đầu vào
dung_chung.doi_tac,cac_vai_tro,dung_chung.doi_tac,cac_vai_tro,Giữ dữ kiện/liên kết theo loại bản ghi và nguồn; số tổng không là đầu vào
dung_chung.doi_tac,nhom_khach_hang,dung_chung.doi_tac,nhom_khach_hang,Giữ dữ kiện/liên kết theo loại bản ghi và nguồn; số tổng không là đầu vào
dung_chung.doi_tac,dang_su_dung,dung_chung.doi_tac,dang_su_dung,Giữ dữ kiện/liên kết theo loại bản ghi và nguồn; số tổng không là đầu vào
dung_chung.doi_tac,ma_bo_du_lieu,dung_chung.doi_tac,ma_bo_du_lieu,Giữ dữ kiện/liên kết theo loại bản ghi và nguồn; số tổng không là đầu vào
dung_chung.doi_tac,thoi_diem_tao,dung_chung.doi_tac,thoi_diem_tao,Giữ dữ kiện/liên kết theo loại bản ghi và nguồn; số tổng không là đầu vào
dung_chung.doi_tac,ma_tai_khoan_thuc_hien,dung_chung.doi_tac,ma_tai_khoan_thuc_hien,Giữ dữ kiện/liên kết theo loại bản ghi và nguồn; số tổng không là đầu vào
dung_chung.doi_tac,so_phien_ban_ghi_dong_thoi,dung_chung.doi_tac,so_phien_ban_ghi_dong_thoi,Giữ dữ kiện/liên kết theo loại bản ghi và nguồn; số tổng không là đầu vào
dung_chung.lien_he_doi_tac,ma_dinh_danh,dung_chung.lien_he_doi_tac,ma_dinh_danh,Giữ dữ kiện/liên kết theo loại bản ghi và nguồn; số tổng không là đầu vào
dung_chung.lien_he_doi_tac,ten,dung_chung.lien_he_doi_tac,ten,Giữ dữ kiện/liên kết theo loại bản ghi và nguồn; số tổng không là đầu vào
dung_chung.lien_he_doi_tac,kenh_lien_he,dung_chung.lien_he_doi_tac,kenh_lien_he,Giữ dữ kiện/liên kết theo loại bản ghi và nguồn; số tổng không là đầu vào
dung_chung.lien_he_doi_tac,dia_chi,dung_chung.lien_he_doi_tac,dia_chi,Giữ dữ kiện/liên kết theo loại bản ghi và nguồn; số tổng không là đầu vào
dung_chung.lien_he_doi_tac,dang_su_dung,dung_chung.lien_he_doi_tac,dang_su_dung,Giữ dữ kiện/liên kết theo loại bản ghi và nguồn; số tổng không là đầu vào
dung_chung.lien_he_doi_tac,ma_bo_du_lieu,dung_chung.lien_he_doi_tac,ma_bo_du_lieu,Giữ dữ kiện/liên kết theo loại bản ghi và nguồn; số tổng không là đầu vào
dung_chung.lien_he_doi_tac,ma_doi_tac,dung_chung.lien_he_doi_tac,ma_doi_tac,Giữ dữ kiện/liên kết theo loại bản ghi và nguồn; số tổng không là đầu vào
dung_chung.lien_he_doi_tac,thoi_diem_tao,dung_chung.lien_he_doi_tac,thoi_diem_tao,Giữ dữ kiện/liên kết theo loại bản ghi và nguồn; số tổng không là đầu vào
dung_chung.lien_he_doi_tac,ma_tai_khoan_thuc_hien,dung_chung.lien_he_doi_tac,ma_tai_khoan_thuc_hien,Giữ dữ kiện/liên kết theo loại bản ghi và nguồn; số tổng không là đầu vào
dung_chung.lien_he_doi_tac,so_phien_ban_ghi_dong_thoi,dung_chung.lien_he_doi_tac,so_phien_ban_ghi_dong_thoi,Giữ dữ kiện/liên kết theo loại bản ghi và nguồn; số tổng không là đầu vào
dung_chung.can_cu_dai_dien,ma_dinh_danh,dung_chung.can_cu_dai_dien,ma_dinh_danh,Giữ dữ kiện/liên kết theo loại bản ghi và nguồn; số tổng không là đầu vào
dung_chung.can_cu_dai_dien,hanh_dong,dung_chung.can_cu_dai_dien,hanh_dong,Giữ dữ kiện/liên kết theo loại bản ghi và nguồn; số tổng không là đầu vào
dung_chung.can_cu_dai_dien,thoi_diem_bat_dau_hieu_luc,dung_chung.can_cu_dai_dien,thoi_diem_bat_dau_hieu_luc,Giữ dữ kiện/liên kết theo loại bản ghi và nguồn; số tổng không là đầu vào
dung_chung.can_cu_dai_dien,thoi_diem_ket_thuc_hieu_luc,dung_chung.can_cu_dai_dien,thoi_diem_ket_thuc_hieu_luc,Giữ dữ kiện/liên kết theo loại bản ghi và nguồn; số tổng không là đầu vào
dung_chung.can_cu_dai_dien,ma_chung_tu_lam_can_cu,dung_chung.can_cu_dai_dien,ma_chung_tu_lam_can_cu,Giữ dữ kiện/liên kết theo loại bản ghi và nguồn; số tổng không là đầu vào
dung_chung.can_cu_dai_dien,ma_bo_du_lieu,dung_chung.can_cu_dai_dien,ma_bo_du_lieu,Giữ dữ kiện/liên kết theo loại bản ghi và nguồn; số tổng không là đầu vào
dung_chung.can_cu_dai_dien,ma_doi_tac,dung_chung.can_cu_dai_dien,ma_doi_tac,Giữ dữ kiện/liên kết theo loại bản ghi và nguồn; số tổng không là đầu vào
dung_chung.can_cu_dai_dien,ma_lien_he,dung_chung.can_cu_dai_dien,ma_lien_he,Giữ dữ kiện/liên kết theo loại bản ghi và nguồn; số tổng không là đầu vào
dung_chung.can_cu_dai_dien,ma_chung_tu_xac_dinh_pham_vi,dung_chung.can_cu_dai_dien,ma_chung_tu_xac_dinh_pham_vi,Giữ dữ kiện/liên kết theo loại bản ghi và nguồn; số tổng không là đầu vào
dung_chung.can_cu_dai_dien,ma_doi_tac_dai_dien,dung_chung.can_cu_dai_dien,ma_doi_tac_dai_dien,Giữ dữ kiện/liên kết theo loại bản ghi và nguồn; số tổng không là đầu vào
dung_chung.can_cu_dai_dien,thoi_diem_tao,dung_chung.can_cu_dai_dien,thoi_diem_tao,Giữ dữ kiện/liên kết theo loại bản ghi và nguồn; số tổng không là đầu vào
dung_chung.can_cu_dai_dien,ma_tai_khoan_thuc_hien,dung_chung.can_cu_dai_dien,ma_tai_khoan_thuc_hien,Giữ dữ kiện/liên kết theo loại bản ghi và nguồn; số tổng không là đầu vào
dung_chung.can_cu_dai_dien,so_phien_ban_ghi_dong_thoi,dung_chung.can_cu_dai_dien,so_phien_ban_ghi_dong_thoi,Giữ dữ kiện/liên kết theo loại bản ghi và nguồn; số tổng không là đầu vào
kinh_doanh.nhu_cau_khach_hang,ma_dinh_danh,kinh_doanh.nhu_cau_khach_hang,ma_dinh_danh,Giữ dữ kiện/liên kết theo loại bản ghi và nguồn; số tổng không là đầu vào
kinh_doanh.nhu_cau_khach_hang,trang_thai_thuc_hien,kinh_doanh.nhu_cau_khach_hang,trang_thai_thuc_hien,Giữ dữ kiện/liên kết theo loại bản ghi và nguồn; số tổng không là đầu vào
kinh_doanh.nhu_cau_khach_hang,ghi_chu_cong_trinh,kinh_doanh.nhu_cau_khach_hang,ghi_chu_cong_trinh,Giữ dữ kiện/liên kết theo loại bản ghi và nguồn; số tổng không là đầu vào
kinh_doanh.nhu_cau_khach_hang,tinh_trang_dieu_kien_xuat_khau,kinh_doanh.nhu_cau_khach_hang,tinh_trang_dieu_kien_xuat_khau,Giữ dữ kiện/liên kết theo loại bản ghi và nguồn; số tổng không là đầu vào
kinh_doanh.nhu_cau_khach_hang,ma_bo_du_lieu,kinh_doanh.nhu_cau_khach_hang,ma_bo_du_lieu,Giữ dữ kiện/liên kết theo loại bản ghi và nguồn; số tổng không là đầu vào
kinh_doanh.nhu_cau_khach_hang,ma_phien_ban_chung_tu,kinh_doanh.nhu_cau_khach_hang,ma_dinh_danh,Dùng cùng khóa với bản cha; không tạo mã bản ghi đầu thứ hai
kinh_doanh.nhu_cau_khach_hang,ma_khach_hang,kinh_doanh.nhu_cau_khach_hang,ma_khach_hang,Giữ dữ kiện/liên kết theo loại bản ghi và nguồn; số tổng không là đầu vào
kinh_doanh.nhu_cau_khach_hang,ma_lien_he,kinh_doanh.nhu_cau_khach_hang,ma_lien_he,Giữ dữ kiện/liên kết theo loại bản ghi và nguồn; số tổng không là đầu vào
kinh_doanh.nhu_cau_khach_hang,thoi_diem_tao,dung_chung.chung_tu,thoi_diem_tao,Thông tin chung lưu một lần ở chứng từ/dòng cha; nhật ký và actor thực ở sự kiện vẫn giữ
kinh_doanh.nhu_cau_khach_hang,ma_tai_khoan_thuc_hien,dung_chung.chung_tu,ma_tai_khoan_thuc_hien,Thông tin chung lưu một lần ở chứng từ/dòng cha; nhật ký và actor thực ở sự kiện vẫn giữ
kinh_doanh.nhu_cau_khach_hang,so_phien_ban_ghi_dong_thoi,dung_chung.chung_tu,so_phien_ban_ghi_dong_thoi,Thông tin chung lưu một lần ở chứng từ/dòng cha; nhật ký và actor thực ở sự kiện vẫn giữ
kinh_doanh.lan_tiep_nhan_nhu_cau,ma_dinh_danh,dung_chung.trao_doi_va_ban_giao,ma_dinh_danh,Giữ dữ kiện/liên kết theo loại bản ghi và nguồn; số tổng không là đầu vào
kinh_doanh.lan_tiep_nhan_nhu_cau,kenh_tiep_nhan,dung_chung.trao_doi_va_ban_giao,kenh_tiep_nhan,Giữ dữ kiện/liên kết theo loại bản ghi và nguồn; số tổng không là đầu vào
kinh_doanh.lan_tiep_nhan_nhu_cau,thoi_diem_nhan,dung_chung.trao_doi_va_ban_giao,thoi_diem_nhan,Giữ dữ kiện/liên kết theo loại bản ghi và nguồn; số tổng không là đầu vào
kinh_doanh.lan_tiep_nhan_nhu_cau,noi_dung_tiep_nhan,dung_chung.trao_doi_va_ban_giao,noi_dung_tiep_nhan,Giữ dữ kiện/liên kết theo loại bản ghi và nguồn; số tổng không là đầu vào
kinh_doanh.lan_tiep_nhan_nhu_cau,ma_doi_chieu_ben_ngoai,dung_chung.trao_doi_va_ban_giao,ma_doi_chieu_ben_ngoai,Giữ dữ kiện/liên kết theo loại bản ghi và nguồn; số tổng không là đầu vào
kinh_doanh.lan_tiep_nhan_nhu_cau,ma_bo_du_lieu,dung_chung.trao_doi_va_ban_giao,ma_bo_du_lieu,Giữ dữ kiện/liên kết theo loại bản ghi và nguồn; số tổng không là đầu vào
kinh_doanh.lan_tiep_nhan_nhu_cau,ma_chung_tu_nhu_cau_khach,dung_chung.trao_doi_va_ban_giao,ma_phien_ban_chung_tu,Giữ dữ kiện/liên kết theo loại bản ghi và nguồn; số tổng không là đầu vào
kinh_doanh.lan_tiep_nhan_nhu_cau,ma_tai_khoan_nhap_du_lieu,dung_chung.trao_doi_va_ban_giao,ma_tai_khoan_nhap_du_lieu,Giữ dữ kiện/liên kết theo loại bản ghi và nguồn; số tổng không là đầu vào
kinh_doanh.lan_tiep_nhan_nhu_cau,thoi_diem_tao,dung_chung.trao_doi_va_ban_giao,thoi_diem_tao,Giữ dữ kiện/liên kết theo loại bản ghi và nguồn; số tổng không là đầu vào
kinh_doanh.lan_tiep_nhan_nhu_cau,ma_tai_khoan_thuc_hien,dung_chung.trao_doi_va_ban_giao,ma_tai_khoan_thuc_hien,Giữ dữ kiện/liên kết theo loại bản ghi và nguồn; số tổng không là đầu vào
kinh_doanh.lan_tiep_nhan_nhu_cau,so_phien_ban_ghi_dong_thoi,dung_chung.trao_doi_va_ban_giao,so_phien_ban_ghi_dong_thoi,Giữ dữ kiện/liên kết theo loại bản ghi và nguồn; số tổng không là đầu vào
kinh_doanh.thong_so_tu_van,ma_dinh_danh,kinh_doanh.dong_tu_van_bao_gia_va_don_hang,ma_dinh_danh,Giữ dữ kiện/liên kết theo loại bản ghi và nguồn; số tổng không là đầu vào
kinh_doanh.thong_so_tu_van,dien_tich_met_vuong,kinh_doanh.dong_tu_van_bao_gia_va_don_hang,dien_tich_met_vuong,Giữ dữ kiện/liên kết theo loại bản ghi và nguồn; số tổng không là đầu vào
kinh_doanh.thong_so_tu_van,so_vien_tren_met_vuong_theo_quy_cach,kinh_doanh.dong_tu_van_bao_gia_va_don_hang,so_vien_tren_met_vuong_theo_quy_cach,Giữ dữ kiện/liên kết theo loại bản ghi và nguồn; số tổng không là đầu vào
kinh_doanh.thong_so_tu_van,ty_le_du_phong_tu_van,kinh_doanh.dong_tu_van_bao_gia_va_don_hang,ty_le_du_phong_tu_van,Giữ dữ kiện/liên kết theo loại bản ghi và nguồn; số tổng không là đầu vào
kinh_doanh.thong_so_tu_van,trang_thai_xu_ly,kinh_doanh.dong_tu_van_bao_gia_va_don_hang,tinh_trang_khach_chot_luong,Giữ dữ kiện/liên kết theo loại bản ghi và nguồn; số tổng không là đầu vào
kinh_doanh.thong_so_tu_van,can_cu_khach_xac_nhan,kinh_doanh.dong_tu_van_bao_gia_va_don_hang,can_cu_khach_xac_nhan,Giữ dữ kiện/liên kết theo loại bản ghi và nguồn; số tổng không là đầu vào
kinh_doanh.thong_so_tu_van,so_vien_khach_xac_nhan,kinh_doanh.dong_tu_van_bao_gia_va_don_hang,so_vien_khach_xac_nhan,Giữ dữ kiện/liên kết theo loại bản ghi và nguồn; số tổng không là đầu vào
kinh_doanh.thong_so_tu_van,ma_bo_du_lieu,kinh_doanh.dong_tu_van_bao_gia_va_don_hang,ma_bo_du_lieu,Giữ dữ kiện/liên kết theo loại bản ghi và nguồn; số tổng không là đầu vào
kinh_doanh.thong_so_tu_van,ma_chung_tu_nhu_cau_khach,kinh_doanh.dong_tu_van_bao_gia_va_don_hang,ma_chung_tu_nhu_cau_khach,Giữ dữ kiện/liên kết theo loại bản ghi và nguồn; số tổng không là đầu vào
kinh_doanh.thong_so_tu_van,ma_mat_hang,kinh_doanh.dong_tu_van_bao_gia_va_don_hang,ma_mat_hang,Giữ dữ kiện/liên kết theo loại bản ghi và nguồn; số tổng không là đầu vào
kinh_doanh.thong_so_tu_van,ma_phien_ban_chinh_sach,kinh_doanh.dong_tu_van_bao_gia_va_don_hang,ma_phien_ban_chinh_sach,Giữ dữ kiện/liên kết theo loại bản ghi và nguồn; số tổng không là đầu vào
kinh_doanh.thong_so_tu_van,thoi_diem_tao,dung_chung.dong_chung_tu,thoi_diem_tao,Thông tin chung lưu một lần ở chứng từ/dòng cha; nhật ký và actor thực ở sự kiện vẫn giữ
kinh_doanh.thong_so_tu_van,ma_tai_khoan_thuc_hien,dung_chung.dong_chung_tu,ma_tai_khoan_thuc_hien,Thông tin chung lưu một lần ở chứng từ/dòng cha; nhật ký và actor thực ở sự kiện vẫn giữ
kinh_doanh.thong_so_tu_van,so_phien_ban_ghi_dong_thoi,dung_chung.dong_chung_tu,so_phien_ban_ghi_dong_thoi,Thông tin chung lưu một lần ở chứng từ/dòng cha; nhật ký và actor thực ở sự kiện vẫn giữ
kinh_doanh.bao_gia_va_don_hang,ma_dinh_danh,kinh_doanh.bao_gia_va_don_hang,ma_dinh_danh,Giữ dữ kiện/liên kết theo loại bản ghi và nguồn; số tổng không là đầu vào
kinh_doanh.bao_gia_va_don_hang,loai,kinh_doanh.bao_gia_va_don_hang,loai,Giữ dữ kiện/liên kết theo loại bản ghi và nguồn; số tổng không là đầu vào
kinh_doanh.bao_gia_va_don_hang,thoi_diem_het_hieu_luc,kinh_doanh.bao_gia_va_don_hang,thoi_diem_het_hieu_luc,Giữ dữ kiện/liên kết theo loại bản ghi và nguồn; số tổng không là đầu vào
kinh_doanh.bao_gia_va_don_hang,thoi_diem_xac_nhan,kinh_doanh.bao_gia_va_don_hang,thoi_diem_xac_nhan,Giữ dữ kiện/liên kết theo loại bản ghi và nguồn; số tổng không là đầu vào
kinh_doanh.bao_gia_va_don_hang,so_tien_dat_coc_yeu_cau,kinh_doanh.bao_gia_va_don_hang,so_tien_dat_coc_yeu_cau,Giữ dữ kiện/liên kết theo loại bản ghi và nguồn; số tổng không là đầu vào
kinh_doanh.bao_gia_va_don_hang,dieu_kien_thanh_toan,kinh_doanh.bao_gia_va_don_hang,dieu_kien_thanh_toan,Giữ dữ kiện/liên kết theo loại bản ghi và nguồn; số tổng không là đầu vào
kinh_doanh.bao_gia_va_don_hang,dieu_kien_giao_hang,kinh_doanh.bao_gia_va_don_hang,dieu_kien_giao_hang,Giữ dữ kiện/liên kết theo loại bản ghi và nguồn; số tổng không là đầu vào
kinh_doanh.bao_gia_va_don_hang,pham_vi_mo_phong_thue,kinh_doanh.bao_gia_va_don_hang,pham_vi_mo_phong_thue,Giữ dữ kiện/liên kết theo loại bản ghi và nguồn; số tổng không là đầu vào
kinh_doanh.bao_gia_va_don_hang,can_cu_khach_xac_nhan,kinh_doanh.bao_gia_va_don_hang,can_cu_khach_xac_nhan,Giữ dữ kiện/liên kết theo loại bản ghi và nguồn; số tổng không là đầu vào
kinh_doanh.bao_gia_va_don_hang,ma_bo_du_lieu,kinh_doanh.bao_gia_va_don_hang,ma_bo_du_lieu,Giữ dữ kiện/liên kết theo loại bản ghi và nguồn; số tổng không là đầu vào
kinh_doanh.bao_gia_va_don_hang,ma_phien_ban_chung_tu,kinh_doanh.bao_gia_va_don_hang,ma_dinh_danh,Dùng cùng khóa với bản cha; không tạo mã bản ghi đầu thứ hai
kinh_doanh.bao_gia_va_don_hang,ma_chung_tu_nhu_cau_khach,kinh_doanh.bao_gia_va_don_hang,ma_chung_tu_nhu_cau_khach,Giữ dữ kiện/liên kết theo loại bản ghi và nguồn; số tổng không là đầu vào
kinh_doanh.bao_gia_va_don_hang,ma_ben_mua,kinh_doanh.bao_gia_va_don_hang,ma_ben_mua,Giữ dữ kiện/liên kết theo loại bản ghi và nguồn; số tổng không là đầu vào
kinh_doanh.bao_gia_va_don_hang,ma_ben_tra_tien,kinh_doanh.bao_gia_va_don_hang,ma_ben_tra_tien,Giữ dữ kiện/liên kết theo loại bản ghi và nguồn; số tổng không là đầu vào
kinh_doanh.bao_gia_va_don_hang,ma_ben_nhan,kinh_doanh.bao_gia_va_don_hang,ma_ben_nhan,Giữ dữ kiện/liên kết theo loại bản ghi và nguồn; số tổng không là đầu vào
kinh_doanh.bao_gia_va_don_hang,ma_can_cu_dai_dien,kinh_doanh.bao_gia_va_don_hang,ma_can_cu_dai_dien,Giữ dữ kiện/liên kết theo loại bản ghi và nguồn; số tổng không là đầu vào
kinh_doanh.bao_gia_va_don_hang,ma_phien_ban_chinh_sach_gia,kinh_doanh.bao_gia_va_don_hang,ma_phien_ban_chinh_sach_gia,Giữ dữ kiện/liên kết theo loại bản ghi và nguồn; số tổng không là đầu vào
kinh_doanh.bao_gia_va_don_hang,thoi_diem_tao,dung_chung.chung_tu,thoi_diem_tao,Thông tin chung lưu một lần ở chứng từ/dòng cha; nhật ký và actor thực ở sự kiện vẫn giữ
kinh_doanh.bao_gia_va_don_hang,ma_tai_khoan_thuc_hien,dung_chung.chung_tu,ma_tai_khoan_thuc_hien,Thông tin chung lưu một lần ở chứng từ/dòng cha; nhật ký và actor thực ở sự kiện vẫn giữ
kinh_doanh.bao_gia_va_don_hang,so_phien_ban_ghi_dong_thoi,dung_chung.chung_tu,so_phien_ban_ghi_dong_thoi,Thông tin chung lưu một lần ở chứng từ/dòng cha; nhật ký và actor thực ở sự kiện vẫn giữ
kinh_doanh.dong_bao_gia_va_don_hang,ma_dinh_danh,kinh_doanh.dong_tu_van_bao_gia_va_don_hang,ma_dinh_danh,Giữ dữ kiện/liên kết theo loại bản ghi và nguồn; số tổng không là đầu vào
kinh_doanh.dong_bao_gia_va_don_hang,so_vien_thoa_thuan,kinh_doanh.dong_tu_van_bao_gia_va_don_hang,so_vien_thoa_thuan,Giữ dữ kiện/liên kết theo loại bản ghi và nguồn; số tổng không là đầu vào
kinh_doanh.dong_bao_gia_va_don_hang,don_gia_niem_yet_tham_chieu,kinh_doanh.dong_tu_van_bao_gia_va_don_hang,don_gia_niem_yet_tham_chieu,Giữ dữ kiện/liên kết theo loại bản ghi và nguồn; số tổng không là đầu vào
kinh_doanh.dong_bao_gia_va_don_hang,loai_chiet_khau,kinh_doanh.dong_tu_van_bao_gia_va_don_hang,loai_chiet_khau,Giữ dữ kiện/liên kết theo loại bản ghi và nguồn; số tổng không là đầu vào
kinh_doanh.dong_bao_gia_va_don_hang,gia_tri_chiet_khau,kinh_doanh.dong_tu_van_bao_gia_va_don_hang,gia_tri_chiet_khau,Giữ dữ kiện/liên kết theo loại bản ghi và nguồn; số tổng không là đầu vào
kinh_doanh.dong_bao_gia_va_don_hang,don_gia_thoa_thuan,kinh_doanh.dong_tu_van_bao_gia_va_don_hang,don_gia_thoa_thuan,Giữ dữ kiện/liên kết theo loại bản ghi và nguồn; số tổng không là đầu vào
kinh_doanh.dong_bao_gia_va_don_hang,so_tien_thoa_thuan,kinh_doanh.dong_tu_van_bao_gia_va_don_hang,so_tien_thoa_thuan,Giữ dữ kiện/liên kết theo loại bản ghi và nguồn; số tổng không là đầu vào
kinh_doanh.dong_bao_gia_va_don_hang,ngay_giao_khach_yeu_cau,kinh_doanh.dong_tu_van_bao_gia_va_don_hang,ngay_giao_khach_yeu_cau,Giữ dữ kiện/liên kết theo loại bản ghi và nguồn; số tổng không là đầu vào
kinh_doanh.dong_bao_gia_va_don_hang,muc_dich_dong_hang,kinh_doanh.dong_tu_van_bao_gia_va_don_hang,muc_dich_dong_hang,Giữ dữ kiện/liên kết theo loại bản ghi và nguồn; số tổng không là đầu vào
kinh_doanh.dong_bao_gia_va_don_hang,quy_cach_ky_thuat_ban_luu_tai_thoi_diem,kinh_doanh.dong_tu_van_bao_gia_va_don_hang,quy_cach_ky_thuat_ban_luu_tai_thoi_diem,Giữ dữ kiện/liên kết theo loại bản ghi và nguồn; số tổng không là đầu vào
kinh_doanh.dong_bao_gia_va_don_hang,ma_bo_du_lieu,kinh_doanh.dong_tu_van_bao_gia_va_don_hang,ma_bo_du_lieu,Giữ dữ kiện/liên kết theo loại bản ghi và nguồn; số tổng không là đầu vào
kinh_doanh.dong_bao_gia_va_don_hang,ma_chung_tu_don_hang,kinh_doanh.dong_tu_van_bao_gia_va_don_hang,ma_chung_tu_don_hang,Giữ dữ kiện/liên kết theo loại bản ghi và nguồn; số tổng không là đầu vào
kinh_doanh.dong_bao_gia_va_don_hang,ma_mat_hang,kinh_doanh.dong_tu_van_bao_gia_va_don_hang,ma_mat_hang,Giữ dữ kiện/liên kết theo loại bản ghi và nguồn; số tổng không là đầu vào
kinh_doanh.dong_bao_gia_va_don_hang,ma_chung_tu_mau_khach_da_duyet,kinh_doanh.dong_tu_van_bao_gia_va_don_hang,ma_chung_tu_mau_khach_da_duyet,Giữ dữ kiện/liên kết theo loại bản ghi và nguồn; số tổng không là đầu vào
kinh_doanh.dong_bao_gia_va_don_hang,ma_ho_so_giao_bu,kinh_doanh.dong_tu_van_bao_gia_va_don_hang,ma_ho_so_giao_bu,Giữ dữ kiện/liên kết theo loại bản ghi và nguồn; số tổng không là đầu vào
kinh_doanh.dong_bao_gia_va_don_hang,thoi_diem_tao,dung_chung.dong_chung_tu,thoi_diem_tao,Thông tin chung lưu một lần ở chứng từ/dòng cha; nhật ký và actor thực ở sự kiện vẫn giữ
kinh_doanh.dong_bao_gia_va_don_hang,ma_tai_khoan_thuc_hien,dung_chung.dong_chung_tu,ma_tai_khoan_thuc_hien,Thông tin chung lưu một lần ở chứng từ/dòng cha; nhật ký và actor thực ở sự kiện vẫn giữ
kinh_doanh.dong_bao_gia_va_don_hang,so_phien_ban_ghi_dong_thoi,dung_chung.dong_chung_tu,so_phien_ban_ghi_dong_thoi,Thông tin chung lưu một lần ở chứng từ/dòng cha; nhật ký và actor thực ở sự kiện vẫn giữ
kinh_doanh.mau_khach_duyet,ma_dinh_danh,kinh_doanh.mau_khach_duyet,ma_dinh_danh,Giữ dữ kiện/liên kết theo loại bản ghi và nguồn; số tổng không là đầu vào
kinh_doanh.mau_khach_duyet,so_luong_mau_rieng,kinh_doanh.mau_khach_duyet,so_luong_mau_rieng,Giữ dữ kiện/liên kết theo loại bản ghi và nguồn; số tổng không là đầu vào
kinh_doanh.mau_khach_duyet,quyet_dinh_cua_khach,kinh_doanh.mau_khach_duyet,quyet_dinh_cua_khach,Giữ dữ kiện/liên kết theo loại bản ghi và nguồn; số tổng không là đầu vào
kinh_doanh.mau_khach_duyet,thoi_diem_quyet_dinh,kinh_doanh.mau_khach_duyet,thoi_diem_quyet_dinh,Giữ dữ kiện/liên kết theo loại bản ghi và nguồn; số tổng không là đầu vào
kinh_doanh.mau_khach_duyet,chung_cu,kinh_doanh.mau_khach_duyet,chung_cu,Giữ dữ kiện/liên kết theo loại bản ghi và nguồn; số tổng không là đầu vào
kinh_doanh.mau_khach_duyet,ma_bo_du_lieu,kinh_doanh.mau_khach_duyet,ma_bo_du_lieu,Giữ dữ kiện/liên kết theo loại bản ghi và nguồn; số tổng không là đầu vào
kinh_doanh.mau_khach_duyet,ma_phien_ban_chung_tu,kinh_doanh.mau_khach_duyet,ma_dinh_danh,Dùng cùng khóa với bản cha; không tạo mã bản ghi đầu thứ hai
kinh_doanh.mau_khach_duyet,ma_dong_don_hang,kinh_doanh.mau_khach_duyet,ma_dong_don_hang,Giữ dữ kiện/liên kết theo loại bản ghi và nguồn; số tổng không là đầu vào
kinh_doanh.mau_khach_duyet,ma_lenh_san_xuat_mau,kinh_doanh.mau_khach_duyet,ma_lenh_san_xuat_mau,Giữ dữ kiện/liên kết theo loại bản ghi và nguồn; số tổng không là đầu vào
kinh_doanh.mau_khach_duyet,ma_phieu_kiem_chat_luong,kinh_doanh.mau_khach_duyet,ma_phieu_kiem_chat_luong,Giữ dữ kiện/liên kết theo loại bản ghi và nguồn; số tổng không là đầu vào
kinh_doanh.mau_khach_duyet,ma_can_cu_dai_dien_khach,kinh_doanh.mau_khach_duyet,ma_can_cu_dai_dien_khach,Giữ dữ kiện/liên kết theo loại bản ghi và nguồn; số tổng không là đầu vào
kinh_doanh.mau_khach_duyet,thoi_diem_tao,dung_chung.chung_tu,thoi_diem_tao,Thông tin chung lưu một lần ở chứng từ/dòng cha; nhật ký và actor thực ở sự kiện vẫn giữ
kinh_doanh.mau_khach_duyet,ma_tai_khoan_thuc_hien,dung_chung.chung_tu,ma_tai_khoan_thuc_hien,Thông tin chung lưu một lần ở chứng từ/dòng cha; nhật ký và actor thực ở sự kiện vẫn giữ
kinh_doanh.mau_khach_duyet,so_phien_ban_ghi_dong_thoi,dung_chung.chung_tu,so_phien_ban_ghi_dong_thoi,Thông tin chung lưu một lần ở chứng từ/dòng cha; nhật ký và actor thực ở sự kiện vẫn giữ
kinh_doanh.ho_so_thay_doi_va_xu_ly_thuong_mai,ma_dinh_danh,kinh_doanh.ho_so_xu_ly,ma_dinh_danh,Giữ dữ kiện/liên kết theo loại bản ghi và nguồn; số tổng không là đầu vào
kinh_doanh.ho_so_thay_doi_va_xu_ly_thuong_mai,loai,kinh_doanh.ho_so_xu_ly,loai,Giữ dữ kiện/liên kết theo loại bản ghi và nguồn; số tổng không là đầu vào
kinh_doanh.ho_so_thay_doi_va_xu_ly_thuong_mai,so_luong_bi_anh_huong,kinh_doanh.ho_so_xu_ly,so_luong_bi_anh_huong,Giữ dữ kiện/liên kết theo loại bản ghi và nguồn; số tổng không là đầu vào
kinh_doanh.ho_so_thay_doi_va_xu_ly_thuong_mai,phuong_an_xu_ly,kinh_doanh.ho_so_xu_ly,phuong_an_xu_ly,Giữ dữ kiện/liên kết theo loại bản ghi và nguồn; số tổng không là đầu vào
kinh_doanh.ho_so_thay_doi_va_xu_ly_thuong_mai,so_luong_da_bat_dau_tai_luc_danh_gia,kinh_doanh.ho_so_xu_ly,so_luong_da_bat_dau_tai_luc_danh_gia,Giữ dữ kiện/liên kết theo loại bản ghi và nguồn; số tổng không là đầu vào
kinh_doanh.ho_so_thay_doi_va_xu_ly_thuong_mai,can_cu_khach_xac_nhan,kinh_doanh.ho_so_xu_ly,can_cu_khach_xac_nhan,Giữ dữ kiện/liên kết theo loại bản ghi và nguồn; số tổng không là đầu vào
kinh_doanh.ho_so_thay_doi_va_xu_ly_thuong_mai,ghi_chu_giai_quyet_thuong_mai,kinh_doanh.ho_so_xu_ly,ghi_chu_giai_quyet_thuong_mai,Giữ dữ kiện/liên kết theo loại bản ghi và nguồn; số tổng không là đầu vào
kinh_doanh.ho_so_thay_doi_va_xu_ly_thuong_mai,ma_bo_du_lieu,kinh_doanh.ho_so_xu_ly,ma_bo_du_lieu,Giữ dữ kiện/liên kết theo loại bản ghi và nguồn; số tổng không là đầu vào
kinh_doanh.ho_so_thay_doi_va_xu_ly_thuong_mai,ma_phien_ban_chung_tu,kinh_doanh.ho_so_xu_ly,ma_dinh_danh,Dùng cùng khóa với bản cha; không tạo mã bản ghi đầu thứ hai
kinh_doanh.ho_so_thay_doi_va_xu_ly_thuong_mai,ma_dong_don_hang_goc,kinh_doanh.ho_so_xu_ly,ma_dong_don_hang_goc,Giữ dữ kiện/liên kết theo loại bản ghi và nguồn; số tổng không là đầu vào
kinh_doanh.ho_so_thay_doi_va_xu_ly_thuong_mai,ma_dong_don_hang_moi,kinh_doanh.ho_so_xu_ly,ma_dong_don_hang_moi,Giữ dữ kiện/liên kết theo loại bản ghi và nguồn; số tổng không là đầu vào
kinh_doanh.ho_so_thay_doi_va_xu_ly_thuong_mai,ma_dong_ghi_ban_goc,kinh_doanh.ho_so_xu_ly,ma_dong_ghi_ban_goc,Giữ dữ kiện/liên kết theo loại bản ghi và nguồn; số tổng không là đầu vào
kinh_doanh.ho_so_thay_doi_va_xu_ly_thuong_mai,ma_phe_duyet,kinh_doanh.ho_so_xu_ly,ma_phe_duyet,Giữ dữ kiện/liên kết theo loại bản ghi và nguồn; số tổng không là đầu vào
kinh_doanh.ho_so_thay_doi_va_xu_ly_thuong_mai,thoi_diem_tao,dung_chung.chung_tu,thoi_diem_tao,Thông tin chung lưu một lần ở chứng từ/dòng cha; nhật ký và actor thực ở sự kiện vẫn giữ
kinh_doanh.ho_so_thay_doi_va_xu_ly_thuong_mai,ma_tai_khoan_thuc_hien,dung_chung.chung_tu,ma_tai_khoan_thuc_hien,Thông tin chung lưu một lần ở chứng từ/dòng cha; nhật ký và actor thực ở sự kiện vẫn giữ
kinh_doanh.ho_so_thay_doi_va_xu_ly_thuong_mai,so_phien_ban_ghi_dong_thoi,dung_chung.chung_tu,so_phien_ban_ghi_dong_thoi,Thông tin chung lưu một lần ở chứng từ/dòng cha; nhật ký và actor thực ở sự kiện vẫn giữ
mua_hang.don_mua_hang,ma_dinh_danh,mua_hang.don_mua_hang,ma_dinh_danh,Giữ dữ kiện/liên kết theo loại bản ghi và nguồn; số tổng không là đầu vào
mua_hang.don_mua_hang,ma_chung_tu_nha_cung_cap,mua_hang.don_mua_hang,ma_chung_tu_nha_cung_cap,Giữ dữ kiện/liên kết theo loại bản ghi và nguồn; số tổng không là đầu vào
mua_hang.don_mua_hang,ngay_cam_ket,mua_hang.don_mua_hang,ngay_cam_ket,Giữ dữ kiện/liên kết theo loại bản ghi và nguồn; số tổng không là đầu vào
mua_hang.don_mua_hang,dieu_kien_thanh_toan,mua_hang.don_mua_hang,dieu_kien_thanh_toan,Giữ dữ kiện/liên kết theo loại bản ghi và nguồn; số tổng không là đầu vào
mua_hang.don_mua_hang,ghi_chu_doi_chieu_nguon_cung,mua_hang.don_mua_hang,ghi_chu_doi_chieu_nguon_cung,Giữ dữ kiện/liên kết theo loại bản ghi và nguồn; số tổng không là đầu vào
mua_hang.don_mua_hang,ma_bo_du_lieu,mua_hang.don_mua_hang,ma_bo_du_lieu,Giữ dữ kiện/liên kết theo loại bản ghi và nguồn; số tổng không là đầu vào
mua_hang.don_mua_hang,ma_phien_ban_chung_tu,mua_hang.don_mua_hang,ma_dinh_danh,Dùng cùng khóa với bản cha; không tạo mã bản ghi đầu thứ hai
mua_hang.don_mua_hang,ma_nha_cung_cap,mua_hang.don_mua_hang,ma_nha_cung_cap,Giữ dữ kiện/liên kết theo loại bản ghi và nguồn; số tổng không là đầu vào
mua_hang.don_mua_hang,thoi_diem_tao,dung_chung.chung_tu,thoi_diem_tao,Thông tin chung lưu một lần ở chứng từ/dòng cha; nhật ký và actor thực ở sự kiện vẫn giữ
mua_hang.don_mua_hang,ma_tai_khoan_thuc_hien,dung_chung.chung_tu,ma_tai_khoan_thuc_hien,Thông tin chung lưu một lần ở chứng từ/dòng cha; nhật ký và actor thực ở sự kiện vẫn giữ
mua_hang.don_mua_hang,so_phien_ban_ghi_dong_thoi,dung_chung.chung_tu,so_phien_ban_ghi_dong_thoi,Thông tin chung lưu một lần ở chứng từ/dòng cha; nhật ký và actor thực ở sự kiện vẫn giữ
mua_hang.dong_don_mua_hang,ma_dinh_danh,mua_hang.dong_don_mua_hang,ma_dinh_danh,Giữ dữ kiện/liên kết theo loại bản ghi và nguồn; số tổng không là đầu vào
mua_hang.dong_don_mua_hang,so_luong_theo_don_vi_nhap,mua_hang.dong_don_mua_hang,so_luong_theo_don_vi_nhap,Giữ dữ kiện/liên kết theo loại bản ghi và nguồn; số tổng không là đầu vào
mua_hang.dong_don_mua_hang,don_gia_mua,mua_hang.dong_don_mua_hang,don_gia_mua,Giữ dữ kiện/liên kết theo loại bản ghi và nguồn; số tổng không là đầu vào
mua_hang.dong_don_mua_hang,so_tien_thoa_thuan,mua_hang.dong_don_mua_hang,so_tien_thoa_thuan,Giữ dữ kiện/liên kết theo loại bản ghi và nguồn; số tổng không là đầu vào
mua_hang.dong_don_mua_hang,ngay_cam_ket,mua_hang.dong_don_mua_hang,ngay_cam_ket,Giữ dữ kiện/liên kết theo loại bản ghi và nguồn; số tổng không là đầu vào
mua_hang.dong_don_mua_hang,ma_bo_du_lieu,mua_hang.dong_don_mua_hang,ma_bo_du_lieu,Giữ dữ kiện/liên kết theo loại bản ghi và nguồn; số tổng không là đầu vào
mua_hang.dong_don_mua_hang,ma_chung_tu_don_hang,mua_hang.dong_don_mua_hang,ma_chung_tu_don_hang,Giữ dữ kiện/liên kết theo loại bản ghi và nguồn; số tổng không là đầu vào
mua_hang.dong_don_mua_hang,ma_mat_hang,mua_hang.dong_don_mua_hang,ma_mat_hang,Giữ dữ kiện/liên kết theo loại bản ghi và nguồn; số tổng không là đầu vào
mua_hang.dong_don_mua_hang,ma_don_vi_nhap,mua_hang.dong_don_mua_hang,ma_don_vi_nhap,Giữ dữ kiện/liên kết theo loại bản ghi và nguồn; số tổng không là đầu vào
mua_hang.dong_don_mua_hang,ma_quy_doi,mua_hang.dong_don_mua_hang,ma_quy_doi,Giữ dữ kiện/liên kết theo loại bản ghi và nguồn; số tổng không là đầu vào
mua_hang.dong_don_mua_hang,thoi_diem_tao,dung_chung.dong_chung_tu,thoi_diem_tao,Thông tin chung lưu một lần ở chứng từ/dòng cha; nhật ký và actor thực ở sự kiện vẫn giữ
mua_hang.dong_don_mua_hang,ma_tai_khoan_thuc_hien,dung_chung.dong_chung_tu,ma_tai_khoan_thuc_hien,Thông tin chung lưu một lần ở chứng từ/dòng cha; nhật ký và actor thực ở sự kiện vẫn giữ
mua_hang.dong_don_mua_hang,so_phien_ban_ghi_dong_thoi,dung_chung.dong_chung_tu,so_phien_ban_ghi_dong_thoi,Thông tin chung lưu một lần ở chứng từ/dòng cha; nhật ký và actor thực ở sự kiện vẫn giữ
mua_hang.phan_bo_hang_dang_ve,ma_dinh_danh,kho.su_kien_giu_khoa_va_dang_ve,ma_dinh_danh,Giữ dữ kiện/liên kết theo loại bản ghi và nguồn; số tổng không là đầu vào
mua_hang.phan_bo_hang_dang_ve,so_luong_do_theo_don_vi_co_so,kho.su_kien_giu_khoa_va_dang_ve,so_luong_do_theo_don_vi_co_so,Giữ dữ kiện/liên kết theo loại bản ghi và nguồn; số tổng không là đầu vào
mua_hang.phan_bo_hang_dang_ve,thoi_diem_co_hieu_luc,kho.su_kien_giu_khoa_va_dang_ve,thoi_diem_co_hieu_luc,Giữ dữ kiện/liên kết theo loại bản ghi và nguồn; số tổng không là đầu vào
mua_hang.phan_bo_hang_dang_ve,thoi_diem_ket_thuc_hieu_luc,kho.su_kien_giu_khoa_va_dang_ve,thoi_diem_ket_thuc_hieu_luc,Giữ dữ kiện/liên kết theo loại bản ghi và nguồn; số tổng không là đầu vào
mua_hang.phan_bo_hang_dang_ve,ma_bo_du_lieu,kho.su_kien_giu_khoa_va_dang_ve,ma_bo_du_lieu,Giữ dữ kiện/liên kết theo loại bản ghi và nguồn; số tổng không là đầu vào
mua_hang.phan_bo_hang_dang_ve,ma_dong_don_mua,kho.su_kien_giu_khoa_va_dang_ve,ma_dong_don_mua,Giữ dữ kiện/liên kết theo loại bản ghi và nguồn; số tổng không là đầu vào
mua_hang.phan_bo_hang_dang_ve,ma_yeu_cau_hang,kho.su_kien_giu_khoa_va_dang_ve,ma_yeu_cau_hang,Giữ dữ kiện/liên kết theo loại bản ghi và nguồn; số tổng không là đầu vào
mua_hang.phan_bo_hang_dang_ve,ma_ban_phan_bo_hang_ve_bi_thay,kho.su_kien_giu_khoa_va_dang_ve,ma_su_kien_dang_ve_bi_thay,Giữ dữ kiện/liên kết theo loại bản ghi và nguồn; số tổng không là đầu vào
mua_hang.phan_bo_hang_dang_ve,thoi_diem_tao,kho.su_kien_giu_khoa_va_dang_ve,thoi_diem_tao,Giữ dữ kiện/liên kết theo loại bản ghi và nguồn; số tổng không là đầu vào
mua_hang.phan_bo_hang_dang_ve,ma_tai_khoan_thuc_hien,kho.su_kien_giu_khoa_va_dang_ve,ma_tai_khoan_thuc_hien,Giữ dữ kiện/liên kết theo loại bản ghi và nguồn; số tổng không là đầu vào
mua_hang.phan_bo_hang_dang_ve,so_phien_ban_ghi_dong_thoi,kho.su_kien_giu_khoa_va_dang_ve,so_phien_ban_ghi_dong_thoi,Giữ dữ kiện/liên kết theo loại bản ghi và nguồn; số tổng không là đầu vào
kho.lo_hang,ma_dinh_danh,kho.lo_hang,ma_dinh_danh,Giữ dữ kiện/liên kết theo loại bản ghi và nguồn; số tổng không là đầu vào
kho.lo_hang,ma_nghiep_vu,kho.lo_hang,ma_nghiep_vu,Giữ dữ kiện/liên kết theo loại bản ghi và nguồn; số tổng không là đầu vào
kho.lo_hang,ma_lo_nha_cung_cap,kho.lo_hang,ma_lo_nha_cung_cap,Giữ dữ kiện/liên kết theo loại bản ghi và nguồn; số tổng không là đầu vào
kho.lo_hang,ngay_san_xuat,kho.lo_hang,ngay_san_xuat,Giữ dữ kiện/liên kết theo loại bản ghi và nguồn; số tổng không là đầu vào
kho.lo_hang,ngay_het_han,kho.lo_hang,ngay_het_han,Giữ dữ kiện/liên kết theo loại bản ghi và nguồn; số tổng không là đầu vào
kho.lo_hang,loai_nguon_hinh_thanh_lo,kho.lo_hang,loai_nguon_hinh_thanh_lo,Giữ dữ kiện/liên kết theo loại bản ghi và nguồn; số tổng không là đầu vào
kho.lo_hang,ma_bo_du_lieu,kho.lo_hang,ma_bo_du_lieu,Giữ dữ kiện/liên kết theo loại bản ghi và nguồn; số tổng không là đầu vào
kho.lo_hang,ma_mat_hang,kho.lo_hang,ma_mat_hang,Giữ dữ kiện/liên kết theo loại bản ghi và nguồn; số tổng không là đầu vào
kho.lo_hang,ma_chung_tu_hinh_thanh_lo,kho.lo_hang,ma_chung_tu_hinh_thanh_lo,Giữ dữ kiện/liên kết theo loại bản ghi và nguồn; số tổng không là đầu vào
kho.lo_hang,ma_lo_san_xuat_nguon,kho.lo_hang,ma_lo_san_xuat_nguon,Giữ dữ kiện/liên kết theo loại bản ghi và nguồn; số tổng không là đầu vào
kho.lo_hang,thoi_diem_tao,kho.lo_hang,thoi_diem_tao,Giữ dữ kiện/liên kết theo loại bản ghi và nguồn; số tổng không là đầu vào
kho.lo_hang,ma_tai_khoan_thuc_hien,kho.lo_hang,ma_tai_khoan_thuc_hien,Giữ dữ kiện/liên kết theo loại bản ghi và nguồn; số tổng không là đầu vào
kho.lo_hang,so_phien_ban_ghi_dong_thoi,kho.lo_hang,so_phien_ban_ghi_dong_thoi,Giữ dữ kiện/liên kết theo loại bản ghi và nguồn; số tổng không là đầu vào
kho.phan_lo_hang,ma_dinh_danh,kho.phan_lo_hang,ma_dinh_danh,Giữ dữ kiện/liên kết theo loại bản ghi và nguồn; số tổng không là đầu vào
kho.phan_lo_hang,tinh_trang_chat_luong,kho.phan_lo_hang,tinh_trang_chat_luong,Giữ dữ kiện/liên kết theo loại bản ghi và nguồn; số tổng không là đầu vào
kho.phan_lo_hang,quyen_so_huu,kho.phan_lo_hang,quyen_so_huu,Giữ dữ kiện/liên kết theo loại bản ghi và nguồn; số tổng không là đầu vào
kho.phan_lo_hang,quy_cach_ky_thuat_ban_luu_tai_thoi_diem,kho.phan_lo_hang,quy_cach_ky_thuat_ban_luu_tai_thoi_diem,Giữ dữ kiện/liên kết theo loại bản ghi và nguồn; số tổng không là đầu vào
kho.phan_lo_hang,ma_bo_du_lieu,kho.phan_lo_hang,ma_bo_du_lieu,Giữ dữ kiện/liên kết theo loại bản ghi và nguồn; số tổng không là đầu vào
kho.phan_lo_hang,ma_lo_hang,kho.phan_lo_hang,ma_lo_hang,Giữ dữ kiện/liên kết theo loại bản ghi và nguồn; số tổng không là đầu vào
kho.phan_lo_hang,ma_phan_lo_cha,kho.phan_lo_hang,ma_phan_lo_cha,Giữ dữ kiện/liên kết theo loại bản ghi và nguồn; số tổng không là đầu vào
kho.phan_lo_hang,ma_phieu_ket_luan_chat_luong,kho.phan_lo_hang,ma_phieu_ket_luan_chat_luong,Giữ dữ kiện/liên kết theo loại bản ghi và nguồn; số tổng không là đầu vào
kho.phan_lo_hang,thoi_diem_tao,kho.phan_lo_hang,thoi_diem_tao,Giữ dữ kiện/liên kết theo loại bản ghi và nguồn; số tổng không là đầu vào
kho.phan_lo_hang,ma_tai_khoan_thuc_hien,kho.phan_lo_hang,ma_tai_khoan_thuc_hien,Giữ dữ kiện/liên kết theo loại bản ghi và nguồn; số tổng không là đầu vào
kho.phan_lo_hang,so_phien_ban_ghi_dong_thoi,kho.phan_lo_hang,so_phien_ban_ghi_dong_thoi,Giữ dữ kiện/liên kết theo loại bản ghi và nguồn; số tổng không là đầu vào
kho.phieu_van_dong_hang,ma_dinh_danh,dung_chung.chung_tu,ma_dinh_danh,Giữ dữ kiện/liên kết theo loại bản ghi và nguồn; số tổng không là đầu vào
kho.phieu_van_dong_hang,loai,dung_chung.chung_tu,loai_van_dong_kho,Giữ dữ kiện/liên kết theo loại bản ghi và nguồn; số tổng không là đầu vào
kho.phieu_van_dong_hang,trang_thai_xac_nhan_thuc_hien,dung_chung.chung_tu,trang_thai_ghi_so,Giữ dữ kiện/liên kết theo loại bản ghi và nguồn; số tổng không là đầu vào
kho.phieu_van_dong_hang,thoi_diem_thuc_hien_nghiep_vu,dung_chung.chung_tu,thoi_diem_thuc_hien_nghiep_vu,Giữ dữ kiện/liên kết theo loại bản ghi và nguồn; số tổng không là đầu vào
kho.phieu_van_dong_hang,thu_tu_ghi_so,dung_chung.chung_tu,thu_tu_ghi_so,Giữ dữ kiện/liên kết theo loại bản ghi và nguồn; số tổng không là đầu vào
kho.phieu_van_dong_hang,ma_bo_du_lieu,dung_chung.chung_tu,ma_bo_du_lieu,Giữ dữ kiện/liên kết theo loại bản ghi và nguồn; số tổng không là đầu vào
kho.phieu_van_dong_hang,ma_phien_ban_chung_tu,dung_chung.chung_tu,ma_dinh_danh,Dùng cùng khóa với bản cha; không tạo mã bản ghi đầu thứ hai
kho.phieu_van_dong_hang,ma_bien_nhan_xac_nhan_giao_dich,dung_chung.chung_tu,ma_bien_nhan_xac_nhan_giao_dich,Giữ dữ kiện/liên kết theo loại bản ghi và nguồn; số tổng không là đầu vào
kho.phieu_van_dong_hang,thoi_diem_tao,dung_chung.chung_tu,thoi_diem_tao,Giữ dữ kiện/liên kết theo loại bản ghi và nguồn; số tổng không là đầu vào
kho.phieu_van_dong_hang,ma_tai_khoan_thuc_hien,dung_chung.chung_tu,ma_tai_khoan_thuc_hien,Giữ dữ kiện/liên kết theo loại bản ghi và nguồn; số tổng không là đầu vào
kho.phieu_van_dong_hang,so_phien_ban_ghi_dong_thoi,dung_chung.chung_tu,so_phien_ban_ghi_dong_thoi,Giữ dữ kiện/liên kết theo loại bản ghi và nguồn; số tổng không là đầu vào
kho.dong_van_dong_hang,ma_dinh_danh,kho.dong_van_dong_hang,ma_dinh_danh,Giữ dữ kiện/liên kết theo loại bản ghi và nguồn; số tổng không là đầu vào
kho.dong_van_dong_hang,so_luong_theo_don_vi_nhap,kho.dong_van_dong_hang,so_luong_theo_don_vi_nhap,Giữ dữ kiện/liên kết theo loại bản ghi và nguồn; số tổng không là đầu vào
kho.dong_van_dong_hang,so_luong_do_theo_don_vi_co_so,kho.dong_van_dong_hang,so_luong_do_theo_don_vi_co_so,Giữ dữ kiện/liên kết theo loại bản ghi và nguồn; số tổng không là đầu vào
kho.dong_van_dong_hang,he_so_quy_doi_tai_lan_ghi_nhan,kho.dong_van_dong_hang,he_so_quy_doi_tai_lan_ghi_nhan,Giữ dữ kiện/liên kết theo loại bản ghi và nguồn; số tổng không là đầu vào
kho.dong_van_dong_hang,ly_do,kho.dong_van_dong_hang,ly_do,Giữ dữ kiện/liên kết theo loại bản ghi và nguồn; số tổng không là đầu vào
kho.dong_van_dong_hang,ma_bo_du_lieu,kho.dong_van_dong_hang,ma_bo_du_lieu,Giữ dữ kiện/liên kết theo loại bản ghi và nguồn; số tổng không là đầu vào
kho.dong_van_dong_hang,ma_phieu_van_dong_hang,kho.dong_van_dong_hang,ma_phieu_van_dong_hang,Giữ dữ kiện/liên kết theo loại bản ghi và nguồn; số tổng không là đầu vào
kho.dong_van_dong_hang,ma_phan_lo_nguon,kho.dong_van_dong_hang,ma_phan_lo_nguon,Giữ dữ kiện/liên kết theo loại bản ghi và nguồn; số tổng không là đầu vào
kho.dong_van_dong_hang,ma_phan_lo_dich,kho.dong_van_dong_hang,ma_phan_lo_dich,Giữ dữ kiện/liên kết theo loại bản ghi và nguồn; số tổng không là đầu vào
kho.dong_van_dong_hang,ma_vi_tri_nguon,kho.dong_van_dong_hang,ma_vi_tri_nguon,Giữ dữ kiện/liên kết theo loại bản ghi và nguồn; số tổng không là đầu vào
kho.dong_van_dong_hang,ma_vi_tri_dich,kho.dong_van_dong_hang,ma_vi_tri_dich,Giữ dữ kiện/liên kết theo loại bản ghi và nguồn; số tổng không là đầu vào
kho.dong_van_dong_hang,ma_don_vi_nhap,kho.dong_van_dong_hang,ma_don_vi_nhap,Giữ dữ kiện/liên kết theo loại bản ghi và nguồn; số tổng không là đầu vào
kho.dong_van_dong_hang,ma_quy_doi,kho.dong_van_dong_hang,ma_quy_doi,Giữ dữ kiện/liên kết theo loại bản ghi và nguồn; số tổng không là đầu vào
kho.dong_van_dong_hang,ma_dong_nghiep_vu_goc,kho.dong_van_dong_hang,ma_dong_nghiep_vu_goc,Giữ dữ kiện/liên kết theo loại bản ghi và nguồn; số tổng không là đầu vào
kho.dong_van_dong_hang,ma_yeu_cau_hang,kho.dong_van_dong_hang,ma_yeu_cau_hang,Giữ dữ kiện/liên kết theo loại bản ghi và nguồn; số tổng không là đầu vào
kho.dong_van_dong_hang,ma_chung_tu_phuong_an_xu_ly,kho.dong_van_dong_hang,ma_chung_tu_phuong_an_xu_ly,Giữ dữ kiện/liên kết theo loại bản ghi và nguồn; số tổng không là đầu vào
kho.dong_van_dong_hang,thoi_diem_tao,dung_chung.dong_chung_tu,thoi_diem_tao,Thông tin chung lưu một lần ở chứng từ/dòng cha; nhật ký và actor thực ở sự kiện vẫn giữ
kho.dong_van_dong_hang,ma_tai_khoan_thuc_hien,dung_chung.dong_chung_tu,ma_tai_khoan_thuc_hien,Thông tin chung lưu một lần ở chứng từ/dòng cha; nhật ký và actor thực ở sự kiện vẫn giữ
kho.dong_van_dong_hang,so_phien_ban_ghi_dong_thoi,dung_chung.dong_chung_tu,so_phien_ban_ghi_dong_thoi,Thông tin chung lưu một lần ở chứng từ/dòng cha; nhật ký và actor thực ở sự kiện vẫn giữ
kho.yeu_cau_hang_va_vat_tu,ma_dinh_danh,kho.yeu_cau_hang_va_vat_tu,ma_dinh_danh,Giữ dữ kiện/liên kết theo loại bản ghi và nguồn; số tổng không là đầu vào
kho.yeu_cau_hang_va_vat_tu,muc_dich,kho.yeu_cau_hang_va_vat_tu,muc_dich,Giữ dữ kiện/liên kết theo loại bản ghi và nguồn; số tổng không là đầu vào
kho.yeu_cau_hang_va_vat_tu,so_luong_can_theo_yeu_cau,kho.yeu_cau_hang_va_vat_tu,so_luong_can_theo_yeu_cau,Giữ dữ kiện/liên kết theo loại bản ghi và nguồn; số tổng không là đầu vào
kho.yeu_cau_hang_va_vat_tu,ngay_can_dap_ung,kho.yeu_cau_hang_va_vat_tu,ngay_can_dap_ung,Giữ dữ kiện/liên kết theo loại bản ghi và nguồn; số tổng không là đầu vào
kho.yeu_cau_hang_va_vat_tu,trang_thai_xu_ly,kho.yeu_cau_hang_va_vat_tu,trang_thai_xu_ly,Giữ dữ kiện/liên kết theo loại bản ghi và nguồn; số tổng không là đầu vào
kho.yeu_cau_hang_va_vat_tu,ma_bo_du_lieu,kho.yeu_cau_hang_va_vat_tu,ma_bo_du_lieu,Giữ dữ kiện/liên kết theo loại bản ghi và nguồn; số tổng không là đầu vào
kho.yeu_cau_hang_va_vat_tu,ma_dong_nguon_nghiep_vu,kho.yeu_cau_hang_va_vat_tu,ma_dong_nguon_nghiep_vu,Giữ dữ kiện/liên kết theo loại bản ghi và nguồn; số tổng không là đầu vào
kho.yeu_cau_hang_va_vat_tu,ma_mat_hang,kho.yeu_cau_hang_va_vat_tu,ma_mat_hang,Giữ dữ kiện/liên kết theo loại bản ghi và nguồn; số tổng không là đầu vào
kho.yeu_cau_hang_va_vat_tu,ma_don_vi,kho.yeu_cau_hang_va_vat_tu,ma_don_vi,Giữ dữ kiện/liên kết theo loại bản ghi và nguồn; số tổng không là đầu vào
kho.yeu_cau_hang_va_vat_tu,ma_yeu_cau_hang_bi_thay,kho.yeu_cau_hang_va_vat_tu,ma_yeu_cau_hang_bi_thay,Giữ dữ kiện/liên kết theo loại bản ghi và nguồn; số tổng không là đầu vào
kho.yeu_cau_hang_va_vat_tu,thoi_diem_tao,dung_chung.dong_chung_tu,thoi_diem_tao,Thông tin chung lưu một lần ở chứng từ/dòng cha; nhật ký và actor thực ở sự kiện vẫn giữ
kho.yeu_cau_hang_va_vat_tu,ma_tai_khoan_thuc_hien,dung_chung.dong_chung_tu,ma_tai_khoan_thuc_hien,Thông tin chung lưu một lần ở chứng từ/dòng cha; nhật ký và actor thực ở sự kiện vẫn giữ
kho.yeu_cau_hang_va_vat_tu,so_phien_ban_ghi_dong_thoi,dung_chung.dong_chung_tu,so_phien_ban_ghi_dong_thoi,Thông tin chung lưu một lần ở chứng từ/dòng cha; nhật ký và actor thực ở sự kiện vẫn giữ
kho.su_kien_giu_hang,ma_dinh_danh,kho.su_kien_giu_khoa_va_dang_ve,ma_dinh_danh,Giữ dữ kiện/liên kết theo loại bản ghi và nguồn; số tổng không là đầu vào
kho.su_kien_giu_hang,loai,kho.su_kien_giu_khoa_va_dang_ve,loai,Giữ dữ kiện/liên kết theo loại bản ghi và nguồn; số tổng không là đầu vào
kho.su_kien_giu_hang,so_luong_do_theo_don_vi_co_so,kho.su_kien_giu_khoa_va_dang_ve,so_luong_do_theo_don_vi_co_so,Giữ dữ kiện/liên kết theo loại bản ghi và nguồn; số tổng không là đầu vào
kho.su_kien_giu_hang,thoi_diem_thuc_hien_nghiep_vu,kho.su_kien_giu_khoa_va_dang_ve,thoi_diem_thuc_hien_nghiep_vu,Giữ dữ kiện/liên kết theo loại bản ghi và nguồn; số tổng không là đầu vào
kho.su_kien_giu_hang,ly_do,kho.su_kien_giu_khoa_va_dang_ve,ly_do,Giữ dữ kiện/liên kết theo loại bản ghi và nguồn; số tổng không là đầu vào
kho.su_kien_giu_hang,ma_bo_du_lieu,kho.su_kien_giu_khoa_va_dang_ve,ma_bo_du_lieu,Giữ dữ kiện/liên kết theo loại bản ghi và nguồn; số tổng không là đầu vào
kho.su_kien_giu_hang,ma_yeu_cau_hang,kho.su_kien_giu_khoa_va_dang_ve,ma_yeu_cau_hang,Giữ dữ kiện/liên kết theo loại bản ghi và nguồn; số tổng không là đầu vào
kho.su_kien_giu_hang,ma_phan_lo,kho.su_kien_giu_khoa_va_dang_ve,ma_phan_lo,Giữ dữ kiện/liên kết theo loại bản ghi và nguồn; số tổng không là đầu vào
kho.su_kien_giu_hang,ma_vi_tri,kho.su_kien_giu_khoa_va_dang_ve,ma_vi_tri,Giữ dữ kiện/liên kết theo loại bản ghi và nguồn; số tổng không là đầu vào
kho.su_kien_giu_hang,ma_su_kien_giu_goc,kho.su_kien_giu_khoa_va_dang_ve,ma_su_kien_goc,Giữ dữ kiện/liên kết theo loại bản ghi và nguồn; số tổng không là đầu vào
kho.su_kien_giu_hang,ma_dong_van_dong_hang,kho.su_kien_giu_khoa_va_dang_ve,ma_dong_van_dong_hang,Giữ dữ kiện/liên kết theo loại bản ghi và nguồn; số tổng không là đầu vào
kho.su_kien_giu_hang,ma_phe_duyet,kho.su_kien_giu_khoa_va_dang_ve,ma_phe_duyet,Giữ dữ kiện/liên kết theo loại bản ghi và nguồn; số tổng không là đầu vào
kho.su_kien_giu_hang,thoi_diem_he_thong_ghi_nhan,kho.su_kien_giu_khoa_va_dang_ve,thoi_diem_he_thong_ghi_nhan,Giữ dữ kiện/liên kết theo loại bản ghi và nguồn; số tổng không là đầu vào
kho.su_kien_giu_hang,ma_tai_khoan_thuc_hien,kho.su_kien_giu_khoa_va_dang_ve,ma_tai_khoan_thuc_hien,Giữ dữ kiện/liên kết theo loại bản ghi và nguồn; số tổng không là đầu vào
kho.bien_ban_kiem_ke,ma_dinh_danh,dung_chung.chung_tu,ma_dinh_danh,Giữ dữ kiện/liên kết theo loại bản ghi và nguồn; số tổng không là đầu vào
kho.bien_ban_kiem_ke,thoi_diem_moc_doi_chieu,dung_chung.chung_tu,thoi_diem_moc_doi_chieu,Giữ dữ kiện/liên kết theo loại bản ghi và nguồn; số tổng không là đầu vào
kho.bien_ban_kiem_ke,pham_vi,dung_chung.chung_tu,pham_vi,Giữ dữ kiện/liên kết theo loại bản ghi và nguồn; số tổng không là đầu vào
kho.bien_ban_kiem_ke,trang_thai_xu_ly,dung_chung.chung_tu,trang_thai_xu_ly,Giữ dữ kiện/liên kết theo loại bản ghi và nguồn; số tổng không là đầu vào
kho.bien_ban_kiem_ke,thoi_diem_bat_dau_ngung_giao_dich_kiem_ke,dung_chung.chung_tu,thoi_diem_bat_dau_ngung_giao_dich_kiem_ke,Giữ dữ kiện/liên kết theo loại bản ghi và nguồn; số tổng không là đầu vào
kho.bien_ban_kiem_ke,thoi_diem_ket_thuc_ngung_giao_dich_kiem_ke,dung_chung.chung_tu,thoi_diem_ket_thuc_ngung_giao_dich_kiem_ke,Giữ dữ kiện/liên kết theo loại bản ghi và nguồn; số tổng không là đầu vào
kho.bien_ban_kiem_ke,ma_bo_du_lieu,dung_chung.chung_tu,ma_bo_du_lieu,Giữ dữ kiện/liên kết theo loại bản ghi và nguồn; số tổng không là đầu vào
kho.bien_ban_kiem_ke,ma_phien_ban_chung_tu,dung_chung.chung_tu,ma_dinh_danh,Dùng cùng khóa với bản cha; không tạo mã bản ghi đầu thứ hai
kho.bien_ban_kiem_ke,ma_nhan_vien_dem_thuc,dung_chung.chung_tu,ma_nhan_vien_dem_thuc,Giữ dữ kiện/liên kết theo loại bản ghi và nguồn; số tổng không là đầu vào
kho.bien_ban_kiem_ke,ma_nhan_vien_doi_chieu,dung_chung.chung_tu,ma_nhan_vien_doi_chieu,Giữ dữ kiện/liên kết theo loại bản ghi và nguồn; số tổng không là đầu vào
kho.bien_ban_kiem_ke,thoi_diem_tao,dung_chung.chung_tu,thoi_diem_tao,Giữ dữ kiện/liên kết theo loại bản ghi và nguồn; số tổng không là đầu vào
kho.bien_ban_kiem_ke,ma_tai_khoan_thuc_hien,dung_chung.chung_tu,ma_tai_khoan_thuc_hien,Giữ dữ kiện/liên kết theo loại bản ghi và nguồn; số tổng không là đầu vào
kho.bien_ban_kiem_ke,so_phien_ban_ghi_dong_thoi,dung_chung.chung_tu,so_phien_ban_ghi_dong_thoi,Giữ dữ kiện/liên kết theo loại bản ghi và nguồn; số tổng không là đầu vào
kho.dong_kiem_ke,ma_dinh_danh,kho.dong_kiem_ke,ma_dinh_danh,Giữ dữ kiện/liên kết theo loại bản ghi và nguồn; số tổng không là đầu vào
kho.dong_kiem_ke,so_luong_dem_thuc,kho.dong_kiem_ke,so_luong_dem_thuc,Giữ dữ kiện/liên kết theo loại bản ghi và nguồn; số tổng không là đầu vào
kho.dong_kiem_ke,so_luong_so_tai_moc_kiem_ke,kho.dong_kiem_ke,so_luong_so_tai_moc_kiem_ke,Giữ dữ kiện/liên kết theo loại bản ghi và nguồn; số tổng không là đầu vào
kho.dong_kiem_ke,ly_do,kho.dong_kiem_ke,ly_do,Giữ dữ kiện/liên kết theo loại bản ghi và nguồn; số tổng không là đầu vào
kho.dong_kiem_ke,ma_bo_du_lieu,kho.dong_kiem_ke,ma_bo_du_lieu,Giữ dữ kiện/liên kết theo loại bản ghi và nguồn; số tổng không là đầu vào
kho.dong_kiem_ke,ma_bien_ban_kiem_ke,kho.dong_kiem_ke,ma_bien_ban_kiem_ke,Giữ dữ kiện/liên kết theo loại bản ghi và nguồn; số tổng không là đầu vào
kho.dong_kiem_ke,ma_phan_lo,kho.dong_kiem_ke,ma_phan_lo,Giữ dữ kiện/liên kết theo loại bản ghi và nguồn; số tổng không là đầu vào
kho.dong_kiem_ke,ma_vi_tri,kho.dong_kiem_ke,ma_vi_tri,Giữ dữ kiện/liên kết theo loại bản ghi và nguồn; số tổng không là đầu vào
kho.dong_kiem_ke,ma_dong_dieu_chinh,kho.dong_kiem_ke,ma_dong_dieu_chinh,Giữ dữ kiện/liên kết theo loại bản ghi và nguồn; số tổng không là đầu vào
kho.dong_kiem_ke,thoi_diem_tao,dung_chung.dong_chung_tu,thoi_diem_tao,Thông tin chung lưu một lần ở chứng từ/dòng cha; nhật ký và actor thực ở sự kiện vẫn giữ
kho.dong_kiem_ke,ma_tai_khoan_thuc_hien,dung_chung.dong_chung_tu,ma_tai_khoan_thuc_hien,Thông tin chung lưu một lần ở chứng từ/dòng cha; nhật ký và actor thực ở sự kiện vẫn giữ
kho.dong_kiem_ke,so_phien_ban_ghi_dong_thoi,dung_chung.dong_chung_tu,so_phien_ban_ghi_dong_thoi,Thông tin chung lưu một lần ở chứng từ/dòng cha; nhật ký và actor thực ở sự kiện vẫn giữ
san_xuat.phien_ban_dinh_muc_san_xuat,ma_dinh_danh,san_xuat.phien_ban_dinh_muc_san_xuat,ma_dinh_danh,Giữ dữ kiện/liên kết theo loại bản ghi và nguồn; số tổng không là đầu vào
san_xuat.phien_ban_dinh_muc_san_xuat,ma_nghiep_vu,san_xuat.phien_ban_dinh_muc_san_xuat,ma_nghiep_vu,Giữ dữ kiện/liên kết theo loại bản ghi và nguồn; số tổng không là đầu vào
san_xuat.phien_ban_dinh_muc_san_xuat,so_phien_ban,san_xuat.phien_ban_dinh_muc_san_xuat,so_phien_ban,Giữ dữ kiện/liên kết theo loại bản ghi và nguồn; số tổng không là đầu vào
san_xuat.phien_ban_dinh_muc_san_xuat,so_luong_chuan_lam_can_cu_dinh_muc,san_xuat.phien_ban_dinh_muc_san_xuat,so_luong_chuan_lam_can_cu_dinh_muc,Giữ dữ kiện/liên kết theo loại bản ghi và nguồn; số tổng không là đầu vào
san_xuat.phien_ban_dinh_muc_san_xuat,ty_le_dat_du_kien,san_xuat.phien_ban_dinh_muc_san_xuat,ty_le_dat_du_kien,Giữ dữ kiện/liên kết theo loại bản ghi và nguồn; số tổng không là đầu vào
san_xuat.phien_ban_dinh_muc_san_xuat,thoi_diem_bat_dau_hieu_luc,san_xuat.phien_ban_dinh_muc_san_xuat,thoi_diem_bat_dau_hieu_luc,Giữ dữ kiện/liên kết theo loại bản ghi và nguồn; số tổng không là đầu vào
san_xuat.phien_ban_dinh_muc_san_xuat,thoi_diem_ket_thuc_hieu_luc,san_xuat.phien_ban_dinh_muc_san_xuat,thoi_diem_ket_thuc_hieu_luc,Giữ dữ kiện/liên kết theo loại bản ghi và nguồn; số tổng không là đầu vào
san_xuat.phien_ban_dinh_muc_san_xuat,ma_bo_du_lieu,san_xuat.phien_ban_dinh_muc_san_xuat,ma_bo_du_lieu,Giữ dữ kiện/liên kết theo loại bản ghi và nguồn; số tổng không là đầu vào
san_xuat.phien_ban_dinh_muc_san_xuat,ma_phien_ban_chung_tu,san_xuat.phien_ban_dinh_muc_san_xuat,ma_dinh_danh,Dùng cùng khóa với bản cha; không tạo mã bản ghi đầu thứ hai
san_xuat.phien_ban_dinh_muc_san_xuat,ma_mat_hang_dau_ra,san_xuat.phien_ban_dinh_muc_san_xuat,ma_mat_hang_dau_ra,Giữ dữ kiện/liên kết theo loại bản ghi và nguồn; số tổng không là đầu vào
san_xuat.phien_ban_dinh_muc_san_xuat,ma_phien_ban_chinh_sach,san_xuat.phien_ban_dinh_muc_san_xuat,ma_phien_ban_chinh_sach,Giữ dữ kiện/liên kết theo loại bản ghi và nguồn; số tổng không là đầu vào
san_xuat.phien_ban_dinh_muc_san_xuat,thoi_diem_tao,dung_chung.chung_tu,thoi_diem_tao,Thông tin chung lưu một lần ở chứng từ/dòng cha; nhật ký và actor thực ở sự kiện vẫn giữ
san_xuat.phien_ban_dinh_muc_san_xuat,ma_tai_khoan_thuc_hien,dung_chung.chung_tu,ma_tai_khoan_thuc_hien,Thông tin chung lưu một lần ở chứng từ/dòng cha; nhật ký và actor thực ở sự kiện vẫn giữ
san_xuat.phien_ban_dinh_muc_san_xuat,so_phien_ban_ghi_dong_thoi,dung_chung.chung_tu,so_phien_ban_ghi_dong_thoi,Thông tin chung lưu một lần ở chứng từ/dòng cha; nhật ký và actor thực ở sự kiện vẫn giữ
san_xuat.dong_dinh_muc_vat_tu,ma_dinh_danh,san_xuat.dong_dinh_muc_vat_tu,ma_dinh_danh,Giữ dữ kiện/liên kết theo loại bản ghi và nguồn; số tổng không là đầu vào
san_xuat.dong_dinh_muc_vat_tu,luong_vat_tu_theo_dinh_muc,san_xuat.dong_dinh_muc_vat_tu,luong_vat_tu_theo_dinh_muc,Giữ dữ kiện/liên kết theo loại bản ghi và nguồn; số tổng không là đầu vào
san_xuat.dong_dinh_muc_vat_tu,ma_cong_doan,san_xuat.dong_dinh_muc_vat_tu,ma_cong_doan,Giữ dữ kiện/liên kết theo loại bản ghi và nguồn; số tổng không là đầu vào
san_xuat.dong_dinh_muc_vat_tu,thu_tu,san_xuat.dong_dinh_muc_vat_tu,thu_tu,Giữ dữ kiện/liên kết theo loại bản ghi và nguồn; số tổng không là đầu vào
san_xuat.dong_dinh_muc_vat_tu,ma_bo_du_lieu,san_xuat.dong_dinh_muc_vat_tu,ma_bo_du_lieu,Giữ dữ kiện/liên kết theo loại bản ghi và nguồn; số tổng không là đầu vào
san_xuat.dong_dinh_muc_vat_tu,ma_chung_tu_dinh_muc,san_xuat.dong_dinh_muc_vat_tu,ma_chung_tu_dinh_muc,Giữ dữ kiện/liên kết theo loại bản ghi và nguồn; số tổng không là đầu vào
san_xuat.dong_dinh_muc_vat_tu,ma_mat_hang,san_xuat.dong_dinh_muc_vat_tu,ma_mat_hang,Giữ dữ kiện/liên kết theo loại bản ghi và nguồn; số tổng không là đầu vào
san_xuat.dong_dinh_muc_vat_tu,ma_don_vi,san_xuat.dong_dinh_muc_vat_tu,ma_don_vi,Giữ dữ kiện/liên kết theo loại bản ghi và nguồn; số tổng không là đầu vào
san_xuat.dong_dinh_muc_vat_tu,thoi_diem_tao,dung_chung.dong_chung_tu,thoi_diem_tao,Thông tin chung lưu một lần ở chứng từ/dòng cha; nhật ký và actor thực ở sự kiện vẫn giữ
san_xuat.dong_dinh_muc_vat_tu,ma_tai_khoan_thuc_hien,dung_chung.dong_chung_tu,ma_tai_khoan_thuc_hien,Thông tin chung lưu một lần ở chứng từ/dòng cha; nhật ký và actor thực ở sự kiện vẫn giữ
san_xuat.dong_dinh_muc_vat_tu,so_phien_ban_ghi_dong_thoi,dung_chung.dong_chung_tu,so_phien_ban_ghi_dong_thoi,Thông tin chung lưu một lần ở chứng từ/dòng cha; nhật ký và actor thực ở sự kiện vẫn giữ
san_xuat.nguon_luc_san_xuat,ma_dinh_danh,san_xuat.nguon_luc_san_xuat,ma_dinh_danh,Giữ dữ kiện/liên kết theo loại bản ghi và nguồn; số tổng không là đầu vào
san_xuat.nguon_luc_san_xuat,ma_nghiep_vu,san_xuat.nguon_luc_san_xuat,ma_nghiep_vu,Giữ dữ kiện/liên kết theo loại bản ghi và nguồn; số tổng không là đầu vào
san_xuat.nguon_luc_san_xuat,loai,san_xuat.nguon_luc_san_xuat,loai,Giữ dữ kiện/liên kết theo loại bản ghi và nguồn; số tổng không là đầu vào
san_xuat.nguon_luc_san_xuat,suc_chua_theo_luong,san_xuat.nguon_luc_san_xuat,suc_chua_theo_luong,Giữ dữ kiện/liên kết theo loại bản ghi và nguồn; số tổng không là đầu vào
san_xuat.nguon_luc_san_xuat,nang_luc_thoi_gian_tinh_theo_phut,san_xuat.nguon_luc_san_xuat,nang_luc_thoi_gian_tinh_theo_phut,Giữ dữ kiện/liên kết theo loại bản ghi và nguồn; số tổng không là đầu vào
san_xuat.nguon_luc_san_xuat,ky_nang_bat_buoc,san_xuat.nguon_luc_san_xuat,ky_nang_bat_buoc,Giữ dữ kiện/liên kết theo loại bản ghi và nguồn; số tổng không là đầu vào
san_xuat.nguon_luc_san_xuat,ma_bo_du_lieu,san_xuat.nguon_luc_san_xuat,ma_bo_du_lieu,Giữ dữ kiện/liên kết theo loại bản ghi và nguồn; số tổng không là đầu vào
san_xuat.nguon_luc_san_xuat,ma_vi_tri,san_xuat.nguon_luc_san_xuat,ma_vi_tri,Giữ dữ kiện/liên kết theo loại bản ghi và nguồn; số tổng không là đầu vào
san_xuat.nguon_luc_san_xuat,ma_phien_ban_chinh_sach,san_xuat.nguon_luc_san_xuat,ma_phien_ban_chinh_sach,Giữ dữ kiện/liên kết theo loại bản ghi và nguồn; số tổng không là đầu vào
san_xuat.nguon_luc_san_xuat,thoi_diem_tao,san_xuat.nguon_luc_san_xuat,thoi_diem_tao,Giữ dữ kiện/liên kết theo loại bản ghi và nguồn; số tổng không là đầu vào
san_xuat.nguon_luc_san_xuat,ma_tai_khoan_thuc_hien,san_xuat.nguon_luc_san_xuat,ma_tai_khoan_thuc_hien,Giữ dữ kiện/liên kết theo loại bản ghi và nguồn; số tổng không là đầu vào
san_xuat.nguon_luc_san_xuat,so_phien_ban_ghi_dong_thoi,san_xuat.nguon_luc_san_xuat,so_phien_ban_ghi_dong_thoi,Giữ dữ kiện/liên kết theo loại bản ghi và nguồn; số tổng không là đầu vào
san_xuat.lenh_san_xuat,ma_dinh_danh,san_xuat.lenh_san_xuat,ma_dinh_danh,Giữ dữ kiện/liên kết theo loại bản ghi và nguồn; số tổng không là đầu vào
san_xuat.lenh_san_xuat,muc_dich,san_xuat.lenh_san_xuat,muc_dich,Giữ dữ kiện/liên kết theo loại bản ghi và nguồn; số tổng không là đầu vào
san_xuat.lenh_san_xuat,so_luong_dat_can_dap_ung,san_xuat.lenh_san_xuat,so_luong_dat_can_dap_ung,Giữ dữ kiện/liên kết theo loại bản ghi và nguồn; số tổng không là đầu vào
san_xuat.lenh_san_xuat,so_luong_bat_dau_du_kien,san_xuat.lenh_san_xuat,so_luong_bat_dau_du_kien,Giữ dữ kiện/liên kết theo loại bản ghi và nguồn; số tổng không là đầu vào
san_xuat.lenh_san_xuat,ngay_cam_ket,san_xuat.lenh_san_xuat,ngay_cam_ket,Giữ dữ kiện/liên kết theo loại bản ghi và nguồn; số tổng không là đầu vào
san_xuat.lenh_san_xuat,uu_tien,san_xuat.lenh_san_xuat,uu_tien,Giữ dữ kiện/liên kết theo loại bản ghi và nguồn; số tổng không là đầu vào
san_xuat.lenh_san_xuat,ly_do_quyet_dinh_uu_tien,san_xuat.lenh_san_xuat,ly_do_quyet_dinh_uu_tien,Giữ dữ kiện/liên kết theo loại bản ghi và nguồn; số tổng không là đầu vào
san_xuat.lenh_san_xuat,ma_bo_du_lieu,san_xuat.lenh_san_xuat,ma_bo_du_lieu,Giữ dữ kiện/liên kết theo loại bản ghi và nguồn; số tổng không là đầu vào
san_xuat.lenh_san_xuat,ma_phien_ban_chung_tu,san_xuat.lenh_san_xuat,ma_dinh_danh,Dùng cùng khóa với bản cha; không tạo mã bản ghi đầu thứ hai
san_xuat.lenh_san_xuat,ma_chung_tu_dinh_muc,san_xuat.lenh_san_xuat,ma_chung_tu_dinh_muc,Giữ dữ kiện/liên kết theo loại bản ghi và nguồn; số tổng không là đầu vào
san_xuat.lenh_san_xuat,ma_dong_don_hang_nguon,san_xuat.lenh_san_xuat,ma_dong_don_hang_nguon,Giữ dữ kiện/liên kết theo loại bản ghi và nguồn; số tổng không là đầu vào
san_xuat.lenh_san_xuat,ma_ho_so_xu_ly_nguon,san_xuat.lenh_san_xuat,ma_ho_so_xu_ly_nguon,Giữ dữ kiện/liên kết theo loại bản ghi và nguồn; số tổng không là đầu vào
san_xuat.lenh_san_xuat,ma_phien_ban_chinh_sach,san_xuat.lenh_san_xuat,ma_phien_ban_chinh_sach,Giữ dữ kiện/liên kết theo loại bản ghi và nguồn; số tổng không là đầu vào
san_xuat.lenh_san_xuat,ma_chung_tu_quyet_dinh_chot_lenh,san_xuat.lenh_san_xuat,ma_chung_tu_quyet_dinh_chot_lenh,Giữ dữ kiện/liên kết theo loại bản ghi và nguồn; số tổng không là đầu vào
san_xuat.lenh_san_xuat,thoi_diem_tao,dung_chung.chung_tu,thoi_diem_tao,Thông tin chung lưu một lần ở chứng từ/dòng cha; nhật ký và actor thực ở sự kiện vẫn giữ
san_xuat.lenh_san_xuat,ma_tai_khoan_thuc_hien,dung_chung.chung_tu,ma_tai_khoan_thuc_hien,Thông tin chung lưu một lần ở chứng từ/dòng cha; nhật ký và actor thực ở sự kiện vẫn giữ
san_xuat.lenh_san_xuat,so_phien_ban_ghi_dong_thoi,dung_chung.chung_tu,so_phien_ban_ghi_dong_thoi,Thông tin chung lưu một lần ở chứng từ/dòng cha; nhật ký và actor thực ở sự kiện vẫn giữ
san_xuat.lo_san_xuat,ma_dinh_danh,san_xuat.lo_san_xuat,ma_dinh_danh,Giữ dữ kiện/liên kết theo loại bản ghi và nguồn; số tổng không là đầu vào
san_xuat.lo_san_xuat,ma_nghiep_vu,san_xuat.lo_san_xuat,ma_nghiep_vu,Giữ dữ kiện/liên kết theo loại bản ghi và nguồn; số tổng không là đầu vào
san_xuat.lo_san_xuat,so_luong_bat_dau_du_kien,san_xuat.lo_san_xuat,so_luong_bat_dau_du_kien,Giữ dữ kiện/liên kết theo loại bản ghi và nguồn; số tổng không là đầu vào
san_xuat.lo_san_xuat,ma_bo_du_lieu,san_xuat.lo_san_xuat,ma_bo_du_lieu,Giữ dữ kiện/liên kết theo loại bản ghi và nguồn; số tổng không là đầu vào
san_xuat.lo_san_xuat,ma_lenh_san_xuat,san_xuat.lo_san_xuat,ma_lenh_san_xuat,Giữ dữ kiện/liên kết theo loại bản ghi và nguồn; số tổng không là đầu vào
san_xuat.lo_san_xuat,ma_lo_thanh_pham_dau_ra,san_xuat.lo_san_xuat,ma_lo_thanh_pham_dau_ra,Giữ dữ kiện/liên kết theo loại bản ghi và nguồn; số tổng không là đầu vào
san_xuat.lo_san_xuat,thoi_diem_tao,san_xuat.lo_san_xuat,thoi_diem_tao,Giữ dữ kiện/liên kết theo loại bản ghi và nguồn; số tổng không là đầu vào
san_xuat.lo_san_xuat,ma_tai_khoan_thuc_hien,san_xuat.lo_san_xuat,ma_tai_khoan_thuc_hien,Giữ dữ kiện/liên kết theo loại bản ghi và nguồn; số tổng không là đầu vào
san_xuat.lo_san_xuat,so_phien_ban_ghi_dong_thoi,san_xuat.lo_san_xuat,so_phien_ban_ghi_dong_thoi,Giữ dữ kiện/liên kết theo loại bản ghi và nguồn; số tổng không là đầu vào
san_xuat.cong_doan_san_xuat,ma_dinh_danh,san_xuat.cong_doan_san_xuat,ma_dinh_danh,Giữ dữ kiện/liên kết theo loại bản ghi và nguồn; số tổng không là đầu vào
san_xuat.cong_doan_san_xuat,ma_nghiep_vu,san_xuat.cong_doan_san_xuat,ma_nghiep_vu,Giữ dữ kiện/liên kết theo loại bản ghi và nguồn; số tổng không là đầu vào
san_xuat.cong_doan_san_xuat,thu_tu,san_xuat.cong_doan_san_xuat,thu_tu,Giữ dữ kiện/liên kết theo loại bản ghi và nguồn; số tổng không là đầu vào
san_xuat.cong_doan_san_xuat,thoi_diem_bat_dau_du_kien,san_xuat.cong_doan_san_xuat,thoi_diem_bat_dau_du_kien,Giữ dữ kiện/liên kết theo loại bản ghi và nguồn; số tổng không là đầu vào
san_xuat.cong_doan_san_xuat,thoi_diem_ket_thuc_du_kien,san_xuat.cong_doan_san_xuat,thoi_diem_ket_thuc_du_kien,Giữ dữ kiện/liên kết theo loại bản ghi và nguồn; số tổng không là đầu vào
san_xuat.cong_doan_san_xuat,thoi_diem_bat_dau_thuc_te,san_xuat.cong_doan_san_xuat,thoi_diem_bat_dau_thuc_te,Giữ dữ kiện/liên kết theo loại bản ghi và nguồn; số tổng không là đầu vào
san_xuat.cong_doan_san_xuat,thoi_diem_ket_thuc_thuc_te,san_xuat.cong_doan_san_xuat,thoi_diem_ket_thuc_thuc_te,Giữ dữ kiện/liên kết theo loại bản ghi và nguồn; số tổng không là đầu vào
san_xuat.cong_doan_san_xuat,so_luong_thuc_bat_dau,san_xuat.cong_doan_san_xuat,so_luong_thuc_bat_dau,Giữ dữ kiện/liên kết theo loại bản ghi và nguồn; số tổng không là đầu vào
san_xuat.cong_doan_san_xuat,so_luong_thuc_hoan_thanh,san_xuat.cong_doan_san_xuat,so_luong_thuc_hoan_thanh,Giữ dữ kiện/liên kết theo loại bản ghi và nguồn; số tổng không là đầu vào
san_xuat.cong_doan_san_xuat,trang_thai_thuc_hien,san_xuat.cong_doan_san_xuat,trang_thai_thuc_hien,Giữ dữ kiện/liên kết theo loại bản ghi và nguồn; số tổng không là đầu vào
san_xuat.cong_doan_san_xuat,ly_do,san_xuat.cong_doan_san_xuat,ly_do,Giữ dữ kiện/liên kết theo loại bản ghi và nguồn; số tổng không là đầu vào
san_xuat.cong_doan_san_xuat,ma_bo_du_lieu,san_xuat.cong_doan_san_xuat,ma_bo_du_lieu,Giữ dữ kiện/liên kết theo loại bản ghi và nguồn; số tổng không là đầu vào
san_xuat.cong_doan_san_xuat,ma_phien_ban_chung_tu,san_xuat.cong_doan_san_xuat,ma_dinh_danh,Dùng cùng khóa với bản cha; không tạo mã bản ghi đầu thứ hai
san_xuat.cong_doan_san_xuat,ma_lo_san_xuat,san_xuat.cong_doan_san_xuat,ma_lo_san_xuat,Giữ dữ kiện/liên kết theo loại bản ghi và nguồn; số tổng không là đầu vào
san_xuat.cong_doan_san_xuat,ma_phien_ban_chinh_sach,san_xuat.cong_doan_san_xuat,ma_phien_ban_chinh_sach,Giữ dữ kiện/liên kết theo loại bản ghi và nguồn; số tổng không là đầu vào
san_xuat.cong_doan_san_xuat,thoi_diem_tao,dung_chung.chung_tu,thoi_diem_tao,Thông tin chung lưu một lần ở chứng từ/dòng cha; nhật ký và actor thực ở sự kiện vẫn giữ
san_xuat.cong_doan_san_xuat,ma_tai_khoan_thuc_hien,dung_chung.chung_tu,ma_tai_khoan_thuc_hien,Thông tin chung lưu một lần ở chứng từ/dòng cha; nhật ký và actor thực ở sự kiện vẫn giữ
san_xuat.cong_doan_san_xuat,so_phien_ban_ghi_dong_thoi,dung_chung.chung_tu,so_phien_ban_ghi_dong_thoi,Thông tin chung lưu một lần ở chứng từ/dòng cha; nhật ký và actor thực ở sự kiện vẫn giữ
san_xuat.lich_va_su_dung_nguon_luc,ma_dinh_danh,san_xuat.lich_nguoi_va_nguon_luc,ma_dinh_danh,Giữ dữ kiện/liên kết theo loại bản ghi và nguồn; số tổng không là đầu vào
san_xuat.lich_va_su_dung_nguon_luc,loai,san_xuat.lich_nguoi_va_nguon_luc,loai,Giữ dữ kiện/liên kết theo loại bản ghi và nguồn; số tổng không là đầu vào
san_xuat.lich_va_su_dung_nguon_luc,thoi_diem_bat_dau_khoang,san_xuat.lich_nguoi_va_nguon_luc,thoi_diem_bat_dau_khoang,Giữ dữ kiện/liên kết theo loại bản ghi và nguồn; số tổng không là đầu vào
san_xuat.lich_va_su_dung_nguon_luc,thoi_diem_ket_thuc_khoang,san_xuat.lich_nguoi_va_nguon_luc,thoi_diem_ket_thuc_khoang,Giữ dữ kiện/liên kết theo loại bản ghi và nguồn; số tổng không là đầu vào
san_xuat.lich_va_su_dung_nguon_luc,so_luong_chiem_cho,san_xuat.lich_nguoi_va_nguon_luc,so_luong_chiem_cho,Giữ dữ kiện/liên kết theo loại bản ghi và nguồn; số tổng không là đầu vào
san_xuat.lich_va_su_dung_nguon_luc,trang_thai_xu_ly,san_xuat.lich_nguoi_va_nguon_luc,trang_thai_xu_ly,Giữ dữ kiện/liên kết theo loại bản ghi và nguồn; số tổng không là đầu vào
san_xuat.lich_va_su_dung_nguon_luc,muc_dich,san_xuat.lich_nguoi_va_nguon_luc,muc_dich,Giữ dữ kiện/liên kết theo loại bản ghi và nguồn; số tổng không là đầu vào
san_xuat.lich_va_su_dung_nguon_luc,ma_bo_du_lieu,san_xuat.lich_nguoi_va_nguon_luc,ma_bo_du_lieu,Giữ dữ kiện/liên kết theo loại bản ghi và nguồn; số tổng không là đầu vào
san_xuat.lich_va_su_dung_nguon_luc,ma_nguon_luc,san_xuat.lich_nguoi_va_nguon_luc,ma_nguon_luc,Giữ dữ kiện/liên kết theo loại bản ghi và nguồn; số tổng không là đầu vào
san_xuat.lich_va_su_dung_nguon_luc,ma_chung_tu_cong_doan,san_xuat.lich_nguoi_va_nguon_luc,ma_chung_tu_cong_doan,Giữ dữ kiện/liên kết theo loại bản ghi và nguồn; số tổng không là đầu vào
san_xuat.lich_va_su_dung_nguon_luc,ma_lich_nguon_luc_bi_thay,san_xuat.lich_nguoi_va_nguon_luc,ma_lich_bi_thay,Giữ dữ kiện/liên kết theo loại bản ghi và nguồn; số tổng không là đầu vào
san_xuat.lich_va_su_dung_nguon_luc,thoi_diem_tao,san_xuat.lich_nguoi_va_nguon_luc,thoi_diem_tao,Giữ dữ kiện/liên kết theo loại bản ghi và nguồn; số tổng không là đầu vào
san_xuat.lich_va_su_dung_nguon_luc,ma_tai_khoan_thuc_hien,san_xuat.lich_nguoi_va_nguon_luc,ma_tai_khoan_thuc_hien,Giữ dữ kiện/liên kết theo loại bản ghi và nguồn; số tổng không là đầu vào
san_xuat.lich_va_su_dung_nguon_luc,so_phien_ban_ghi_dong_thoi,san_xuat.lich_nguoi_va_nguon_luc,so_phien_ban_ghi_dong_thoi,Giữ dữ kiện/liên kết theo loại bản ghi và nguồn; số tổng không là đầu vào
san_xuat.vat_tu_thuc_dung,ma_dinh_danh,kho.dong_van_dong_hang,ma_dinh_danh,Giữ dữ kiện/liên kết theo loại bản ghi và nguồn; số tổng không là đầu vào
san_xuat.vat_tu_thuc_dung,loai,kho.dong_van_dong_hang,loai_thuc_dung_vat_tu,Giữ dữ kiện/liên kết theo loại bản ghi và nguồn; số tổng không là đầu vào
san_xuat.vat_tu_thuc_dung,so_luong_do_theo_don_vi_co_so,kho.dong_van_dong_hang,so_luong_do_theo_don_vi_co_so,Giữ dữ kiện/liên kết theo loại bản ghi và nguồn; số tổng không là đầu vào
san_xuat.vat_tu_thuc_dung,ly_do,kho.dong_van_dong_hang,ly_do,Giữ dữ kiện/liên kết theo loại bản ghi và nguồn; số tổng không là đầu vào
san_xuat.vat_tu_thuc_dung,ma_bo_du_lieu,kho.dong_van_dong_hang,ma_bo_du_lieu,Giữ dữ kiện/liên kết theo loại bản ghi và nguồn; số tổng không là đầu vào
san_xuat.vat_tu_thuc_dung,ma_chung_tu_cong_doan,kho.dong_van_dong_hang,ma_chung_tu_cong_doan,Giữ dữ kiện/liên kết theo loại bản ghi và nguồn; số tổng không là đầu vào
san_xuat.vat_tu_thuc_dung,ma_dong_cap_vat_tu_nguon,kho.dong_van_dong_hang,ma_dong_cap_vat_tu_nguon,Giữ dữ kiện/liên kết theo loại bản ghi và nguồn; số tổng không là đầu vào
san_xuat.vat_tu_thuc_dung,ma_dong_ghi_thuc_tieu_dung_vat_tu,kho.dong_van_dong_hang,ma_dinh_danh,Dùng cùng khóa với bản cha; không tạo mã bản ghi đầu thứ hai
san_xuat.vat_tu_thuc_dung,thoi_diem_tao,dung_chung.dong_chung_tu,thoi_diem_tao,Thông tin chung lưu một lần ở chứng từ/dòng cha; nhật ký và actor thực ở sự kiện vẫn giữ
san_xuat.vat_tu_thuc_dung,ma_tai_khoan_thuc_hien,dung_chung.dong_chung_tu,ma_tai_khoan_thuc_hien,Thông tin chung lưu một lần ở chứng từ/dòng cha; nhật ký và actor thực ở sự kiện vẫn giữ
san_xuat.vat_tu_thuc_dung,so_phien_ban_ghi_dong_thoi,dung_chung.dong_chung_tu,so_phien_ban_ghi_dong_thoi,Thông tin chung lưu một lần ở chứng từ/dòng cha; nhật ký và actor thực ở sự kiện vẫn giữ
chat_luong.phieu_kiem_tra_chat_luong,ma_dinh_danh,chat_luong.phieu_kiem_tra_chat_luong,ma_dinh_danh,Giữ dữ kiện/liên kết theo loại bản ghi và nguồn; số tổng không là đầu vào
chat_luong.phieu_kiem_tra_chat_luong,loai_kiem_tra_chat_luong,chat_luong.phieu_kiem_tra_chat_luong,loai_kiem_tra_chat_luong,Giữ dữ kiện/liên kết theo loại bản ghi và nguồn; số tổng không là đầu vào
chat_luong.phieu_kiem_tra_chat_luong,so_luong_thuc_kiem,chat_luong.phieu_kiem_tra_chat_luong,so_luong_thuc_kiem,Giữ dữ kiện/liên kết theo loại bản ghi và nguồn; số tổng không là đầu vào
chat_luong.phieu_kiem_tra_chat_luong,so_luong_ket_luan_dat,chat_luong.phieu_kiem_tra_chat_luong,so_luong_ket_luan_dat,Giữ dữ kiện/liên kết theo loại bản ghi và nguồn; số tổng không là đầu vào
chat_luong.phieu_kiem_tra_chat_luong,so_luong_ket_luan_loi,chat_luong.phieu_kiem_tra_chat_luong,so_luong_ket_luan_loi,Giữ dữ kiện/liên kết theo loại bản ghi và nguồn; số tổng không là đầu vào
chat_luong.phieu_kiem_tra_chat_luong,so_luong_cho_ket_luan,chat_luong.phieu_kiem_tra_chat_luong,so_luong_cho_ket_luan,Giữ dữ kiện/liên kết theo loại bản ghi và nguồn; số tổng không là đầu vào
chat_luong.phieu_kiem_tra_chat_luong,pham_vi_kiem,chat_luong.phieu_kiem_tra_chat_luong,pham_vi_kiem,Giữ dữ kiện/liên kết theo loại bản ghi và nguồn; số tổng không là đầu vào
chat_luong.phieu_kiem_tra_chat_luong,tinh_trang_xac_nhan_ket_luan,chat_luong.phieu_kiem_tra_chat_luong,tinh_trang_xac_nhan_ket_luan,Giữ dữ kiện/liên kết theo loại bản ghi và nguồn; số tổng không là đầu vào
chat_luong.phieu_kiem_tra_chat_luong,thoi_diem_xac_nhan_ket_luan,chat_luong.phieu_kiem_tra_chat_luong,thoi_diem_xac_nhan_ket_luan,Giữ dữ kiện/liên kết theo loại bản ghi và nguồn; số tổng không là đầu vào
chat_luong.phieu_kiem_tra_chat_luong,ma_bo_du_lieu,chat_luong.phieu_kiem_tra_chat_luong,ma_bo_du_lieu,Giữ dữ kiện/liên kết theo loại bản ghi và nguồn; số tổng không là đầu vào
chat_luong.phieu_kiem_tra_chat_luong,ma_phien_ban_chung_tu,chat_luong.phieu_kiem_tra_chat_luong,ma_dinh_danh,Dùng cùng khóa với bản cha; không tạo mã bản ghi đầu thứ hai
chat_luong.phieu_kiem_tra_chat_luong,ma_dong_nguon_nghiep_vu,chat_luong.phieu_kiem_tra_chat_luong,ma_dong_nguon_nghiep_vu,Giữ dữ kiện/liên kết theo loại bản ghi và nguồn; số tổng không là đầu vào
chat_luong.phieu_kiem_tra_chat_luong,ma_lo_hang,chat_luong.phieu_kiem_tra_chat_luong,ma_lo_hang,Giữ dữ kiện/liên kết theo loại bản ghi và nguồn; số tổng không là đầu vào
chat_luong.phieu_kiem_tra_chat_luong,ma_phien_ban_bo_tieu_chi,chat_luong.phieu_kiem_tra_chat_luong,ma_phien_ban_bo_tieu_chi,Giữ dữ kiện/liên kết theo loại bản ghi và nguồn; số tổng không là đầu vào
chat_luong.phieu_kiem_tra_chat_luong,ma_chung_tu_mau,chat_luong.phieu_kiem_tra_chat_luong,ma_chung_tu_mau,Giữ dữ kiện/liên kết theo loại bản ghi và nguồn; số tổng không là đầu vào
chat_luong.phieu_kiem_tra_chat_luong,ma_nhan_vien_kiem_chat_luong,chat_luong.phieu_kiem_tra_chat_luong,ma_nhan_vien_kiem_chat_luong,Giữ dữ kiện/liên kết theo loại bản ghi và nguồn; số tổng không là đầu vào
chat_luong.phieu_kiem_tra_chat_luong,thoi_diem_tao,dung_chung.chung_tu,thoi_diem_tao,Thông tin chung lưu một lần ở chứng từ/dòng cha; nhật ký và actor thực ở sự kiện vẫn giữ
chat_luong.phieu_kiem_tra_chat_luong,ma_tai_khoan_thuc_hien,dung_chung.chung_tu,ma_tai_khoan_thuc_hien,Thông tin chung lưu một lần ở chứng từ/dòng cha; nhật ký và actor thực ở sự kiện vẫn giữ
chat_luong.phieu_kiem_tra_chat_luong,so_phien_ban_ghi_dong_thoi,dung_chung.chung_tu,so_phien_ban_ghi_dong_thoi,Thông tin chung lưu một lần ở chứng từ/dòng cha; nhật ký và actor thực ở sự kiện vẫn giữ
chat_luong.ket_qua_tung_tieu_chi_kiem_tra,ma_dinh_danh,chat_luong.ket_qua_tung_tieu_chi_kiem_tra,ma_dinh_danh,Giữ dữ kiện/liên kết theo loại bản ghi và nguồn; số tổng không là đầu vào
chat_luong.ket_qua_tung_tieu_chi_kiem_tra,ma_tieu_chi_kiem,chat_luong.ket_qua_tung_tieu_chi_kiem_tra,ma_tieu_chi_kiem,Giữ dữ kiện/liên kết theo loại bản ghi và nguồn; số tổng không là đầu vào
chat_luong.ket_qua_tung_tieu_chi_kiem_tra,gia_tri_do_thuc,chat_luong.ket_qua_tung_tieu_chi_kiem_tra,gia_tri_do_thuc,Giữ dữ kiện/liên kết theo loại bản ghi và nguồn; số tổng không là đầu vào
chat_luong.ket_qua_tung_tieu_chi_kiem_tra,ma_don_vi_do,chat_luong.ket_qua_tung_tieu_chi_kiem_tra,ma_don_vi_do,Giữ dữ kiện/liên kết theo loại bản ghi và nguồn; số tổng không là đầu vào
chat_luong.ket_qua_tung_tieu_chi_kiem_tra,noi_dung_quan_sat_thuc,chat_luong.ket_qua_tung_tieu_chi_kiem_tra,noi_dung_quan_sat_thuc,Giữ dữ kiện/liên kết theo loại bản ghi và nguồn; số tổng không là đầu vào
chat_luong.ket_qua_tung_tieu_chi_kiem_tra,ket_qua,chat_luong.ket_qua_tung_tieu_chi_kiem_tra,ket_qua,Giữ dữ kiện/liên kết theo loại bản ghi và nguồn; số tổng không là đầu vào
chat_luong.ket_qua_tung_tieu_chi_kiem_tra,so_luong_bi_anh_huong,chat_luong.ket_qua_tung_tieu_chi_kiem_tra,so_luong_bi_anh_huong,Giữ dữ kiện/liên kết theo loại bản ghi và nguồn; số tổng không là đầu vào
chat_luong.ket_qua_tung_tieu_chi_kiem_tra,ma_bo_du_lieu,chat_luong.ket_qua_tung_tieu_chi_kiem_tra,ma_bo_du_lieu,Giữ dữ kiện/liên kết theo loại bản ghi và nguồn; số tổng không là đầu vào
chat_luong.ket_qua_tung_tieu_chi_kiem_tra,ma_phieu_kiem_chat_luong,chat_luong.ket_qua_tung_tieu_chi_kiem_tra,ma_phieu_kiem_chat_luong,Giữ dữ kiện/liên kết theo loại bản ghi và nguồn; số tổng không là đầu vào
chat_luong.ket_qua_tung_tieu_chi_kiem_tra,thoi_diem_tao,chat_luong.ket_qua_tung_tieu_chi_kiem_tra,thoi_diem_tao,Giữ dữ kiện/liên kết theo loại bản ghi và nguồn; số tổng không là đầu vào
chat_luong.ket_qua_tung_tieu_chi_kiem_tra,ma_tai_khoan_thuc_hien,chat_luong.ket_qua_tung_tieu_chi_kiem_tra,ma_tai_khoan_thuc_hien,Giữ dữ kiện/liên kết theo loại bản ghi và nguồn; số tổng không là đầu vào
chat_luong.ket_qua_tung_tieu_chi_kiem_tra,so_phien_ban_ghi_dong_thoi,chat_luong.ket_qua_tung_tieu_chi_kiem_tra,so_phien_ban_ghi_dong_thoi,Giữ dữ kiện/liên kết theo loại bản ghi và nguồn; số tổng không là đầu vào
chat_luong.su_kien_khoa_chat_luong,ma_dinh_danh,kho.su_kien_giu_khoa_va_dang_ve,ma_dinh_danh,Giữ dữ kiện/liên kết theo loại bản ghi và nguồn; số tổng không là đầu vào
chat_luong.su_kien_khoa_chat_luong,loai,kho.su_kien_giu_khoa_va_dang_ve,loai,Giữ dữ kiện/liên kết theo loại bản ghi và nguồn; số tổng không là đầu vào
chat_luong.su_kien_khoa_chat_luong,ly_do,kho.su_kien_giu_khoa_va_dang_ve,ly_do,Giữ dữ kiện/liên kết theo loại bản ghi và nguồn; số tổng không là đầu vào
chat_luong.su_kien_khoa_chat_luong,thoi_diem_thuc_hien_nghiep_vu,kho.su_kien_giu_khoa_va_dang_ve,thoi_diem_thuc_hien_nghiep_vu,Giữ dữ kiện/liên kết theo loại bản ghi và nguồn; số tổng không là đầu vào
chat_luong.su_kien_khoa_chat_luong,ma_bo_du_lieu,kho.su_kien_giu_khoa_va_dang_ve,ma_bo_du_lieu,Giữ dữ kiện/liên kết theo loại bản ghi và nguồn; số tổng không là đầu vào
chat_luong.su_kien_khoa_chat_luong,ma_phan_lo,kho.su_kien_giu_khoa_va_dang_ve,ma_phan_lo,Giữ dữ kiện/liên kết theo loại bản ghi và nguồn; số tổng không là đầu vào
chat_luong.su_kien_khoa_chat_luong,ma_su_kien_khoa_goc,kho.su_kien_giu_khoa_va_dang_ve,ma_su_kien_goc,Giữ dữ kiện/liên kết theo loại bản ghi và nguồn; số tổng không là đầu vào
chat_luong.su_kien_khoa_chat_luong,ma_phieu_kiem_chat_luong,kho.su_kien_giu_khoa_va_dang_ve,ma_phieu_kiem_chat_luong,Giữ dữ kiện/liên kết theo loại bản ghi và nguồn; số tổng không là đầu vào
chat_luong.su_kien_khoa_chat_luong,ma_chung_tu_phuong_an_xu_ly,kho.su_kien_giu_khoa_va_dang_ve,ma_chung_tu_phuong_an_xu_ly,Giữ dữ kiện/liên kết theo loại bản ghi và nguồn; số tổng không là đầu vào
chat_luong.su_kien_khoa_chat_luong,ma_nhan_vien_thuc_hien,kho.su_kien_giu_khoa_va_dang_ve,ma_nhan_vien_thuc_hien,Giữ dữ kiện/liên kết theo loại bản ghi và nguồn; số tổng không là đầu vào
chat_luong.su_kien_khoa_chat_luong,thoi_diem_he_thong_ghi_nhan,kho.su_kien_giu_khoa_va_dang_ve,thoi_diem_he_thong_ghi_nhan,Giữ dữ kiện/liên kết theo loại bản ghi và nguồn; số tổng không là đầu vào
chat_luong.su_kien_khoa_chat_luong,ma_tai_khoan_thuc_hien,kho.su_kien_giu_khoa_va_dang_ve,ma_tai_khoan_thuc_hien,Giữ dữ kiện/liên kết theo loại bản ghi và nguồn; số tổng không là đầu vào
chat_luong.phuong_an_xu_ly_chat_luong,ma_dinh_danh,kinh_doanh.ho_so_xu_ly,ma_dinh_danh,Giữ dữ kiện/liên kết theo loại bản ghi và nguồn; số tổng không là đầu vào
chat_luong.phuong_an_xu_ly_chat_luong,hanh_dong,kinh_doanh.ho_so_xu_ly,hanh_dong_xu_ly_chat_luong,Giữ dữ kiện/liên kết theo loại bản ghi và nguồn; số tổng không là đầu vào
chat_luong.phuong_an_xu_ly_chat_luong,so_luong_duoc_duyet_xu_ly,kinh_doanh.ho_so_xu_ly,so_luong_duoc_duyet_xu_ly,Giữ dữ kiện/liên kết theo loại bản ghi và nguồn; số tổng không là đầu vào
chat_luong.phuong_an_xu_ly_chat_luong,ghi_chu_phuong_an_xu_ly,kinh_doanh.ho_so_xu_ly,ghi_chu_phuong_an_xu_ly,Giữ dữ kiện/liên kết theo loại bản ghi và nguồn; số tổng không là đầu vào
chat_luong.phuong_an_xu_ly_chat_luong,ma_bo_du_lieu,kinh_doanh.ho_so_xu_ly,ma_bo_du_lieu,Giữ dữ kiện/liên kết theo loại bản ghi và nguồn; số tổng không là đầu vào
chat_luong.phuong_an_xu_ly_chat_luong,ma_phien_ban_chung_tu,kinh_doanh.ho_so_xu_ly,ma_dinh_danh,Dùng cùng khóa với bản cha; không tạo mã bản ghi đầu thứ hai
chat_luong.phuong_an_xu_ly_chat_luong,ma_phieu_kiem_chat_luong,kinh_doanh.ho_so_xu_ly,ma_phieu_kiem_chat_luong,Giữ dữ kiện/liên kết theo loại bản ghi và nguồn; số tổng không là đầu vào
chat_luong.phuong_an_xu_ly_chat_luong,ma_phan_lo,kinh_doanh.ho_so_xu_ly,ma_phan_lo_xu_ly,Giữ dữ kiện/liên kết theo loại bản ghi và nguồn; số tổng không là đầu vào
chat_luong.phuong_an_xu_ly_chat_luong,ma_ho_so_xu_ly_thuong_mai,kinh_doanh.ho_so_xu_ly,ma_ho_so_lien_quan,Giữ dữ kiện/liên kết theo loại bản ghi và nguồn; số tổng không là đầu vào
chat_luong.phuong_an_xu_ly_chat_luong,ma_phe_duyet,kinh_doanh.ho_so_xu_ly,ma_phe_duyet,Giữ dữ kiện/liên kết theo loại bản ghi và nguồn; số tổng không là đầu vào
chat_luong.phuong_an_xu_ly_chat_luong,thoi_diem_tao,dung_chung.chung_tu,thoi_diem_tao,Thông tin chung lưu một lần ở chứng từ/dòng cha; nhật ký và actor thực ở sự kiện vẫn giữ
chat_luong.phuong_an_xu_ly_chat_luong,ma_tai_khoan_thuc_hien,dung_chung.chung_tu,ma_tai_khoan_thuc_hien,Thông tin chung lưu một lần ở chứng từ/dòng cha; nhật ký và actor thực ở sự kiện vẫn giữ
chat_luong.phuong_an_xu_ly_chat_luong,so_phien_ban_ghi_dong_thoi,dung_chung.chung_tu,so_phien_ban_ghi_dong_thoi,Thông tin chung lưu một lần ở chứng từ/dòng cha; nhật ký và actor thực ở sự kiện vẫn giữ
giao_hang.dot_giao_hang,ma_dinh_danh,giao_hang.dot_giao_hang,ma_dinh_danh,Giữ dữ kiện/liên kết theo loại bản ghi và nguồn; số tổng không là đầu vào
giao_hang.dot_giao_hang,dia_chi_nhan_tai_luc_giao,giao_hang.dot_giao_hang,dia_chi_nhan_tai_luc_giao,Giữ dữ kiện/liên kết theo loại bản ghi và nguồn; số tổng không là đầu vào
giao_hang.dot_giao_hang,ghi_chu_van_chuyen,giao_hang.dot_giao_hang,ghi_chu_van_chuyen,Giữ dữ kiện/liên kết theo loại bản ghi và nguồn; số tổng không là đầu vào
giao_hang.dot_giao_hang,thoi_diem_roi_kho,giao_hang.dot_giao_hang,thoi_diem_roi_kho,Giữ dữ kiện/liên kết theo loại bản ghi và nguồn; số tổng không là đầu vào
giao_hang.dot_giao_hang,thoi_diem_nhan,giao_hang.dot_giao_hang,thoi_diem_nhan,Giữ dữ kiện/liên kết theo loại bản ghi và nguồn; số tổng không là đầu vào
giao_hang.dot_giao_hang,ma_bo_du_lieu,giao_hang.dot_giao_hang,ma_bo_du_lieu,Giữ dữ kiện/liên kết theo loại bản ghi và nguồn; số tổng không là đầu vào
giao_hang.dot_giao_hang,ma_phien_ban_chung_tu,giao_hang.dot_giao_hang,ma_dinh_danh,Dùng cùng khóa với bản cha; không tạo mã bản ghi đầu thứ hai
giao_hang.dot_giao_hang,ma_chung_tu_don_hang,giao_hang.dot_giao_hang,ma_chung_tu_don_hang,Giữ dữ kiện/liên kết theo loại bản ghi và nguồn; số tổng không là đầu vào
giao_hang.dot_giao_hang,ma_ben_nhan,giao_hang.dot_giao_hang,ma_ben_nhan,Giữ dữ kiện/liên kết theo loại bản ghi và nguồn; số tổng không là đầu vào
giao_hang.dot_giao_hang,ma_ben_van_chuyen,giao_hang.dot_giao_hang,ma_ben_van_chuyen,Giữ dữ kiện/liên kết theo loại bản ghi và nguồn; số tổng không là đầu vào
giao_hang.dot_giao_hang,ma_can_cu_dai_dien_nhan_hang,giao_hang.dot_giao_hang,ma_can_cu_dai_dien_nhan_hang,Giữ dữ kiện/liên kết theo loại bản ghi và nguồn; số tổng không là đầu vào
giao_hang.dot_giao_hang,thoi_diem_tao,dung_chung.chung_tu,thoi_diem_tao,Thông tin chung lưu một lần ở chứng từ/dòng cha; nhật ký và actor thực ở sự kiện vẫn giữ
giao_hang.dot_giao_hang,ma_tai_khoan_thuc_hien,dung_chung.chung_tu,ma_tai_khoan_thuc_hien,Thông tin chung lưu một lần ở chứng từ/dòng cha; nhật ký và actor thực ở sự kiện vẫn giữ
giao_hang.dot_giao_hang,so_phien_ban_ghi_dong_thoi,dung_chung.chung_tu,so_phien_ban_ghi_dong_thoi,Thông tin chung lưu một lần ở chứng từ/dòng cha; nhật ký và actor thực ở sự kiện vẫn giữ
giao_hang.dong_giao_hang,ma_dinh_danh,giao_hang.dong_giao_va_nhan_hang,ma_dinh_danh,Giữ dữ kiện/liên kết theo loại bản ghi và nguồn; số tổng không là đầu vào
giao_hang.dong_giao_hang,so_luong_giao_du_kien,giao_hang.dong_giao_va_nhan_hang,so_luong_giao_du_kien,Giữ dữ kiện/liên kết theo loại bản ghi và nguồn; số tổng không là đầu vào
giao_hang.dong_giao_hang,ma_bo_du_lieu,giao_hang.dong_giao_va_nhan_hang,ma_bo_du_lieu,Giữ dữ kiện/liên kết theo loại bản ghi và nguồn; số tổng không là đầu vào
giao_hang.dong_giao_hang,ma_chung_tu_dot_giao,giao_hang.dong_giao_va_nhan_hang,ma_chung_tu_dot_giao,Giữ dữ kiện/liên kết theo loại bản ghi và nguồn; số tổng không là đầu vào
giao_hang.dong_giao_hang,ma_dong_don_hang,giao_hang.dong_giao_va_nhan_hang,ma_dong_don_hang,Giữ dữ kiện/liên kết theo loại bản ghi và nguồn; số tổng không là đầu vào
giao_hang.dong_giao_hang,ma_dong_thuc_xuat_giao_hang,giao_hang.dong_giao_va_nhan_hang,ma_dong_thuc_xuat_giao_hang,Giữ dữ kiện/liên kết theo loại bản ghi và nguồn; số tổng không là đầu vào
giao_hang.dong_giao_hang,thoi_diem_tao,dung_chung.dong_chung_tu,thoi_diem_tao,Thông tin chung lưu một lần ở chứng từ/dòng cha; nhật ký và actor thực ở sự kiện vẫn giữ
giao_hang.dong_giao_hang,ma_tai_khoan_thuc_hien,dung_chung.dong_chung_tu,ma_tai_khoan_thuc_hien,Thông tin chung lưu một lần ở chứng từ/dòng cha; nhật ký và actor thực ở sự kiện vẫn giữ
giao_hang.dong_giao_hang,so_phien_ban_ghi_dong_thoi,dung_chung.dong_chung_tu,so_phien_ban_ghi_dong_thoi,Thông tin chung lưu một lần ở chứng từ/dòng cha; nhật ký và actor thực ở sự kiện vẫn giữ
giao_hang.xac_nhan_khach_nhan_hang,ma_dinh_danh,giao_hang.dong_giao_va_nhan_hang,ma_dinh_danh,Giữ dữ kiện/liên kết theo loại bản ghi và nguồn; số tổng không là đầu vào
giao_hang.xac_nhan_khach_nhan_hang,so_luong_khach_thuc_nhan,giao_hang.dong_giao_va_nhan_hang,so_luong_khach_thuc_nhan,Giữ dữ kiện/liên kết theo loại bản ghi và nguồn; số tổng không là đầu vào
giao_hang.xac_nhan_khach_nhan_hang,so_luong_duoc_chap_nhan,giao_hang.dong_giao_va_nhan_hang,so_luong_duoc_chap_nhan,Giữ dữ kiện/liên kết theo loại bản ghi và nguồn; số tổng không là đầu vào
giao_hang.xac_nhan_khach_nhan_hang,so_luong_khach_tu_choi,giao_hang.dong_giao_va_nhan_hang,so_luong_khach_tu_choi,Giữ dữ kiện/liên kết theo loại bản ghi và nguồn; số tổng không là đầu vào
giao_hang.xac_nhan_khach_nhan_hang,so_luong_hu_hong_duoc_ghi_nhan,giao_hang.dong_giao_va_nhan_hang,so_luong_hu_hong_duoc_ghi_nhan,Giữ dữ kiện/liên kết theo loại bản ghi và nguồn; số tổng không là đầu vào
giao_hang.xac_nhan_khach_nhan_hang,thoi_diem_thuc_hien_nghiep_vu,giao_hang.dong_giao_va_nhan_hang,thoi_diem_thuc_hien_nghiep_vu,Giữ dữ kiện/liên kết theo loại bản ghi và nguồn; số tổng không là đầu vào
giao_hang.xac_nhan_khach_nhan_hang,chung_cu,giao_hang.dong_giao_va_nhan_hang,chung_cu,Giữ dữ kiện/liên kết theo loại bản ghi và nguồn; số tổng không là đầu vào
giao_hang.xac_nhan_khach_nhan_hang,ma_bo_du_lieu,giao_hang.dong_giao_va_nhan_hang,ma_bo_du_lieu,Giữ dữ kiện/liên kết theo loại bản ghi và nguồn; số tổng không là đầu vào
giao_hang.xac_nhan_khach_nhan_hang,ma_dong_giao_hang,giao_hang.dong_giao_va_nhan_hang,ma_dong_giao_du_kien,Giữ dữ kiện/liên kết theo loại bản ghi và nguồn; số tổng không là đầu vào
giao_hang.xac_nhan_khach_nhan_hang,ma_lien_he_nguoi_nhan_hang,giao_hang.dong_giao_va_nhan_hang,ma_lien_he_nguoi_nhan_hang,Giữ dữ kiện/liên kết theo loại bản ghi và nguồn; số tổng không là đầu vào
giao_hang.xac_nhan_khach_nhan_hang,thoi_diem_he_thong_ghi_nhan,giao_hang.dong_giao_va_nhan_hang,thoi_diem_he_thong_ghi_nhan,Giữ dữ kiện/liên kết theo loại bản ghi và nguồn; số tổng không là đầu vào
giao_hang.xac_nhan_khach_nhan_hang,ma_tai_khoan_thuc_hien,dung_chung.dong_chung_tu,ma_tai_khoan_thuc_hien,Thông tin chung lưu một lần ở chứng từ/dòng cha; nhật ký và actor thực ở sự kiện vẫn giữ
tai_chinh.quy_va_tai_khoan_tien,ma_dinh_danh,tai_chinh.quy_va_tai_khoan_tien,ma_dinh_danh,Giữ dữ kiện/liên kết theo loại bản ghi và nguồn; số tổng không là đầu vào
tai_chinh.quy_va_tai_khoan_tien,ma_nghiep_vu,tai_chinh.quy_va_tai_khoan_tien,ma_nghiep_vu,Giữ dữ kiện/liên kết theo loại bản ghi và nguồn; số tổng không là đầu vào
tai_chinh.quy_va_tai_khoan_tien,loai,tai_chinh.quy_va_tai_khoan_tien,loai,Giữ dữ kiện/liên kết theo loại bản ghi và nguồn; số tổng không là đầu vào
tai_chinh.quy_va_tai_khoan_tien,tien_te,tai_chinh.quy_va_tai_khoan_tien,tien_te,Giữ dữ kiện/liên kết theo loại bản ghi và nguồn; số tổng không là đầu vào
tai_chinh.quy_va_tai_khoan_tien,dang_su_dung,tai_chinh.quy_va_tai_khoan_tien,dang_su_dung,Giữ dữ kiện/liên kết theo loại bản ghi và nguồn; số tổng không là đầu vào
tai_chinh.quy_va_tai_khoan_tien,ma_bo_du_lieu,tai_chinh.quy_va_tai_khoan_tien,ma_bo_du_lieu,Giữ dữ kiện/liên kết theo loại bản ghi và nguồn; số tổng không là đầu vào
tai_chinh.quy_va_tai_khoan_tien,thoi_diem_tao,tai_chinh.quy_va_tai_khoan_tien,thoi_diem_tao,Giữ dữ kiện/liên kết theo loại bản ghi và nguồn; số tổng không là đầu vào
tai_chinh.quy_va_tai_khoan_tien,ma_tai_khoan_thuc_hien,tai_chinh.quy_va_tai_khoan_tien,ma_tai_khoan_thuc_hien,Giữ dữ kiện/liên kết theo loại bản ghi và nguồn; số tổng không là đầu vào
tai_chinh.quy_va_tai_khoan_tien,so_phien_ban_ghi_dong_thoi,tai_chinh.quy_va_tai_khoan_tien,so_phien_ban_ghi_dong_thoi,Giữ dữ kiện/liên kết theo loại bản ghi và nguồn; số tổng không là đầu vào
tai_chinh.de_nghi_chi_tien,ma_dinh_danh,tai_chinh.de_nghi_chi_tien,ma_dinh_danh,Giữ dữ kiện/liên kết theo loại bản ghi và nguồn; số tổng không là đầu vào
tai_chinh.de_nghi_chi_tien,so_tien_de_nghi,tai_chinh.de_nghi_chi_tien,so_tien_de_nghi,Giữ dữ kiện/liên kết theo loại bản ghi và nguồn; số tổng không là đầu vào
tai_chinh.de_nghi_chi_tien,muc_dich,tai_chinh.de_nghi_chi_tien,muc_dich,Giữ dữ kiện/liên kết theo loại bản ghi và nguồn; số tổng không là đầu vào
tai_chinh.de_nghi_chi_tien,ten_nguoi_huong_tai_luc_de_nghi,tai_chinh.de_nghi_chi_tien,ten_nguoi_huong_tai_luc_de_nghi,Giữ dữ kiện/liên kết theo loại bản ghi và nguồn; số tổng không là đầu vào
tai_chinh.de_nghi_chi_tien,ma_bo_du_lieu,tai_chinh.de_nghi_chi_tien,ma_bo_du_lieu,Giữ dữ kiện/liên kết theo loại bản ghi và nguồn; số tổng không là đầu vào
tai_chinh.de_nghi_chi_tien,ma_phien_ban_chung_tu,tai_chinh.de_nghi_chi_tien,ma_dinh_danh,Dùng cùng khóa với bản cha; không tạo mã bản ghi đầu thứ hai
tai_chinh.de_nghi_chi_tien,ma_doi_tac_huong_tien,tai_chinh.de_nghi_chi_tien,ma_doi_tac_huong_tien,Giữ dữ kiện/liên kết theo loại bản ghi và nguồn; số tổng không là đầu vào
tai_chinh.de_nghi_chi_tien,ma_nhan_vien_huong_tien,tai_chinh.de_nghi_chi_tien,ma_nhan_vien_huong_tien,Giữ dữ kiện/liên kết theo loại bản ghi và nguồn; số tổng không là đầu vào
tai_chinh.de_nghi_chi_tien,ma_nghia_vu_thanh_toan,tai_chinh.de_nghi_chi_tien,ma_nghia_vu_thanh_toan,Giữ dữ kiện/liên kết theo loại bản ghi và nguồn; số tổng không là đầu vào
tai_chinh.de_nghi_chi_tien,ma_phe_duyet,tai_chinh.de_nghi_chi_tien,ma_phe_duyet,Giữ dữ kiện/liên kết theo loại bản ghi và nguồn; số tổng không là đầu vào
tai_chinh.de_nghi_chi_tien,ma_quy_hoac_tai_khoan_dich,tai_chinh.de_nghi_chi_tien,ma_quy_hoac_tai_khoan_dich,Giữ dữ kiện/liên kết theo loại bản ghi và nguồn; số tổng không là đầu vào
tai_chinh.de_nghi_chi_tien,thoi_diem_tao,dung_chung.chung_tu,thoi_diem_tao,Thông tin chung lưu một lần ở chứng từ/dòng cha; nhật ký và actor thực ở sự kiện vẫn giữ
tai_chinh.de_nghi_chi_tien,ma_tai_khoan_thuc_hien,dung_chung.chung_tu,ma_tai_khoan_thuc_hien,Thông tin chung lưu một lần ở chứng từ/dòng cha; nhật ký và actor thực ở sự kiện vẫn giữ
tai_chinh.de_nghi_chi_tien,so_phien_ban_ghi_dong_thoi,dung_chung.chung_tu,so_phien_ban_ghi_dong_thoi,Thông tin chung lưu một lần ở chứng từ/dòng cha; nhật ký và actor thực ở sự kiện vẫn giữ
tai_chinh.bien_dong_tien_thuc,ma_dinh_danh,tai_chinh.bien_dong_tien_thuc,ma_dinh_danh,Giữ dữ kiện/liên kết theo loại bản ghi và nguồn; số tổng không là đầu vào
tai_chinh.bien_dong_tien_thuc,chieu_tang_giam,tai_chinh.bien_dong_tien_thuc,chieu_tang_giam,Giữ dữ kiện/liên kết theo loại bản ghi và nguồn; số tổng không là đầu vào
tai_chinh.bien_dong_tien_thuc,so_tien,tai_chinh.bien_dong_tien_thuc,so_tien,Giữ dữ kiện/liên kết theo loại bản ghi và nguồn; số tổng không là đầu vào
tai_chinh.bien_dong_tien_thuc,thoi_diem_thuc_hien_nghiep_vu,tai_chinh.bien_dong_tien_thuc,thoi_diem_thuc_hien_nghiep_vu,Giữ dữ kiện/liên kết theo loại bản ghi và nguồn; số tổng không là đầu vào
tai_chinh.bien_dong_tien_thuc,ma_doi_chieu_ben_ngoai,tai_chinh.bien_dong_tien_thuc,ma_doi_chieu_ben_ngoai,Giữ dữ kiện/liên kết theo loại bản ghi và nguồn; số tổng không là đầu vào
tai_chinh.bien_dong_tien_thuc,khoa_chuyen_quy_noi_bo,tai_chinh.bien_dong_tien_thuc,khoa_chuyen_quy_noi_bo,Giữ dữ kiện/liên kết theo loại bản ghi và nguồn; số tổng không là đầu vào
tai_chinh.bien_dong_tien_thuc,pham_vi_xac_dinh_chu_nguon_tien,tai_chinh.bien_dong_tien_thuc,pham_vi_xac_dinh_chu_nguon_tien,Giữ dữ kiện/liên kết theo loại bản ghi và nguồn; số tổng không là đầu vào
tai_chinh.bien_dong_tien_thuc,trang_thai_ghi_so,tai_chinh.bien_dong_tien_thuc,trang_thai_ghi_so,Giữ dữ kiện/liên kết theo loại bản ghi và nguồn; số tổng không là đầu vào
tai_chinh.bien_dong_tien_thuc,ma_bo_du_lieu,tai_chinh.bien_dong_tien_thuc,ma_bo_du_lieu,Giữ dữ kiện/liên kết theo loại bản ghi và nguồn; số tổng không là đầu vào
tai_chinh.bien_dong_tien_thuc,ma_quy_hoac_tai_khoan_tien,tai_chinh.bien_dong_tien_thuc,ma_quy_hoac_tai_khoan_tien,Giữ dữ kiện/liên kết theo loại bản ghi và nguồn; số tổng không là đầu vào
tai_chinh.bien_dong_tien_thuc,ma_chung_tu_de_nghi_chi,tai_chinh.bien_dong_tien_thuc,ma_chung_tu_de_nghi_chi,Giữ dữ kiện/liên kết theo loại bản ghi và nguồn; số tổng không là đầu vào
tai_chinh.bien_dong_tien_thuc,ma_doi_tac,tai_chinh.bien_dong_tien_thuc,ma_doi_tac,Giữ dữ kiện/liên kết theo loại bản ghi và nguồn; số tổng không là đầu vào
tai_chinh.bien_dong_tien_thuc,ma_nhan_vien,tai_chinh.bien_dong_tien_thuc,ma_nhan_vien,Giữ dữ kiện/liên kết theo loại bản ghi và nguồn; số tổng không là đầu vào
tai_chinh.bien_dong_tien_thuc,ma_can_cu_dai_dien,tai_chinh.bien_dong_tien_thuc,ma_can_cu_dai_dien,Giữ dữ kiện/liên kết theo loại bản ghi và nguồn; số tổng không là đầu vào
tai_chinh.bien_dong_tien_thuc,ma_bien_nhan_xac_nhan_giao_dich,tai_chinh.bien_dong_tien_thuc,ma_bien_nhan_xac_nhan_giao_dich,Giữ dữ kiện/liên kết theo loại bản ghi và nguồn; số tổng không là đầu vào
tai_chinh.bien_dong_tien_thuc,thoi_diem_he_thong_ghi_nhan,tai_chinh.bien_dong_tien_thuc,thoi_diem_he_thong_ghi_nhan,Giữ dữ kiện/liên kết theo loại bản ghi và nguồn; số tổng không là đầu vào
tai_chinh.bien_dong_tien_thuc,ma_tai_khoan_thuc_hien,dung_chung.dong_chung_tu,ma_tai_khoan_thuc_hien,Thông tin chung lưu một lần ở chứng từ/dòng cha; nhật ký và actor thực ở sự kiện vẫn giữ
tai_chinh.nghia_vu_thanh_toan,ma_dinh_danh,tai_chinh.nghia_vu_va_dieu_chinh,ma_dinh_danh,Giữ dữ kiện/liên kết theo loại bản ghi và nguồn; số tổng không là đầu vào
tai_chinh.nghia_vu_thanh_toan,loai,tai_chinh.nghia_vu_va_dieu_chinh,loai,Giữ dữ kiện/liên kết theo loại bản ghi và nguồn; số tổng không là đầu vào
tai_chinh.nghia_vu_thanh_toan,so_tien_nghia_vu_goc,tai_chinh.nghia_vu_va_dieu_chinh,so_tien_nghia_vu_goc,Giữ dữ kiện/liên kết theo loại bản ghi và nguồn; số tổng không là đầu vào
tai_chinh.nghia_vu_thanh_toan,ngay_den_han_thanh_toan,tai_chinh.nghia_vu_va_dieu_chinh,ngay_den_han_thanh_toan,Giữ dữ kiện/liên kết theo loại bản ghi và nguồn; số tổng không là đầu vào
tai_chinh.nghia_vu_thanh_toan,ten_nguoi_huong_tai_luc_de_nghi,tai_chinh.nghia_vu_va_dieu_chinh,ten_nguoi_huong_tai_luc_de_nghi,Giữ dữ kiện/liên kết theo loại bản ghi và nguồn; số tổng không là đầu vào
tai_chinh.nghia_vu_thanh_toan,ma_bo_du_lieu,tai_chinh.nghia_vu_va_dieu_chinh,ma_bo_du_lieu,Giữ dữ kiện/liên kết theo loại bản ghi và nguồn; số tổng không là đầu vào
tai_chinh.nghia_vu_thanh_toan,ma_dong_nguon_nghiep_vu,tai_chinh.nghia_vu_va_dieu_chinh,ma_dong_nguon_nghiep_vu,Giữ dữ kiện/liên kết theo loại bản ghi và nguồn; số tổng không là đầu vào
tai_chinh.nghia_vu_thanh_toan,ma_doi_tac,tai_chinh.nghia_vu_va_dieu_chinh,ma_doi_tac,Giữ dữ kiện/liên kết theo loại bản ghi và nguồn; số tổng không là đầu vào
tai_chinh.nghia_vu_thanh_toan,ma_nhan_vien,tai_chinh.nghia_vu_va_dieu_chinh,ma_nhan_vien,Giữ dữ kiện/liên kết theo loại bản ghi và nguồn; số tổng không là đầu vào
tai_chinh.nghia_vu_thanh_toan,thoi_diem_tao,tai_chinh.nghia_vu_va_dieu_chinh,thoi_diem_tao,Giữ dữ kiện/liên kết theo loại bản ghi và nguồn; số tổng không là đầu vào
tai_chinh.nghia_vu_thanh_toan,ma_tai_khoan_thuc_hien,tai_chinh.nghia_vu_va_dieu_chinh,ma_tai_khoan_thuc_hien,Giữ dữ kiện/liên kết theo loại bản ghi và nguồn; số tổng không là đầu vào
tai_chinh.nghia_vu_thanh_toan,so_phien_ban_ghi_dong_thoi,tai_chinh.nghia_vu_va_dieu_chinh,so_phien_ban_ghi_dong_thoi,Giữ dữ kiện/liên kết theo loại bản ghi và nguồn; số tổng không là đầu vào
tai_chinh.dieu_chinh_nghia_vu,ma_dinh_danh,tai_chinh.nghia_vu_va_dieu_chinh,ma_dinh_danh,Giữ dữ kiện/liên kết theo loại bản ghi và nguồn; số tổng không là đầu vào
tai_chinh.dieu_chinh_nghia_vu,loai_su_kien_dieu_chinh,tai_chinh.nghia_vu_va_dieu_chinh,loai_ban_ghi_nghia_vu,Giữ dữ kiện/liên kết theo loại bản ghi và nguồn; số tổng không là đầu vào
tai_chinh.dieu_chinh_nghia_vu,chieu_tang_giam,tai_chinh.nghia_vu_va_dieu_chinh,chieu_tang_giam,Giữ dữ kiện/liên kết theo loại bản ghi và nguồn; số tổng không là đầu vào
tai_chinh.dieu_chinh_nghia_vu,so_tien,tai_chinh.nghia_vu_va_dieu_chinh,so_tien,Giữ dữ kiện/liên kết theo loại bản ghi và nguồn; số tổng không là đầu vào
tai_chinh.dieu_chinh_nghia_vu,thoi_diem_thuc_hien_nghiep_vu,tai_chinh.nghia_vu_va_dieu_chinh,thoi_diem_thuc_hien_nghiep_vu,Giữ dữ kiện/liên kết theo loại bản ghi và nguồn; số tổng không là đầu vào
tai_chinh.dieu_chinh_nghia_vu,ly_do,tai_chinh.nghia_vu_va_dieu_chinh,ly_do,Giữ dữ kiện/liên kết theo loại bản ghi và nguồn; số tổng không là đầu vào
tai_chinh.dieu_chinh_nghia_vu,ngay_den_han_moi,tai_chinh.nghia_vu_va_dieu_chinh,ngay_den_han_moi,Giữ dữ kiện/liên kết theo loại bản ghi và nguồn; số tổng không là đầu vào
tai_chinh.dieu_chinh_nghia_vu,ma_bo_du_lieu,tai_chinh.nghia_vu_va_dieu_chinh,ma_bo_du_lieu,Giữ dữ kiện/liên kết theo loại bản ghi và nguồn; số tổng không là đầu vào
tai_chinh.dieu_chinh_nghia_vu,ma_nghia_vu_thanh_toan,tai_chinh.nghia_vu_va_dieu_chinh,ma_nghia_vu_goc,Giữ dữ kiện/liên kết theo loại bản ghi và nguồn; số tổng không là đầu vào
tai_chinh.dieu_chinh_nghia_vu,ma_su_kien_goc,tai_chinh.nghia_vu_va_dieu_chinh,ma_su_kien_dieu_chinh_goc,Giữ dữ kiện/liên kết theo loại bản ghi và nguồn; số tổng không là đầu vào
tai_chinh.dieu_chinh_nghia_vu,ma_phe_duyet,tai_chinh.nghia_vu_va_dieu_chinh,ma_phe_duyet,Giữ dữ kiện/liên kết theo loại bản ghi và nguồn; số tổng không là đầu vào
tai_chinh.dieu_chinh_nghia_vu,thoi_diem_he_thong_ghi_nhan,tai_chinh.nghia_vu_va_dieu_chinh,thoi_diem_he_thong_ghi_nhan,Giữ dữ kiện/liên kết theo loại bản ghi và nguồn; số tổng không là đầu vào
tai_chinh.dieu_chinh_nghia_vu,ma_tai_khoan_thuc_hien,dung_chung.dong_chung_tu,ma_tai_khoan_thuc_hien,Thông tin chung lưu một lần ở chứng từ/dòng cha; nhật ký và actor thực ở sự kiện vẫn giữ
tai_chinh.su_kien_su_dung_nguon_tien,ma_dinh_danh,tai_chinh.su_kien_su_dung_nguon_tien,ma_dinh_danh,Giữ dữ kiện/liên kết theo loại bản ghi và nguồn; số tổng không là đầu vào
tai_chinh.su_kien_su_dung_nguon_tien,loai,tai_chinh.su_kien_su_dung_nguon_tien,loai,Giữ dữ kiện/liên kết theo loại bản ghi và nguồn; số tổng không là đầu vào
tai_chinh.su_kien_su_dung_nguon_tien,so_tien,tai_chinh.su_kien_su_dung_nguon_tien,so_tien,Giữ dữ kiện/liên kết theo loại bản ghi và nguồn; số tổng không là đầu vào
tai_chinh.su_kien_su_dung_nguon_tien,thoi_diem_thuc_hien_nghiep_vu,tai_chinh.su_kien_su_dung_nguon_tien,thoi_diem_thuc_hien_nghiep_vu,Giữ dữ kiện/liên kết theo loại bản ghi và nguồn; số tổng không là đầu vào
tai_chinh.su_kien_su_dung_nguon_tien,ma_bo_du_lieu,tai_chinh.su_kien_su_dung_nguon_tien,ma_bo_du_lieu,Giữ dữ kiện/liên kết theo loại bản ghi và nguồn; số tổng không là đầu vào
tai_chinh.su_kien_su_dung_nguon_tien,ma_bien_dong_tien_thuc,tai_chinh.su_kien_su_dung_nguon_tien,ma_bien_dong_tien_thuc,Giữ dữ kiện/liên kết theo loại bản ghi và nguồn; số tổng không là đầu vào
tai_chinh.su_kien_su_dung_nguon_tien,ma_nghia_vu_thanh_toan,tai_chinh.su_kien_su_dung_nguon_tien,ma_nghia_vu_thanh_toan,Giữ dữ kiện/liên kết theo loại bản ghi và nguồn; số tổng không là đầu vào
tai_chinh.su_kien_su_dung_nguon_tien,ma_su_kien_su_dung_tien_goc,tai_chinh.su_kien_su_dung_nguon_tien,ma_su_kien_su_dung_tien_goc,Giữ dữ kiện/liên kết theo loại bản ghi và nguồn; số tổng không là đầu vào
tai_chinh.su_kien_su_dung_nguon_tien,ma_bien_dong_tien_thuc_hoan,tai_chinh.su_kien_su_dung_nguon_tien,ma_bien_dong_tien_thuc_hoan,Giữ dữ kiện/liên kết theo loại bản ghi và nguồn; số tổng không là đầu vào
tai_chinh.su_kien_su_dung_nguon_tien,ma_can_cu_dai_dien,tai_chinh.su_kien_su_dung_nguon_tien,ma_can_cu_dai_dien,Giữ dữ kiện/liên kết theo loại bản ghi và nguồn; số tổng không là đầu vào
tai_chinh.su_kien_su_dung_nguon_tien,thoi_diem_he_thong_ghi_nhan,tai_chinh.su_kien_su_dung_nguon_tien,thoi_diem_he_thong_ghi_nhan,Giữ dữ kiện/liên kết theo loại bản ghi và nguồn; số tổng không là đầu vào
tai_chinh.su_kien_su_dung_nguon_tien,ma_tai_khoan_thuc_hien,tai_chinh.su_kien_su_dung_nguon_tien,ma_tai_khoan_thuc_hien,Giữ dữ kiện/liên kết theo loại bản ghi và nguồn; số tổng không là đầu vào
tai_chinh.chung_tu_ghi_nhan_ban,ma_dinh_danh,dung_chung.chung_tu,ma_dinh_danh,Giữ dữ kiện/liên kết theo loại bản ghi và nguồn; số tổng không là đầu vào
tai_chinh.chung_tu_ghi_nhan_ban,loai,dung_chung.chung_tu,loai,Giữ dữ kiện/liên kết theo loại bản ghi và nguồn; số tổng không là đầu vào
tai_chinh.chung_tu_ghi_nhan_ban,thoi_diem_thuc_hien_nghiep_vu,dung_chung.chung_tu,thoi_diem_thuc_hien_nghiep_vu,Giữ dữ kiện/liên kết theo loại bản ghi và nguồn; số tổng không là đầu vào
tai_chinh.chung_tu_ghi_nhan_ban,pham_vi_mo_phong_thue,dung_chung.chung_tu,pham_vi_mo_phong_thue,Giữ dữ kiện/liên kết theo loại bản ghi và nguồn; số tổng không là đầu vào
tai_chinh.chung_tu_ghi_nhan_ban,trang_thai_thuc_hien,dung_chung.chung_tu,trang_thai_ghi_so,Giữ dữ kiện/liên kết theo loại bản ghi và nguồn; số tổng không là đầu vào
tai_chinh.chung_tu_ghi_nhan_ban,ma_bo_du_lieu,dung_chung.chung_tu,ma_bo_du_lieu,Giữ dữ kiện/liên kết theo loại bản ghi và nguồn; số tổng không là đầu vào
tai_chinh.chung_tu_ghi_nhan_ban,ma_phien_ban_chung_tu,dung_chung.chung_tu,ma_dinh_danh,Dùng cùng khóa với bản cha; không tạo mã bản ghi đầu thứ hai
tai_chinh.chung_tu_ghi_nhan_ban,ma_chung_tu_don_hang,dung_chung.chung_tu,ma_chung_tu_don_hang,Giữ dữ kiện/liên kết theo loại bản ghi và nguồn; số tổng không là đầu vào
tai_chinh.chung_tu_ghi_nhan_ban,ma_ho_so_xu_ly_thuong_mai,dung_chung.chung_tu,ma_ho_so_xu_ly_thuong_mai,Giữ dữ kiện/liên kết theo loại bản ghi và nguồn; số tổng không là đầu vào
tai_chinh.chung_tu_ghi_nhan_ban,ma_phe_duyet,dung_chung.chung_tu,ma_phe_duyet,Giữ dữ kiện/liên kết theo loại bản ghi và nguồn; số tổng không là đầu vào
tai_chinh.chung_tu_ghi_nhan_ban,thoi_diem_tao,dung_chung.chung_tu,thoi_diem_tao,Giữ dữ kiện/liên kết theo loại bản ghi và nguồn; số tổng không là đầu vào
tai_chinh.chung_tu_ghi_nhan_ban,ma_tai_khoan_thuc_hien,dung_chung.chung_tu,ma_tai_khoan_thuc_hien,Giữ dữ kiện/liên kết theo loại bản ghi và nguồn; số tổng không là đầu vào
tai_chinh.chung_tu_ghi_nhan_ban,so_phien_ban_ghi_dong_thoi,dung_chung.chung_tu,so_phien_ban_ghi_dong_thoi,Giữ dữ kiện/liên kết theo loại bản ghi và nguồn; số tổng không là đầu vào
tai_chinh.dong_ghi_nhan_ban,ma_dinh_danh,tai_chinh.dong_ghi_nhan_ban,ma_dinh_danh,Giữ dữ kiện/liên kết theo loại bản ghi và nguồn; số tổng không là đầu vào
tai_chinh.dong_ghi_nhan_ban,so_vien_thoa_thuan,tai_chinh.dong_ghi_nhan_ban,so_vien_thoa_thuan,Giữ dữ kiện/liên kết theo loại bản ghi và nguồn; số tổng không là đầu vào
tai_chinh.dong_ghi_nhan_ban,don_gia_tai_lan_ghi_nhan,tai_chinh.dong_ghi_nhan_ban,don_gia_tai_lan_ghi_nhan,Giữ dữ kiện/liên kết theo loại bản ghi và nguồn; số tổng không là đầu vào
tai_chinh.dong_ghi_nhan_ban,so_tien,tai_chinh.dong_ghi_nhan_ban,so_tien,Giữ dữ kiện/liên kết theo loại bản ghi và nguồn; số tổng không là đầu vào
tai_chinh.dong_ghi_nhan_ban,tinh_trang_ghi_nhan_gia_von,tai_chinh.dong_ghi_nhan_ban,tinh_trang_ghi_nhan_gia_von,Giữ dữ kiện/liên kết theo loại bản ghi và nguồn; số tổng không là đầu vào
tai_chinh.dong_ghi_nhan_ban,ma_bo_du_lieu,tai_chinh.dong_ghi_nhan_ban,ma_bo_du_lieu,Giữ dữ kiện/liên kết theo loại bản ghi và nguồn; số tổng không là đầu vào
tai_chinh.dong_ghi_nhan_ban,ma_chung_tu_ghi_ban,tai_chinh.dong_ghi_nhan_ban,ma_chung_tu_ghi_ban,Giữ dữ kiện/liên kết theo loại bản ghi và nguồn; số tổng không là đầu vào
tai_chinh.dong_ghi_nhan_ban,ma_dong_xac_nhan_khach_nhan,tai_chinh.dong_ghi_nhan_ban,ma_dong_xac_nhan_khach_nhan,Giữ dữ kiện/liên kết theo loại bản ghi và nguồn; số tổng không là đầu vào
tai_chinh.dong_ghi_nhan_ban,ma_dong_ghi_ban_goc,tai_chinh.dong_ghi_nhan_ban,ma_dong_ghi_ban_goc,Giữ dữ kiện/liên kết theo loại bản ghi và nguồn; số tổng không là đầu vào
tai_chinh.dong_ghi_nhan_ban,ma_dong_don_hang,tai_chinh.dong_ghi_nhan_ban,ma_dong_don_hang,Giữ dữ kiện/liên kết theo loại bản ghi và nguồn; số tổng không là đầu vào
tai_chinh.dong_ghi_nhan_ban,thoi_diem_tao,dung_chung.dong_chung_tu,thoi_diem_tao,Thông tin chung lưu một lần ở chứng từ/dòng cha; nhật ký và actor thực ở sự kiện vẫn giữ
tai_chinh.dong_ghi_nhan_ban,ma_tai_khoan_thuc_hien,dung_chung.dong_chung_tu,ma_tai_khoan_thuc_hien,Thông tin chung lưu một lần ở chứng từ/dòng cha; nhật ký và actor thực ở sự kiện vẫn giữ
tai_chinh.dong_ghi_nhan_ban,so_phien_ban_ghi_dong_thoi,dung_chung.dong_chung_tu,so_phien_ban_ghi_dong_thoi,Thông tin chung lưu một lần ở chứng từ/dòng cha; nhật ký và actor thực ở sự kiện vẫn giữ
tai_chinh.doi_chieu_nghia_vu_mua,ma_dinh_danh,tai_chinh.doi_chieu_nghia_vu_mua,ma_dinh_danh,Giữ dữ kiện/liên kết theo loại bản ghi và nguồn; số tổng không là đầu vào
tai_chinh.doi_chieu_nghia_vu_mua,so_luong_duoc_chap_nhan,tai_chinh.doi_chieu_nghia_vu_mua,so_luong_duoc_chap_nhan,Giữ dữ kiện/liên kết theo loại bản ghi và nguồn; số tổng không là đầu vào
tai_chinh.doi_chieu_nghia_vu_mua,so_tien_doi_chieu_chap_nhan_mua,tai_chinh.doi_chieu_nghia_vu_mua,so_tien_doi_chieu_chap_nhan_mua,Giữ dữ kiện/liên kết theo loại bản ghi và nguồn; số tổng không là đầu vào
tai_chinh.doi_chieu_nghia_vu_mua,ma_chung_tu_nha_cung_cap,tai_chinh.doi_chieu_nghia_vu_mua,ma_chung_tu_nha_cung_cap,Giữ dữ kiện/liên kết theo loại bản ghi và nguồn; số tổng không là đầu vào
tai_chinh.doi_chieu_nghia_vu_mua,ngay_den_han_thanh_toan,tai_chinh.doi_chieu_nghia_vu_mua,ngay_den_han_thanh_toan,Giữ dữ kiện/liên kết theo loại bản ghi và nguồn; số tổng không là đầu vào
tai_chinh.doi_chieu_nghia_vu_mua,trang_thai_thuc_hien,tai_chinh.doi_chieu_nghia_vu_mua,trang_thai_thuc_hien,Giữ dữ kiện/liên kết theo loại bản ghi và nguồn; số tổng không là đầu vào
tai_chinh.doi_chieu_nghia_vu_mua,ma_bo_du_lieu,tai_chinh.doi_chieu_nghia_vu_mua,ma_bo_du_lieu,Giữ dữ kiện/liên kết theo loại bản ghi và nguồn; số tổng không là đầu vào
tai_chinh.doi_chieu_nghia_vu_mua,ma_dong_don_mua,tai_chinh.doi_chieu_nghia_vu_mua,ma_dong_don_mua,Giữ dữ kiện/liên kết theo loại bản ghi và nguồn; số tổng không là đầu vào
tai_chinh.doi_chieu_nghia_vu_mua,ma_dong_nhan_hang_mua,tai_chinh.doi_chieu_nghia_vu_mua,ma_dong_nhan_hang_mua,Giữ dữ kiện/liên kết theo loại bản ghi và nguồn; số tổng không là đầu vào
tai_chinh.doi_chieu_nghia_vu_mua,ma_phieu_kiem_chat_luong,tai_chinh.doi_chieu_nghia_vu_mua,ma_phieu_kiem_chat_luong,Giữ dữ kiện/liên kết theo loại bản ghi và nguồn; số tổng không là đầu vào
tai_chinh.doi_chieu_nghia_vu_mua,ma_nha_cung_cap,tai_chinh.doi_chieu_nghia_vu_mua,ma_nha_cung_cap,Giữ dữ kiện/liên kết theo loại bản ghi và nguồn; số tổng không là đầu vào
tai_chinh.doi_chieu_nghia_vu_mua,thoi_diem_tao,dung_chung.dong_chung_tu,thoi_diem_tao,Thông tin chung lưu một lần ở chứng từ/dòng cha; nhật ký và actor thực ở sự kiện vẫn giữ
tai_chinh.doi_chieu_nghia_vu_mua,ma_tai_khoan_thuc_hien,dung_chung.dong_chung_tu,ma_tai_khoan_thuc_hien,Thông tin chung lưu một lần ở chứng từ/dòng cha; nhật ký và actor thực ở sự kiện vẫn giữ
tai_chinh.doi_chieu_nghia_vu_mua,so_phien_ban_ghi_dong_thoi,dung_chung.dong_chung_tu,so_phien_ban_ghi_dong_thoi,Thông tin chung lưu một lần ở chứng từ/dòng cha; nhật ký và actor thực ở sự kiện vẫn giữ
tai_chinh.dong_doi_chieu_quy_ngan_hang,ma_dinh_danh,tai_chinh.dong_doi_chieu_quy_ngan_hang,ma_dinh_danh,Giữ dữ kiện/liên kết theo loại bản ghi và nguồn; số tổng không là đầu vào
tai_chinh.dong_doi_chieu_quy_ngan_hang,ma_doi_chieu_ben_ngoai,tai_chinh.dong_doi_chieu_quy_ngan_hang,ma_doi_chieu_ben_ngoai,Giữ dữ kiện/liên kết theo loại bản ghi và nguồn; số tổng không là đầu vào
tai_chinh.dong_doi_chieu_quy_ngan_hang,so_tien_thuc_tren_nguon_doi_chieu,tai_chinh.dong_doi_chieu_quy_ngan_hang,so_tien_thuc_tren_nguon_doi_chieu,Giữ dữ kiện/liên kết theo loại bản ghi và nguồn; số tổng không là đầu vào
tai_chinh.dong_doi_chieu_quy_ngan_hang,chieu_tang_giam,tai_chinh.dong_doi_chieu_quy_ngan_hang,chieu_tang_giam,Giữ dữ kiện/liên kết theo loại bản ghi và nguồn; số tổng không là đầu vào
tai_chinh.dong_doi_chieu_quy_ngan_hang,thoi_diem_quan_sat_nguon_doi_chieu,tai_chinh.dong_doi_chieu_quy_ngan_hang,thoi_diem_quan_sat_nguon_doi_chieu,Giữ dữ kiện/liên kết theo loại bản ghi và nguồn; số tổng không là đầu vào
tai_chinh.dong_doi_chieu_quy_ngan_hang,trang_thai_xu_ly,tai_chinh.dong_doi_chieu_quy_ngan_hang,trang_thai_xu_ly,Giữ dữ kiện/liên kết theo loại bản ghi và nguồn; số tổng không là đầu vào
tai_chinh.dong_doi_chieu_quy_ngan_hang,ma_bo_du_lieu,tai_chinh.dong_doi_chieu_quy_ngan_hang,ma_bo_du_lieu,Giữ dữ kiện/liên kết theo loại bản ghi và nguồn; số tổng không là đầu vào
tai_chinh.dong_doi_chieu_quy_ngan_hang,ma_quy_hoac_tai_khoan_tien,tai_chinh.dong_doi_chieu_quy_ngan_hang,ma_quy_hoac_tai_khoan_tien,Giữ dữ kiện/liên kết theo loại bản ghi và nguồn; số tổng không là đầu vào
tai_chinh.dong_doi_chieu_quy_ngan_hang,ma_bien_dong_tien_thuc,tai_chinh.dong_doi_chieu_quy_ngan_hang,ma_bien_dong_tien_thuc,Giữ dữ kiện/liên kết theo loại bản ghi và nguồn; số tổng không là đầu vào
tai_chinh.dong_doi_chieu_quy_ngan_hang,thoi_diem_tao,dung_chung.dong_chung_tu,thoi_diem_tao,Thông tin chung lưu một lần ở chứng từ/dòng cha; nhật ký và actor thực ở sự kiện vẫn giữ
tai_chinh.dong_doi_chieu_quy_ngan_hang,ma_tai_khoan_thuc_hien,dung_chung.dong_chung_tu,ma_tai_khoan_thuc_hien,Thông tin chung lưu một lần ở chứng từ/dòng cha; nhật ký và actor thực ở sự kiện vẫn giữ
tai_chinh.dong_doi_chieu_quy_ngan_hang,so_phien_ban_ghi_dong_thoi,dung_chung.dong_chung_tu,so_phien_ban_ghi_dong_thoi,Thông tin chung lưu một lần ở chứng từ/dòng cha; nhật ký và actor thực ở sự kiện vẫn giữ
tai_chinh.nguon_chi_phi,ma_dinh_danh,tai_chinh.nguon_chi_phi,ma_dinh_danh,Giữ dữ kiện/liên kết theo loại bản ghi và nguồn; số tổng không là đầu vào
tai_chinh.nguon_chi_phi,loai,tai_chinh.nguon_chi_phi,loai,Giữ dữ kiện/liên kết theo loại bản ghi và nguồn; số tổng không là đầu vào
tai_chinh.nguon_chi_phi,so_tien,tai_chinh.nguon_chi_phi,so_tien,Giữ dữ kiện/liên kết theo loại bản ghi và nguồn; số tổng không là đầu vào
tai_chinh.nguon_chi_phi,trang_thai_xu_ly,tai_chinh.nguon_chi_phi,trang_thai_xu_ly,Giữ dữ kiện/liên kết theo loại bản ghi và nguồn; số tổng không là đầu vào
tai_chinh.nguon_chi_phi,ghi_chu_can_cu_chi_phi,tai_chinh.nguon_chi_phi,ghi_chu_can_cu_chi_phi,Giữ dữ kiện/liên kết theo loại bản ghi và nguồn; số tổng không là đầu vào
tai_chinh.nguon_chi_phi,ma_bo_du_lieu,tai_chinh.nguon_chi_phi,ma_bo_du_lieu,Giữ dữ kiện/liên kết theo loại bản ghi và nguồn; số tổng không là đầu vào
tai_chinh.nguon_chi_phi,ma_dong_nguon_nghiep_vu,tai_chinh.nguon_chi_phi,ma_dong_nguon_nghiep_vu,Giữ dữ kiện/liên kết theo loại bản ghi và nguồn; số tổng không là đầu vào
tai_chinh.nguon_chi_phi,ma_dong_thu_nhap_nhan_vien,tai_chinh.nguon_chi_phi,ma_dong_thu_nhap_nhan_vien,Giữ dữ kiện/liên kết theo loại bản ghi và nguồn; số tổng không là đầu vào
tai_chinh.nguon_chi_phi,ma_dong_vat_tu_thuc_dung,tai_chinh.nguon_chi_phi,ma_dong_vat_tu_thuc_dung,Giữ dữ kiện/liên kết theo loại bản ghi và nguồn; số tổng không là đầu vào
tai_chinh.nguon_chi_phi,ma_phien_ban_chinh_sach,tai_chinh.nguon_chi_phi,ma_phien_ban_chinh_sach,Giữ dữ kiện/liên kết theo loại bản ghi và nguồn; số tổng không là đầu vào
tai_chinh.nguon_chi_phi,ma_nguon_chi_phi_bi_thay,tai_chinh.nguon_chi_phi,ma_nguon_chi_phi_bi_thay,Giữ dữ kiện/liên kết theo loại bản ghi và nguồn; số tổng không là đầu vào
tai_chinh.nguon_chi_phi,thoi_diem_tao,dung_chung.dong_chung_tu,thoi_diem_tao,Thông tin chung lưu một lần ở chứng từ/dòng cha; nhật ký và actor thực ở sự kiện vẫn giữ
tai_chinh.nguon_chi_phi,ma_tai_khoan_thuc_hien,dung_chung.dong_chung_tu,ma_tai_khoan_thuc_hien,Thông tin chung lưu một lần ở chứng từ/dòng cha; nhật ký và actor thực ở sự kiện vẫn giữ
tai_chinh.nguon_chi_phi,so_phien_ban_ghi_dong_thoi,dung_chung.dong_chung_tu,so_phien_ban_ghi_dong_thoi,Thông tin chung lưu một lần ở chứng từ/dòng cha; nhật ký và actor thực ở sự kiện vẫn giữ
tai_chinh.phan_bo_chi_phi,ma_dinh_danh,tai_chinh.phan_bo_chi_phi,ma_dinh_danh,Giữ dữ kiện/liên kết theo loại bản ghi và nguồn; số tổng không là đầu vào
tai_chinh.phan_bo_chi_phi,so_tien,tai_chinh.phan_bo_chi_phi,so_tien,Giữ dữ kiện/liên kết theo loại bản ghi và nguồn; số tổng không là đầu vào
tai_chinh.phan_bo_chi_phi,doi_tuong_chiu_chi_phi,tai_chinh.phan_bo_chi_phi,doi_tuong_chiu_chi_phi,Giữ dữ kiện/liên kết theo loại bản ghi và nguồn; số tổng không là đầu vào
tai_chinh.phan_bo_chi_phi,so_luong_can_cu_phan_bo,tai_chinh.phan_bo_chi_phi,so_luong_can_cu_phan_bo,Giữ dữ kiện/liên kết theo loại bản ghi và nguồn; số tổng không là đầu vào
tai_chinh.phan_bo_chi_phi,trang_thai_xu_ly,tai_chinh.phan_bo_chi_phi,trang_thai_xu_ly,Giữ dữ kiện/liên kết theo loại bản ghi và nguồn; số tổng không là đầu vào
tai_chinh.phan_bo_chi_phi,ma_bo_du_lieu,tai_chinh.phan_bo_chi_phi,ma_bo_du_lieu,Giữ dữ kiện/liên kết theo loại bản ghi và nguồn; số tổng không là đầu vào
tai_chinh.phan_bo_chi_phi,ma_nguon_chi_phi,tai_chinh.phan_bo_chi_phi,ma_nguon_chi_phi,Giữ dữ kiện/liên kết theo loại bản ghi và nguồn; số tổng không là đầu vào
tai_chinh.phan_bo_chi_phi,ma_lo_san_xuat,tai_chinh.phan_bo_chi_phi,ma_lo_san_xuat,Giữ dữ kiện/liên kết theo loại bản ghi và nguồn; số tổng không là đầu vào
tai_chinh.phan_bo_chi_phi,ma_phien_ban_chinh_sach,tai_chinh.phan_bo_chi_phi,ma_phien_ban_chinh_sach,Giữ dữ kiện/liên kết theo loại bản ghi và nguồn; số tổng không là đầu vào
tai_chinh.phan_bo_chi_phi,ma_ban_phan_bo_chi_phi_bi_thay,tai_chinh.phan_bo_chi_phi,ma_ban_phan_bo_chi_phi_bi_thay,Giữ dữ kiện/liên kết theo loại bản ghi và nguồn; số tổng không là đầu vào
tai_chinh.phan_bo_chi_phi,thoi_diem_tao,dung_chung.dong_chung_tu,thoi_diem_tao,Thông tin chung lưu một lần ở chứng từ/dòng cha; nhật ký và actor thực ở sự kiện vẫn giữ
tai_chinh.phan_bo_chi_phi,ma_tai_khoan_thuc_hien,dung_chung.dong_chung_tu,ma_tai_khoan_thuc_hien,Thông tin chung lưu một lần ở chứng từ/dòng cha; nhật ký và actor thực ở sự kiện vẫn giữ
tai_chinh.phan_bo_chi_phi,so_phien_ban_ghi_dong_thoi,dung_chung.dong_chung_tu,so_phien_ban_ghi_dong_thoi,Thông tin chung lưu một lần ở chứng từ/dòng cha; nhật ký và actor thực ở sự kiện vẫn giữ
tai_chinh.can_cu_phan_bo_chi_phi,ma_dinh_danh,tai_chinh.can_cu_phan_bo_chi_phi,ma_dinh_danh,Giữ dữ kiện/liên kết theo loại bản ghi và nguồn; số tổng không là đầu vào
tai_chinh.can_cu_phan_bo_chi_phi,loai_can_cu_phan_bo,tai_chinh.can_cu_phan_bo_chi_phi,loai_can_cu_phan_bo,Giữ dữ kiện/liên kết theo loại bản ghi và nguồn; số tổng không là đầu vào
tai_chinh.can_cu_phan_bo_chi_phi,so_luong_can_cu_phan_bo,tai_chinh.can_cu_phan_bo_chi_phi,so_luong_can_cu_phan_bo,Giữ dữ kiện/liên kết theo loại bản ghi và nguồn; số tổng không là đầu vào
tai_chinh.can_cu_phan_bo_chi_phi,ma_bo_du_lieu,tai_chinh.can_cu_phan_bo_chi_phi,ma_bo_du_lieu,Giữ dữ kiện/liên kết theo loại bản ghi và nguồn; số tổng không là đầu vào
tai_chinh.can_cu_phan_bo_chi_phi,ma_dong_phan_bo_chi_phi,tai_chinh.can_cu_phan_bo_chi_phi,ma_dong_phan_bo_chi_phi,Giữ dữ kiện/liên kết theo loại bản ghi và nguồn; số tổng không là đầu vào
tai_chinh.can_cu_phan_bo_chi_phi,ma_khoang_cong_thuc_te,tai_chinh.can_cu_phan_bo_chi_phi,ma_khoang_cong_thuc_te,Giữ dữ kiện/liên kết theo loại bản ghi và nguồn; số tổng không là đầu vào
tai_chinh.can_cu_phan_bo_chi_phi,ma_lich_nguon_luc,tai_chinh.can_cu_phan_bo_chi_phi,ma_lich_nguon_luc,Giữ dữ kiện/liên kết theo loại bản ghi và nguồn; số tổng không là đầu vào
tai_chinh.can_cu_phan_bo_chi_phi,ma_dong_vat_tu_thuc_dung,tai_chinh.can_cu_phan_bo_chi_phi,ma_dong_vat_tu_thuc_dung,Giữ dữ kiện/liên kết theo loại bản ghi và nguồn; số tổng không là đầu vào
tai_chinh.can_cu_phan_bo_chi_phi,thoi_diem_tao,tai_chinh.can_cu_phan_bo_chi_phi,thoi_diem_tao,Giữ dữ kiện/liên kết theo loại bản ghi và nguồn; số tổng không là đầu vào
tai_chinh.can_cu_phan_bo_chi_phi,ma_tai_khoan_thuc_hien,tai_chinh.can_cu_phan_bo_chi_phi,ma_tai_khoan_thuc_hien,Giữ dữ kiện/liên kết theo loại bản ghi và nguồn; số tổng không là đầu vào
tai_chinh.can_cu_phan_bo_chi_phi,so_phien_ban_ghi_dong_thoi,tai_chinh.can_cu_phan_bo_chi_phi,so_phien_ban_ghi_dong_thoi,Giữ dữ kiện/liên kết theo loại bản ghi và nguồn; số tổng không là đầu vào
tai_chinh.ban_chot_gia_thanh,ma_dinh_danh,dung_chung.chung_tu,ma_dinh_danh,Giữ dữ kiện/liên kết theo loại bản ghi và nguồn; số tổng không là đầu vào
tai_chinh.ban_chot_gia_thanh,trang_thai_xu_ly,dung_chung.chung_tu,tinh_trang_chot_gia_thanh,Giữ dữ kiện/liên kết theo loại bản ghi và nguồn; số tổng không là đầu vào
tai_chinh.ban_chot_gia_thanh,ma_bo_du_lieu,dung_chung.chung_tu,ma_bo_du_lieu,Giữ dữ kiện/liên kết theo loại bản ghi và nguồn; số tổng không là đầu vào
tai_chinh.ban_chot_gia_thanh,ma_phien_ban_chung_tu,dung_chung.chung_tu,ma_dinh_danh,Dùng cùng khóa với bản cha; không tạo mã bản ghi đầu thứ hai
tai_chinh.ban_chot_gia_thanh,ma_lo_san_xuat,dung_chung.chung_tu,ma_lo_san_xuat,Giữ dữ kiện/liên kết theo loại bản ghi và nguồn; số tổng không là đầu vào
tai_chinh.ban_chot_gia_thanh,ma_phien_ban_chinh_sach_dinh_gia,dung_chung.chung_tu,ma_phien_ban_chinh_sach_dinh_gia,Giữ dữ kiện/liên kết theo loại bản ghi và nguồn; số tổng không là đầu vào
tai_chinh.ban_chot_gia_thanh,thoi_diem_tao,dung_chung.chung_tu,thoi_diem_tao,Giữ dữ kiện/liên kết theo loại bản ghi và nguồn; số tổng không là đầu vào
tai_chinh.ban_chot_gia_thanh,ma_tai_khoan_thuc_hien,dung_chung.chung_tu,ma_tai_khoan_thuc_hien,Giữ dữ kiện/liên kết theo loại bản ghi và nguồn; số tổng không là đầu vào
tai_chinh.ban_chot_gia_thanh,so_phien_ban_ghi_dong_thoi,dung_chung.chung_tu,so_phien_ban_ghi_dong_thoi,Giữ dữ kiện/liên kết theo loại bản ghi và nguồn; số tổng không là đầu vào
tai_chinh.bien_dong_gia_tri,ma_dinh_danh,tai_chinh.bien_dong_gia_tri,ma_dinh_danh,Giữ dữ kiện/liên kết theo loại bản ghi và nguồn; số tổng không là đầu vào
tai_chinh.bien_dong_gia_tri,nhom_gia_tri_nguon,tai_chinh.bien_dong_gia_tri,nhom_gia_tri_nguon,Giữ dữ kiện/liên kết theo loại bản ghi và nguồn; số tổng không là đầu vào
tai_chinh.bien_dong_gia_tri,nhom_gia_tri_dich,tai_chinh.bien_dong_gia_tri,nhom_gia_tri_dich,Giữ dữ kiện/liên kết theo loại bản ghi và nguồn; số tổng không là đầu vào
tai_chinh.bien_dong_gia_tri,so_tien,tai_chinh.bien_dong_gia_tri,so_tien,Giữ dữ kiện/liên kết theo loại bản ghi và nguồn; số tổng không là đầu vào
tai_chinh.bien_dong_gia_tri,thoi_diem_thuc_hien_nghiep_vu,tai_chinh.bien_dong_gia_tri,thoi_diem_thuc_hien_nghiep_vu,Giữ dữ kiện/liên kết theo loại bản ghi và nguồn; số tổng không là đầu vào
tai_chinh.bien_dong_gia_tri,tinh_trang_xac_nhan_dinh_gia,tai_chinh.bien_dong_gia_tri,tinh_trang_xac_nhan_dinh_gia,Giữ dữ kiện/liên kết theo loại bản ghi và nguồn; số tổng không là đầu vào
tai_chinh.bien_dong_gia_tri,quy_tac_lam_tron_da_ap_dung,tai_chinh.bien_dong_gia_tri,quy_tac_lam_tron_da_ap_dung,Giữ dữ kiện/liên kết theo loại bản ghi và nguồn; số tổng không là đầu vào
tai_chinh.bien_dong_gia_tri,ma_bo_du_lieu,tai_chinh.bien_dong_gia_tri,ma_bo_du_lieu,Giữ dữ kiện/liên kết theo loại bản ghi và nguồn; số tổng không là đầu vào
tai_chinh.bien_dong_gia_tri,ma_mat_hang,tai_chinh.bien_dong_gia_tri,ma_mat_hang,Giữ dữ kiện/liên kết theo loại bản ghi và nguồn; số tổng không là đầu vào
tai_chinh.bien_dong_gia_tri,ma_dong_van_dong_hang,tai_chinh.bien_dong_gia_tri,ma_dong_van_dong_hang,Giữ dữ kiện/liên kết theo loại bản ghi và nguồn; số tổng không là đầu vào
tai_chinh.bien_dong_gia_tri,ma_chung_tu_ban_chot_gia_thanh,tai_chinh.bien_dong_gia_tri,ma_chung_tu_ban_chot_gia_thanh,Giữ dữ kiện/liên kết theo loại bản ghi và nguồn; số tổng không là đầu vào
tai_chinh.bien_dong_gia_tri,ma_dong_ghi_ban,tai_chinh.bien_dong_gia_tri,ma_dong_ghi_ban,Giữ dữ kiện/liên kết theo loại bản ghi và nguồn; số tổng không là đầu vào
tai_chinh.bien_dong_gia_tri,ma_bien_dong_gia_tri_goc,tai_chinh.bien_dong_gia_tri,ma_bien_dong_gia_tri_goc,Giữ dữ kiện/liên kết theo loại bản ghi và nguồn; số tổng không là đầu vào
tai_chinh.bien_dong_gia_tri,thoi_diem_he_thong_ghi_nhan,tai_chinh.bien_dong_gia_tri,thoi_diem_he_thong_ghi_nhan,Giữ dữ kiện/liên kết theo loại bản ghi và nguồn; số tổng không là đầu vào
tai_chinh.bien_dong_gia_tri,ma_tai_khoan_thuc_hien,dung_chung.dong_chung_tu,ma_tai_khoan_thuc_hien,Thông tin chung lưu một lần ở chứng từ/dòng cha; nhật ký và actor thực ở sự kiện vẫn giữ
nhan_su.nhan_vien,ma_dinh_danh,nhan_su.nhan_vien,ma_dinh_danh,Giữ dữ kiện/liên kết theo loại bản ghi và nguồn; số tổng không là đầu vào
nhan_su.nhan_vien,ma_nghiep_vu,nhan_su.nhan_vien,ma_nghiep_vu,Giữ dữ kiện/liên kết theo loại bản ghi và nguồn; số tổng không là đầu vào
nhan_su.nhan_vien,ma_nguoi_that,nhan_su.nhan_vien,ma_nguoi_that,Giữ dữ kiện/liên kết theo loại bản ghi và nguồn; số tổng không là đầu vào
nhan_su.nhan_vien,ten,nhan_su.nhan_vien,ten,Giữ dữ kiện/liên kết theo loại bản ghi và nguồn; số tổng không là đầu vào
nhan_su.nhan_vien,ngay_vao_lam,nhan_su.nhan_vien,ngay_vao_lam,Giữ dữ kiện/liên kết theo loại bản ghi và nguồn; số tổng không là đầu vào
nhan_su.nhan_vien,ngay_nghi_viec,nhan_su.nhan_vien,ngay_nghi_viec,Giữ dữ kiện/liên kết theo loại bản ghi và nguồn; số tổng không là đầu vào
nhan_su.nhan_vien,ma_bo_du_lieu,nhan_su.nhan_vien,ma_bo_du_lieu,Giữ dữ kiện/liên kết theo loại bản ghi và nguồn; số tổng không là đầu vào
nhan_su.nhan_vien,thoi_diem_tao,nhan_su.nhan_vien,thoi_diem_tao,Giữ dữ kiện/liên kết theo loại bản ghi và nguồn; số tổng không là đầu vào
nhan_su.nhan_vien,ma_tai_khoan_thuc_hien,nhan_su.nhan_vien,ma_tai_khoan_thuc_hien,Giữ dữ kiện/liên kết theo loại bản ghi và nguồn; số tổng không là đầu vào
nhan_su.nhan_vien,so_phien_ban_ghi_dong_thoi,nhan_su.nhan_vien,so_phien_ban_ghi_dong_thoi,Giữ dữ kiện/liên kết theo loại bản ghi và nguồn; số tổng không là đầu vào
nhan_su.ho_so_lam_viec_theo_hieu_luc,ma_dinh_danh,nhan_su.ho_so_lam_viec_theo_hieu_luc,ma_dinh_danh,Giữ dữ kiện/liên kết theo loại bản ghi và nguồn; số tổng không là đầu vào
nhan_su.ho_so_lam_viec_theo_hieu_luc,thoi_diem_bat_dau_hieu_luc,nhan_su.ho_so_lam_viec_theo_hieu_luc,thoi_diem_bat_dau_hieu_luc,Giữ dữ kiện/liên kết theo loại bản ghi và nguồn; số tổng không là đầu vào
nhan_su.ho_so_lam_viec_theo_hieu_luc,thoi_diem_ket_thuc_hieu_luc,nhan_su.ho_so_lam_viec_theo_hieu_luc,thoi_diem_ket_thuc_hieu_luc,Giữ dữ kiện/liên kết theo loại bản ghi và nguồn; số tổng không là đầu vào
nhan_su.ho_so_lam_viec_theo_hieu_luc,loai_ho_so_hop_dong,nhan_su.ho_so_lam_viec_theo_hieu_luc,loai_ho_so_hop_dong,Giữ dữ kiện/liên kết theo loại bản ghi và nguồn; số tổng không là đầu vào
nhan_su.ho_so_lam_viec_theo_hieu_luc,ngay_ket_thuc_hop_dong,nhan_su.ho_so_lam_viec_theo_hieu_luc,ngay_ket_thuc_hop_dong,Giữ dữ kiện/liên kết theo loại bản ghi và nguồn; số tổng không là đầu vào
nhan_su.ho_so_lam_viec_theo_hieu_luc,vi_tri_cong_viec,nhan_su.ho_so_lam_viec_theo_hieu_luc,vi_tri_cong_viec,Giữ dữ kiện/liên kết theo loại bản ghi và nguồn; số tổng không là đầu vào
nhan_su.ho_so_lam_viec_theo_hieu_luc,luong_co_ban,nhan_su.ho_so_lam_viec_theo_hieu_luc,luong_co_ban,Giữ dữ kiện/liên kết theo loại bản ghi và nguồn; số tổng không là đầu vào
nhan_su.ho_so_lam_viec_theo_hieu_luc,phu_cap_co_dinh,nhan_su.ho_so_lam_viec_theo_hieu_luc,phu_cap_co_dinh,Giữ dữ kiện/liên kết theo loại bản ghi và nguồn; số tổng không là đầu vào
nhan_su.ho_so_lam_viec_theo_hieu_luc,ghi_chu_thu_viec,nhan_su.ho_so_lam_viec_theo_hieu_luc,ghi_chu_thu_viec,Giữ dữ kiện/liên kết theo loại bản ghi và nguồn; số tổng không là đầu vào
nhan_su.ho_so_lam_viec_theo_hieu_luc,tinh_trang_lam_viec,nhan_su.ho_so_lam_viec_theo_hieu_luc,tinh_trang_lam_viec,Giữ dữ kiện/liên kết theo loại bản ghi và nguồn; số tổng không là đầu vào
nhan_su.ho_so_lam_viec_theo_hieu_luc,ma_bo_du_lieu,nhan_su.ho_so_lam_viec_theo_hieu_luc,ma_bo_du_lieu,Giữ dữ kiện/liên kết theo loại bản ghi và nguồn; số tổng không là đầu vào
nhan_su.ho_so_lam_viec_theo_hieu_luc,ma_phien_ban_chung_tu,nhan_su.ho_so_lam_viec_theo_hieu_luc,ma_dinh_danh,Dùng cùng khóa với bản cha; không tạo mã bản ghi đầu thứ hai
nhan_su.ho_so_lam_viec_theo_hieu_luc,ma_nhan_vien,nhan_su.ho_so_lam_viec_theo_hieu_luc,ma_nhan_vien,Giữ dữ kiện/liên kết theo loại bản ghi và nguồn; số tổng không là đầu vào
nhan_su.ho_so_lam_viec_theo_hieu_luc,ma_bo_phan,nhan_su.ho_so_lam_viec_theo_hieu_luc,ma_bo_phan,Giữ dữ kiện/liên kết theo loại bản ghi và nguồn; số tổng không là đầu vào
nhan_su.ho_so_lam_viec_theo_hieu_luc,ma_nhan_vien_quan_ly,nhan_su.ho_so_lam_viec_theo_hieu_luc,ma_nhan_vien_quan_ly,Giữ dữ kiện/liên kết theo loại bản ghi và nguồn; số tổng không là đầu vào
nhan_su.ho_so_lam_viec_theo_hieu_luc,ma_phien_ban_chinh_sach_thu_nhap,nhan_su.ho_so_lam_viec_theo_hieu_luc,ma_phien_ban_chinh_sach_thu_nhap,Giữ dữ kiện/liên kết theo loại bản ghi và nguồn; số tổng không là đầu vào
nhan_su.ho_so_lam_viec_theo_hieu_luc,thoi_diem_tao,dung_chung.chung_tu,thoi_diem_tao,Thông tin chung lưu một lần ở chứng từ/dòng cha; nhật ký và actor thực ở sự kiện vẫn giữ
nhan_su.ho_so_lam_viec_theo_hieu_luc,ma_tai_khoan_thuc_hien,dung_chung.chung_tu,ma_tai_khoan_thuc_hien,Thông tin chung lưu một lần ở chứng từ/dòng cha; nhật ký và actor thực ở sự kiện vẫn giữ
nhan_su.ho_so_lam_viec_theo_hieu_luc,so_phien_ban_ghi_dong_thoi,dung_chung.chung_tu,so_phien_ban_ghi_dong_thoi,Thông tin chung lưu một lần ở chứng từ/dòng cha; nhật ký và actor thực ở sự kiện vẫn giữ
nhan_su.ho_so_ky_nang_va_an_toan,ma_dinh_danh,nhan_su.ho_so_ky_nang_va_an_toan,ma_dinh_danh,Giữ dữ kiện/liên kết theo loại bản ghi và nguồn; số tổng không là đầu vào
nhan_su.ho_so_ky_nang_va_an_toan,loai,nhan_su.ho_so_ky_nang_va_an_toan,loai,Giữ dữ kiện/liên kết theo loại bản ghi và nguồn; số tổng không là đầu vào
nhan_su.ho_so_ky_nang_va_an_toan,ma_nghiep_vu,nhan_su.ho_so_ky_nang_va_an_toan,ma_nghiep_vu,Giữ dữ kiện/liên kết theo loại bản ghi và nguồn; số tổng không là đầu vào
nhan_su.ho_so_ky_nang_va_an_toan,thoi_diem_bat_dau_hieu_luc,nhan_su.ho_so_ky_nang_va_an_toan,thoi_diem_bat_dau_hieu_luc,Giữ dữ kiện/liên kết theo loại bản ghi và nguồn; số tổng không là đầu vào
nhan_su.ho_so_ky_nang_va_an_toan,thoi_diem_ket_thuc_hieu_luc,nhan_su.ho_so_ky_nang_va_an_toan,thoi_diem_ket_thuc_hieu_luc,Giữ dữ kiện/liên kết theo loại bản ghi và nguồn; số tổng không là đầu vào
nhan_su.ho_so_ky_nang_va_an_toan,trang_thai_xu_ly,nhan_su.ho_so_ky_nang_va_an_toan,trang_thai_xu_ly,Giữ dữ kiện/liên kết theo loại bản ghi và nguồn; số tổng không là đầu vào
nhan_su.ho_so_ky_nang_va_an_toan,ghi_chu_anh_huong_cong_viec,nhan_su.ho_so_ky_nang_va_an_toan,ghi_chu_anh_huong_cong_viec,Giữ dữ kiện/liên kết theo loại bản ghi và nguồn; số tổng không là đầu vào
nhan_su.ho_so_ky_nang_va_an_toan,ma_bo_du_lieu,nhan_su.ho_so_ky_nang_va_an_toan,ma_bo_du_lieu,Giữ dữ kiện/liên kết theo loại bản ghi và nguồn; số tổng không là đầu vào
nhan_su.ho_so_ky_nang_va_an_toan,ma_phien_ban_chung_tu,nhan_su.ho_so_ky_nang_va_an_toan,ma_dinh_danh,Dùng cùng khóa với bản cha; không tạo mã bản ghi đầu thứ hai
nhan_su.ho_so_ky_nang_va_an_toan,ma_nhan_vien,nhan_su.ho_so_ky_nang_va_an_toan,ma_nhan_vien,Giữ dữ kiện/liên kết theo loại bản ghi và nguồn; số tổng không là đầu vào
nhan_su.ho_so_ky_nang_va_an_toan,thoi_diem_tao,dung_chung.chung_tu,thoi_diem_tao,Thông tin chung lưu một lần ở chứng từ/dòng cha; nhật ký và actor thực ở sự kiện vẫn giữ
nhan_su.ho_so_ky_nang_va_an_toan,ma_tai_khoan_thuc_hien,dung_chung.chung_tu,ma_tai_khoan_thuc_hien,Thông tin chung lưu một lần ở chứng từ/dòng cha; nhật ký và actor thực ở sự kiện vẫn giữ
nhan_su.ho_so_ky_nang_va_an_toan,so_phien_ban_ghi_dong_thoi,dung_chung.chung_tu,so_phien_ban_ghi_dong_thoi,Thông tin chung lưu một lần ở chứng từ/dòng cha; nhật ký và actor thực ở sự kiện vẫn giữ
nhan_su.ban_giao_bao_ho_dung_cu,ma_dinh_danh,dung_chung.trao_doi_va_ban_giao,ma_dinh_danh,Giữ dữ kiện/liên kết theo loại bản ghi và nguồn; số tổng không là đầu vào
nhan_su.ban_giao_bao_ho_dung_cu,loai,dung_chung.trao_doi_va_ban_giao,loai_ban_giao_dung_cu,Giữ dữ kiện/liên kết theo loại bản ghi và nguồn; số tổng không là đầu vào
nhan_su.ban_giao_bao_ho_dung_cu,thoi_diem_thuc_hien_nghiep_vu,dung_chung.trao_doi_va_ban_giao,thoi_diem_thuc_hien_nghiep_vu,Giữ dữ kiện/liên kết theo loại bản ghi và nguồn; số tổng không là đầu vào
nhan_su.ban_giao_bao_ho_dung_cu,can_cu_tiep_nhan,dung_chung.trao_doi_va_ban_giao,can_cu_tiep_nhan,Giữ dữ kiện/liên kết theo loại bản ghi và nguồn; số tổng không là đầu vào
nhan_su.ban_giao_bao_ho_dung_cu,ma_bo_du_lieu,dung_chung.trao_doi_va_ban_giao,ma_bo_du_lieu,Giữ dữ kiện/liên kết theo loại bản ghi và nguồn; số tổng không là đầu vào
nhan_su.ban_giao_bao_ho_dung_cu,ma_phien_ban_chung_tu,dung_chung.trao_doi_va_ban_giao,ma_phien_ban_chung_tu,Giữ dữ kiện/liên kết theo loại bản ghi và nguồn; số tổng không là đầu vào
nhan_su.ban_giao_bao_ho_dung_cu,ma_nhan_vien,dung_chung.trao_doi_va_ban_giao,ma_nhan_vien,Giữ dữ kiện/liên kết theo loại bản ghi và nguồn; số tổng không là đầu vào
nhan_su.ban_giao_bao_ho_dung_cu,ma_dong_van_dong_hang,dung_chung.trao_doi_va_ban_giao,ma_dong_van_dong_hang,Giữ dữ kiện/liên kết theo loại bản ghi và nguồn; số tổng không là đầu vào
nhan_su.ban_giao_bao_ho_dung_cu,ma_ban_giao_dung_cu_goc,dung_chung.trao_doi_va_ban_giao,ma_ban_giao_goc,Giữ dữ kiện/liên kết theo loại bản ghi và nguồn; số tổng không là đầu vào
nhan_su.ban_giao_bao_ho_dung_cu,thoi_diem_tao,dung_chung.trao_doi_va_ban_giao,thoi_diem_tao,Giữ dữ kiện/liên kết theo loại bản ghi và nguồn; số tổng không là đầu vào
nhan_su.ban_giao_bao_ho_dung_cu,ma_tai_khoan_thuc_hien,dung_chung.trao_doi_va_ban_giao,ma_tai_khoan_thuc_hien,Giữ dữ kiện/liên kết theo loại bản ghi và nguồn; số tổng không là đầu vào
nhan_su.ban_giao_bao_ho_dung_cu,so_phien_ban_ghi_dong_thoi,dung_chung.trao_doi_va_ban_giao,so_phien_ban_ghi_dong_thoi,Giữ dữ kiện/liên kết theo loại bản ghi và nguồn; số tổng không là đầu vào
nhan_su.ngay_va_ca_lam_viec,ma_dinh_danh,nhan_su.ngay_va_ca_lam_viec,ma_dinh_danh,Giữ dữ kiện/liên kết theo loại bản ghi và nguồn; số tổng không là đầu vào
nhan_su.ngay_va_ca_lam_viec,ngay_lam_viec,nhan_su.ngay_va_ca_lam_viec,ngay_lam_viec,Giữ dữ kiện/liên kết theo loại bản ghi và nguồn; số tổng không là đầu vào
nhan_su.ngay_va_ca_lam_viec,loai_ngay_theo_lich,nhan_su.ngay_va_ca_lam_viec,loai_ngay_theo_lich,Giữ dữ kiện/liên kết theo loại bản ghi và nguồn; số tổng không là đầu vào
nhan_su.ngay_va_ca_lam_viec,ma_ca,nhan_su.ngay_va_ca_lam_viec,ma_ca,Giữ dữ kiện/liên kết theo loại bản ghi và nguồn; số tổng không là đầu vào
nhan_su.ngay_va_ca_lam_viec,cac_khoang_lam_viec_trong_ca,nhan_su.ngay_va_ca_lam_viec,cac_khoang_lam_viec_trong_ca,Giữ dữ kiện/liên kết theo loại bản ghi và nguồn; số tổng không là đầu vào
nhan_su.ngay_va_ca_lam_viec,ma_bo_du_lieu,nhan_su.ngay_va_ca_lam_viec,ma_bo_du_lieu,Giữ dữ kiện/liên kết theo loại bản ghi và nguồn; số tổng không là đầu vào
nhan_su.ngay_va_ca_lam_viec,ma_phien_ban_chinh_sach,nhan_su.ngay_va_ca_lam_viec,ma_phien_ban_chinh_sach,Giữ dữ kiện/liên kết theo loại bản ghi và nguồn; số tổng không là đầu vào
nhan_su.ngay_va_ca_lam_viec,thoi_diem_tao,nhan_su.ngay_va_ca_lam_viec,thoi_diem_tao,Giữ dữ kiện/liên kết theo loại bản ghi và nguồn; số tổng không là đầu vào
nhan_su.ngay_va_ca_lam_viec,ma_tai_khoan_thuc_hien,nhan_su.ngay_va_ca_lam_viec,ma_tai_khoan_thuc_hien,Giữ dữ kiện/liên kết theo loại bản ghi và nguồn; số tổng không là đầu vào
nhan_su.ngay_va_ca_lam_viec,so_phien_ban_ghi_dong_thoi,nhan_su.ngay_va_ca_lam_viec,so_phien_ban_ghi_dong_thoi,Giữ dữ kiện/liên kết theo loại bản ghi và nguồn; số tổng không là đầu vào
nhan_su.phan_cong_du_kien,ma_dinh_danh,san_xuat.lich_nguoi_va_nguon_luc,ma_dinh_danh,Giữ dữ kiện/liên kết theo loại bản ghi và nguồn; số tổng không là đầu vào
nhan_su.phan_cong_du_kien,thoi_diem_bat_dau_khoang,san_xuat.lich_nguoi_va_nguon_luc,thoi_diem_bat_dau_khoang,Giữ dữ kiện/liên kết theo loại bản ghi và nguồn; số tổng không là đầu vào
nhan_su.phan_cong_du_kien,thoi_diem_ket_thuc_khoang,san_xuat.lich_nguoi_va_nguon_luc,thoi_diem_ket_thuc_khoang,Giữ dữ kiện/liên kết theo loại bản ghi và nguồn; số tổng không là đầu vào
nhan_su.phan_cong_du_kien,muc_dich,san_xuat.lich_nguoi_va_nguon_luc,muc_dich,Giữ dữ kiện/liên kết theo loại bản ghi và nguồn; số tổng không là đầu vào
nhan_su.phan_cong_du_kien,trang_thai_xu_ly,san_xuat.lich_nguoi_va_nguon_luc,trang_thai_xu_ly,Giữ dữ kiện/liên kết theo loại bản ghi và nguồn; số tổng không là đầu vào
nhan_su.phan_cong_du_kien,ma_bo_du_lieu,san_xuat.lich_nguoi_va_nguon_luc,ma_bo_du_lieu,Giữ dữ kiện/liên kết theo loại bản ghi và nguồn; số tổng không là đầu vào
nhan_su.phan_cong_du_kien,ma_phien_ban_chung_tu,san_xuat.lich_nguoi_va_nguon_luc,ma_phien_ban_chung_tu,Giữ dữ kiện/liên kết theo loại bản ghi và nguồn; số tổng không là đầu vào
nhan_su.phan_cong_du_kien,ma_nhan_vien,san_xuat.lich_nguoi_va_nguon_luc,ma_nhan_vien,Giữ dữ kiện/liên kết theo loại bản ghi và nguồn; số tổng không là đầu vào
nhan_su.phan_cong_du_kien,ma_ngay_va_ca_lam_viec,san_xuat.lich_nguoi_va_nguon_luc,ma_ngay_va_ca_lam_viec,Giữ dữ kiện/liên kết theo loại bản ghi và nguồn; số tổng không là đầu vào
nhan_su.phan_cong_du_kien,ma_chung_tu_cong_doan,san_xuat.lich_nguoi_va_nguon_luc,ma_chung_tu_cong_doan,Giữ dữ kiện/liên kết theo loại bản ghi và nguồn; số tổng không là đầu vào
nhan_su.phan_cong_du_kien,ma_phan_cong_du_kien_bi_thay,san_xuat.lich_nguoi_va_nguon_luc,ma_lich_bi_thay,Giữ dữ kiện/liên kết theo loại bản ghi và nguồn; số tổng không là đầu vào
nhan_su.phan_cong_du_kien,thoi_diem_tao,san_xuat.lich_nguoi_va_nguon_luc,thoi_diem_tao,Giữ dữ kiện/liên kết theo loại bản ghi và nguồn; số tổng không là đầu vào
nhan_su.phan_cong_du_kien,ma_tai_khoan_thuc_hien,san_xuat.lich_nguoi_va_nguon_luc,ma_tai_khoan_thuc_hien,Giữ dữ kiện/liên kết theo loại bản ghi và nguồn; số tổng không là đầu vào
nhan_su.phan_cong_du_kien,so_phien_ban_ghi_dong_thoi,san_xuat.lich_nguoi_va_nguon_luc,so_phien_ban_ghi_dong_thoi,Giữ dữ kiện/liên kết theo loại bản ghi và nguồn; số tổng không là đầu vào
nhan_su.ban_cong_nguoi_ngay_ca,ma_dinh_danh,dung_chung.chung_tu,ma_dinh_danh,Giữ dữ kiện/liên kết theo loại bản ghi và nguồn; số tổng không là đầu vào
nhan_su.ban_cong_nguoi_ngay_ca,so_phien_ban_chung_tu,dung_chung.chung_tu,so_phien_ban_chung_tu,Giữ dữ kiện/liên kết theo loại bản ghi và nguồn; số tổng không là đầu vào
nhan_su.ban_cong_nguoi_ngay_ca,trang_thai_xu_ly,dung_chung.chung_tu,tinh_trang_xac_nhan_cong,Giữ dữ kiện/liên kết theo loại bản ghi và nguồn; số tổng không là đầu vào
nhan_su.ban_cong_nguoi_ngay_ca,ma_nguon_nhap_du_lieu,dung_chung.chung_tu,ma_nguon_nhap_du_lieu,Giữ dữ kiện/liên kết theo loại bản ghi và nguồn; số tổng không là đầu vào
nhan_su.ban_cong_nguoi_ngay_ca,ly_do,dung_chung.chung_tu,ly_do,Giữ dữ kiện/liên kết theo loại bản ghi và nguồn; số tổng không là đầu vào
nhan_su.ban_cong_nguoi_ngay_ca,ma_bo_du_lieu,dung_chung.chung_tu,ma_bo_du_lieu,Giữ dữ kiện/liên kết theo loại bản ghi và nguồn; số tổng không là đầu vào
nhan_su.ban_cong_nguoi_ngay_ca,ma_phien_ban_chung_tu,dung_chung.chung_tu,ma_dinh_danh,Dùng cùng khóa với bản cha; không tạo mã bản ghi đầu thứ hai
nhan_su.ban_cong_nguoi_ngay_ca,ma_nhan_vien,dung_chung.chung_tu,ma_nhan_vien,Giữ dữ kiện/liên kết theo loại bản ghi và nguồn; số tổng không là đầu vào
nhan_su.ban_cong_nguoi_ngay_ca,ma_ngay_va_ca_lam_viec,dung_chung.chung_tu,ma_ngay_va_ca_lam_viec,Giữ dữ kiện/liên kết theo loại bản ghi và nguồn; số tổng không là đầu vào
nhan_su.ban_cong_nguoi_ngay_ca,ma_ban_cong_bi_thay,dung_chung.chung_tu,ma_ban_chung_tu_bi_thay,Giữ dữ kiện/liên kết theo loại bản ghi và nguồn; số tổng không là đầu vào
nhan_su.ban_cong_nguoi_ngay_ca,ma_nhan_vien_xac_nhan,dung_chung.chung_tu,ma_nhan_vien_xac_nhan,Giữ dữ kiện/liên kết theo loại bản ghi và nguồn; số tổng không là đầu vào
nhan_su.ban_cong_nguoi_ngay_ca,ma_ky,dung_chung.chung_tu,ma_ky,Giữ dữ kiện/liên kết theo loại bản ghi và nguồn; số tổng không là đầu vào
nhan_su.ban_cong_nguoi_ngay_ca,thoi_diem_tao,dung_chung.chung_tu,thoi_diem_tao,Giữ dữ kiện/liên kết theo loại bản ghi và nguồn; số tổng không là đầu vào
nhan_su.ban_cong_nguoi_ngay_ca,ma_tai_khoan_thuc_hien,dung_chung.chung_tu,ma_tai_khoan_thuc_hien,Giữ dữ kiện/liên kết theo loại bản ghi và nguồn; số tổng không là đầu vào
nhan_su.ban_cong_nguoi_ngay_ca,so_phien_ban_ghi_dong_thoi,dung_chung.chung_tu,so_phien_ban_ghi_dong_thoi,Giữ dữ kiện/liên kết theo loại bản ghi và nguồn; số tổng không là đầu vào
nhan_su.khoang_cong_thuc_te,ma_dinh_danh,nhan_su.khoang_cong_thuc_te,ma_dinh_danh,Giữ dữ kiện/liên kết theo loại bản ghi và nguồn; số tổng không là đầu vào
nhan_su.khoang_cong_thuc_te,thoi_diem_bat_dau_khoang,nhan_su.khoang_cong_thuc_te,thoi_diem_bat_dau_khoang,Giữ dữ kiện/liên kết theo loại bản ghi và nguồn; số tổng không là đầu vào
nhan_su.khoang_cong_thuc_te,thoi_diem_ket_thuc_khoang,nhan_su.khoang_cong_thuc_te,thoi_diem_ket_thuc_khoang,Giữ dữ kiện/liên kết theo loại bản ghi và nguồn; số tổng không là đầu vào
nhan_su.khoang_cong_thuc_te,loai,nhan_su.khoang_cong_thuc_te,loai,Giữ dữ kiện/liên kết theo loại bản ghi và nguồn; số tổng không là đầu vào
nhan_su.khoang_cong_thuc_te,can_cu_huong_luong,nhan_su.khoang_cong_thuc_te,can_cu_huong_luong,Giữ dữ kiện/liên kết theo loại bản ghi và nguồn; số tổng không là đầu vào
nhan_su.khoang_cong_thuc_te,trang_thai_xu_ly,nhan_su.khoang_cong_thuc_te,trang_thai_xu_ly,Giữ dữ kiện/liên kết theo loại bản ghi và nguồn; số tổng không là đầu vào
nhan_su.khoang_cong_thuc_te,ma_bo_du_lieu,nhan_su.khoang_cong_thuc_te,ma_bo_du_lieu,Giữ dữ kiện/liên kết theo loại bản ghi và nguồn; số tổng không là đầu vào
nhan_su.khoang_cong_thuc_te,ma_chung_tu_ban_cong,nhan_su.khoang_cong_thuc_te,ma_chung_tu_ban_cong,Giữ dữ kiện/liên kết theo loại bản ghi và nguồn; số tổng không là đầu vào
nhan_su.khoang_cong_thuc_te,ma_chung_tu_cong_doan,nhan_su.khoang_cong_thuc_te,ma_chung_tu_cong_doan,Giữ dữ kiện/liên kết theo loại bản ghi và nguồn; số tổng không là đầu vào
nhan_su.khoang_cong_thuc_te,ma_chung_tu_de_nghi_nghi,nhan_su.khoang_cong_thuc_te,ma_chung_tu_de_nghi_nghi,Giữ dữ kiện/liên kết theo loại bản ghi và nguồn; số tổng không là đầu vào
nhan_su.khoang_cong_thuc_te,ma_quyet_dinh_duyet_lam_them,nhan_su.khoang_cong_thuc_te,ma_quyet_dinh_duyet_lam_them,Giữ dữ kiện/liên kết theo loại bản ghi và nguồn; số tổng không là đầu vào
nhan_su.khoang_cong_thuc_te,thoi_diem_tao,nhan_su.khoang_cong_thuc_te,thoi_diem_tao,Giữ dữ kiện/liên kết theo loại bản ghi và nguồn; số tổng không là đầu vào
nhan_su.khoang_cong_thuc_te,ma_tai_khoan_thuc_hien,nhan_su.khoang_cong_thuc_te,ma_tai_khoan_thuc_hien,Giữ dữ kiện/liên kết theo loại bản ghi và nguồn; số tổng không là đầu vào
nhan_su.khoang_cong_thuc_te,so_phien_ban_ghi_dong_thoi,nhan_su.khoang_cong_thuc_te,so_phien_ban_ghi_dong_thoi,Giữ dữ kiện/liên kết theo loại bản ghi và nguồn; số tổng không là đầu vào
nhan_su.de_nghi_nghi,ma_dinh_danh,nhan_su.de_nghi_nghi,ma_dinh_danh,Giữ dữ kiện/liên kết theo loại bản ghi và nguồn; số tổng không là đầu vào
nhan_su.de_nghi_nghi,loai_nghi,nhan_su.de_nghi_nghi,loai_nghi,Giữ dữ kiện/liên kết theo loại bản ghi và nguồn; số tổng không là đầu vào
nhan_su.de_nghi_nghi,thoi_diem_bat_dau_khoang,nhan_su.de_nghi_nghi,thoi_diem_bat_dau_khoang,Giữ dữ kiện/liên kết theo loại bản ghi và nguồn; số tổng không là đầu vào
nhan_su.de_nghi_nghi,thoi_diem_ket_thuc_khoang,nhan_su.de_nghi_nghi,thoi_diem_ket_thuc_khoang,Giữ dữ kiện/liên kết theo loại bản ghi và nguồn; số tổng không là đầu vào
nhan_su.de_nghi_nghi,trang_thai_xu_ly,nhan_su.de_nghi_nghi,trang_thai_xu_ly,Giữ dữ kiện/liên kết theo loại bản ghi và nguồn; số tổng không là đầu vào
nhan_su.de_nghi_nghi,ly_do,nhan_su.de_nghi_nghi,ly_do,Giữ dữ kiện/liên kết theo loại bản ghi và nguồn; số tổng không là đầu vào
nhan_su.de_nghi_nghi,ma_bo_du_lieu,nhan_su.de_nghi_nghi,ma_bo_du_lieu,Giữ dữ kiện/liên kết theo loại bản ghi và nguồn; số tổng không là đầu vào
nhan_su.de_nghi_nghi,ma_phien_ban_chung_tu,nhan_su.de_nghi_nghi,ma_dinh_danh,Dùng cùng khóa với bản cha; không tạo mã bản ghi đầu thứ hai
nhan_su.de_nghi_nghi,ma_nhan_vien,nhan_su.de_nghi_nghi,ma_nhan_vien,Giữ dữ kiện/liên kết theo loại bản ghi và nguồn; số tổng không là đầu vào
nhan_su.de_nghi_nghi,ma_nhan_vien_lam_thay,nhan_su.de_nghi_nghi,ma_nhan_vien_lam_thay,Giữ dữ kiện/liên kết theo loại bản ghi và nguồn; số tổng không là đầu vào
nhan_su.de_nghi_nghi,ma_phien_ban_chinh_sach,nhan_su.de_nghi_nghi,ma_phien_ban_chinh_sach,Giữ dữ kiện/liên kết theo loại bản ghi và nguồn; số tổng không là đầu vào
nhan_su.de_nghi_nghi,ma_phe_duyet,nhan_su.de_nghi_nghi,ma_phe_duyet,Giữ dữ kiện/liên kết theo loại bản ghi và nguồn; số tổng không là đầu vào
nhan_su.de_nghi_nghi,thoi_diem_tao,dung_chung.chung_tu,thoi_diem_tao,Thông tin chung lưu một lần ở chứng từ/dòng cha; nhật ký và actor thực ở sự kiện vẫn giữ
nhan_su.de_nghi_nghi,ma_tai_khoan_thuc_hien,dung_chung.chung_tu,ma_tai_khoan_thuc_hien,Thông tin chung lưu một lần ở chứng từ/dòng cha; nhật ký và actor thực ở sự kiện vẫn giữ
nhan_su.de_nghi_nghi,so_phien_ban_ghi_dong_thoi,dung_chung.chung_tu,so_phien_ban_ghi_dong_thoi,Thông tin chung lưu một lần ở chứng từ/dòng cha; nhật ký và actor thực ở sự kiện vẫn giữ
nhan_su.su_kien_phep,ma_dinh_danh,nhan_su.su_kien_phep,ma_dinh_danh,Giữ dữ kiện/liên kết theo loại bản ghi và nguồn; số tổng không là đầu vào
nhan_su.su_kien_phep,loai,nhan_su.su_kien_phep,loai,Giữ dữ kiện/liên kết theo loại bản ghi và nguồn; số tổng không là đầu vào
nhan_su.su_kien_phep,so_phut_phat_sinh,nhan_su.su_kien_phep,so_phut_phat_sinh,Giữ dữ kiện/liên kết theo loại bản ghi và nguồn; số tổng không là đầu vào
nhan_su.su_kien_phep,thoi_diem_thuc_hien_nghiep_vu,nhan_su.su_kien_phep,thoi_diem_thuc_hien_nghiep_vu,Giữ dữ kiện/liên kết theo loại bản ghi và nguồn; số tổng không là đầu vào
nhan_su.su_kien_phep,ma_bo_du_lieu,nhan_su.su_kien_phep,ma_bo_du_lieu,Giữ dữ kiện/liên kết theo loại bản ghi và nguồn; số tổng không là đầu vào
nhan_su.su_kien_phep,ma_nhan_vien,nhan_su.su_kien_phep,ma_nhan_vien,Giữ dữ kiện/liên kết theo loại bản ghi và nguồn; số tổng không là đầu vào
nhan_su.su_kien_phep,ma_chung_tu_de_nghi_nghi,nhan_su.su_kien_phep,ma_chung_tu_de_nghi_nghi,Giữ dữ kiện/liên kết theo loại bản ghi và nguồn; số tổng không là đầu vào
nhan_su.su_kien_phep,ma_su_kien_giu_goc,nhan_su.su_kien_phep,ma_su_kien_giu_goc,Giữ dữ kiện/liên kết theo loại bản ghi và nguồn; số tổng không là đầu vào
nhan_su.su_kien_phep,ma_phe_duyet,nhan_su.su_kien_phep,ma_phe_duyet,Giữ dữ kiện/liên kết theo loại bản ghi và nguồn; số tổng không là đầu vào
nhan_su.su_kien_phep,thoi_diem_he_thong_ghi_nhan,nhan_su.su_kien_phep,thoi_diem_he_thong_ghi_nhan,Giữ dữ kiện/liên kết theo loại bản ghi và nguồn; số tổng không là đầu vào
nhan_su.su_kien_phep,ma_tai_khoan_thuc_hien,dung_chung.dong_chung_tu,ma_tai_khoan_thuc_hien,Thông tin chung lưu một lần ở chứng từ/dòng cha; nhật ký và actor thực ở sự kiện vẫn giữ
nhan_su.ky_tinh_thu_nhap,ma_dinh_danh,dung_chung.ky_nghiep_vu,ma_dinh_danh,Giữ dữ kiện/liên kết theo loại bản ghi và nguồn; số tổng không là đầu vào
nhan_su.ky_tinh_thu_nhap,so_phien_ban_chung_tu,dung_chung.ky_nghiep_vu,so_phien_ban_chung_tu,Giữ dữ kiện/liên kết theo loại bản ghi và nguồn; số tổng không là đầu vào
nhan_su.ky_tinh_thu_nhap,gioi_han_mo_phong,dung_chung.ky_nghiep_vu,gioi_han_mo_phong,Giữ dữ kiện/liên kết theo loại bản ghi và nguồn; số tổng không là đầu vào
nhan_su.ky_tinh_thu_nhap,ma_bo_du_lieu,dung_chung.ky_nghiep_vu,ma_bo_du_lieu,Giữ dữ kiện/liên kết theo loại bản ghi và nguồn; số tổng không là đầu vào
nhan_su.ky_tinh_thu_nhap,ma_phien_ban_chung_tu,dung_chung.ky_nghiep_vu,ma_chung_tu_ky_thu_nhap,Giữ dữ kiện/liên kết theo loại bản ghi và nguồn; số tổng không là đầu vào
nhan_su.ky_tinh_thu_nhap,ma_ky,dung_chung.ky_nghiep_vu,ma_ky_goc,Giữ dữ kiện/liên kết theo loại bản ghi và nguồn; số tổng không là đầu vào
nhan_su.ky_tinh_thu_nhap,ma_chung_tu_chot_cong,dung_chung.ky_nghiep_vu,ma_chung_tu_chot_cong,Giữ dữ kiện/liên kết theo loại bản ghi và nguồn; số tổng không là đầu vào
nhan_su.ky_tinh_thu_nhap,ma_phien_ban_chinh_sach,dung_chung.ky_nghiep_vu,ma_phien_ban_chinh_sach,Giữ dữ kiện/liên kết theo loại bản ghi và nguồn; số tổng không là đầu vào
nhan_su.ky_tinh_thu_nhap,ma_ky_tinh_thu_nhap_bi_thay,dung_chung.ky_nghiep_vu,ma_ban_ky_bi_thay,Giữ dữ kiện/liên kết theo loại bản ghi và nguồn; số tổng không là đầu vào
nhan_su.ky_tinh_thu_nhap,thoi_diem_tao,dung_chung.ky_nghiep_vu,thoi_diem_tao,Giữ dữ kiện/liên kết theo loại bản ghi và nguồn; số tổng không là đầu vào
nhan_su.ky_tinh_thu_nhap,ma_tai_khoan_thuc_hien,dung_chung.ky_nghiep_vu,ma_tai_khoan_thuc_hien,Giữ dữ kiện/liên kết theo loại bản ghi và nguồn; số tổng không là đầu vào
nhan_su.ky_tinh_thu_nhap,so_phien_ban_ghi_dong_thoi,dung_chung.ky_nghiep_vu,so_phien_ban_ghi_dong_thoi,Giữ dữ kiện/liên kết theo loại bản ghi và nguồn; số tổng không là đầu vào
nhan_su.dong_thu_nhap_nhan_vien,ma_dinh_danh,nhan_su.thu_nhap_nhan_vien,ma_dinh_danh,Giữ dữ kiện/liên kết theo loại bản ghi và nguồn; số tổng không là đầu vào
nhan_su.dong_thu_nhap_nhan_vien,trang_thai_xu_ly,nhan_su.thu_nhap_nhan_vien,trang_thai_xu_ly,Giữ dữ kiện/liên kết theo loại bản ghi và nguồn; số tổng không là đầu vào
nhan_su.dong_thu_nhap_nhan_vien,pham_vi_mo_phong_khoan_bat_buoc,nhan_su.thu_nhap_nhan_vien,pham_vi_mo_phong_khoan_bat_buoc,Giữ dữ kiện/liên kết theo loại bản ghi và nguồn; số tổng không là đầu vào
nhan_su.dong_thu_nhap_nhan_vien,phep_tinh_ban_luu_tai_thoi_diem,nhan_su.thu_nhap_nhan_vien,phep_tinh_ban_luu_tai_thoi_diem,Giữ dữ kiện/liên kết theo loại bản ghi và nguồn; số tổng không là đầu vào
nhan_su.dong_thu_nhap_nhan_vien,ma_bo_du_lieu,nhan_su.thu_nhap_nhan_vien,ma_bo_du_lieu,Giữ dữ kiện/liên kết theo loại bản ghi và nguồn; số tổng không là đầu vào
nhan_su.dong_thu_nhap_nhan_vien,ma_chung_tu_ky_tinh_thu_nhap,nhan_su.thu_nhap_nhan_vien,ma_chung_tu_ky_tinh_thu_nhap,Giữ dữ kiện/liên kết theo loại bản ghi và nguồn; số tổng không là đầu vào
nhan_su.dong_thu_nhap_nhan_vien,ma_nhan_vien,nhan_su.thu_nhap_nhan_vien,ma_nhan_vien,Giữ dữ kiện/liên kết theo loại bản ghi và nguồn; số tổng không là đầu vào
nhan_su.dong_thu_nhap_nhan_vien,ma_ho_so_lam_viec_theo_hieu_luc,nhan_su.thu_nhap_nhan_vien,ma_ho_so_lam_viec_theo_hieu_luc,Giữ dữ kiện/liên kết theo loại bản ghi và nguồn; số tổng không là đầu vào
nhan_su.dong_thu_nhap_nhan_vien,ma_phe_duyet,nhan_su.thu_nhap_nhan_vien,ma_phe_duyet,Giữ dữ kiện/liên kết theo loại bản ghi và nguồn; số tổng không là đầu vào
nhan_su.dong_thu_nhap_nhan_vien,ma_dong_thu_nhap_goc,nhan_su.thu_nhap_nhan_vien,ma_dong_thu_nhap_goc,Giữ dữ kiện/liên kết theo loại bản ghi và nguồn; số tổng không là đầu vào
nhan_su.dong_thu_nhap_nhan_vien,thoi_diem_tao,dung_chung.dong_chung_tu,thoi_diem_tao,Thông tin chung lưu một lần ở chứng từ/dòng cha; nhật ký và actor thực ở sự kiện vẫn giữ
nhan_su.dong_thu_nhap_nhan_vien,ma_tai_khoan_thuc_hien,dung_chung.dong_chung_tu,ma_tai_khoan_thuc_hien,Thông tin chung lưu một lần ở chứng từ/dòng cha; nhật ký và actor thực ở sự kiện vẫn giữ
nhan_su.dong_thu_nhap_nhan_vien,so_phien_ban_ghi_dong_thoi,dung_chung.dong_chung_tu,so_phien_ban_ghi_dong_thoi,Thông tin chung lưu một lần ở chứng từ/dòng cha; nhật ký và actor thực ở sự kiện vẫn giữ
nhan_su.khoan_thu_nhap_co_can_cu,ma_dinh_danh,nhan_su.khoan_thu_nhap_co_can_cu,ma_dinh_danh,Giữ dữ kiện/liên kết theo loại bản ghi và nguồn; số tổng không là đầu vào
nhan_su.khoan_thu_nhap_co_can_cu,loai,nhan_su.khoan_thu_nhap_co_can_cu,loai,Giữ dữ kiện/liên kết theo loại bản ghi và nguồn; số tổng không là đầu vào
nhan_su.khoan_thu_nhap_co_can_cu,chieu_tang_giam,nhan_su.khoan_thu_nhap_co_can_cu,chieu_tang_giam,Giữ dữ kiện/liên kết theo loại bản ghi và nguồn; số tổng không là đầu vào
nhan_su.khoan_thu_nhap_co_can_cu,so_tien,nhan_su.khoan_thu_nhap_co_can_cu,so_tien,Giữ dữ kiện/liên kết theo loại bản ghi và nguồn; số tổng không là đầu vào
nhan_su.khoan_thu_nhap_co_can_cu,so_phut_duoc_lay_lam_can_cu,nhan_su.khoan_thu_nhap_co_can_cu,so_phut_duoc_lay_lam_can_cu,Giữ dữ kiện/liên kết theo loại bản ghi và nguồn; số tổng không là đầu vào
nhan_su.khoan_thu_nhap_co_can_cu,don_gia_tinh_tai_lan_xac_nhan,nhan_su.khoan_thu_nhap_co_can_cu,don_gia_tinh_tai_lan_xac_nhan,Giữ dữ kiện/liên kết theo loại bản ghi và nguồn; số tổng không là đầu vào
nhan_su.khoan_thu_nhap_co_can_cu,ly_do,nhan_su.khoan_thu_nhap_co_can_cu,ly_do,Giữ dữ kiện/liên kết theo loại bản ghi và nguồn; số tổng không là đầu vào
nhan_su.khoan_thu_nhap_co_can_cu,ma_bo_du_lieu,nhan_su.khoan_thu_nhap_co_can_cu,ma_bo_du_lieu,Giữ dữ kiện/liên kết theo loại bản ghi và nguồn; số tổng không là đầu vào
nhan_su.khoan_thu_nhap_co_can_cu,ma_dong_thu_nhap_nhan_vien,nhan_su.khoan_thu_nhap_co_can_cu,ma_dong_thu_nhap_nhan_vien,Giữ dữ kiện/liên kết theo loại bản ghi và nguồn; số tổng không là đầu vào
nhan_su.khoan_thu_nhap_co_can_cu,ma_phien_ban_chinh_sach,nhan_su.khoan_thu_nhap_co_can_cu,ma_phien_ban_chinh_sach,Giữ dữ kiện/liên kết theo loại bản ghi và nguồn; số tổng không là đầu vào
nhan_su.khoan_thu_nhap_co_can_cu,ma_phe_duyet,nhan_su.khoan_thu_nhap_co_can_cu,ma_phe_duyet,Giữ dữ kiện/liên kết theo loại bản ghi và nguồn; số tổng không là đầu vào
nhan_su.khoan_thu_nhap_co_can_cu,thoi_diem_tao,nhan_su.khoan_thu_nhap_co_can_cu,thoi_diem_tao,Giữ dữ kiện/liên kết theo loại bản ghi và nguồn; số tổng không là đầu vào
nhan_su.khoan_thu_nhap_co_can_cu,ma_tai_khoan_thuc_hien,nhan_su.khoan_thu_nhap_co_can_cu,ma_tai_khoan_thuc_hien,Giữ dữ kiện/liên kết theo loại bản ghi và nguồn; số tổng không là đầu vào
nhan_su.khoan_thu_nhap_co_can_cu,so_phien_ban_ghi_dong_thoi,nhan_su.khoan_thu_nhap_co_can_cu,so_phien_ban_ghi_dong_thoi,Giữ dữ kiện/liên kết theo loại bản ghi và nguồn; số tổng không là đầu vào
truy_cap.phien_dang_nhap,ma_dinh_danh,truy_cap.phien_dang_nhap,ma_dinh_danh,Giữ dữ kiện/liên kết theo loại bản ghi và nguồn; số tổng không là đầu vào
truy_cap.phien_dang_nhap,ban_bam_ma_phien_dang_nhap,truy_cap.phien_dang_nhap,ban_bam_ma_phien_dang_nhap,Giữ dữ kiện/liên kết theo loại bản ghi và nguồn; số tổng không là đầu vào
truy_cap.phien_dang_nhap,thoi_diem_cap_phien,truy_cap.phien_dang_nhap,thoi_diem_cap_phien,Giữ dữ kiện/liên kết theo loại bản ghi và nguồn; số tổng không là đầu vào
truy_cap.phien_dang_nhap,thoi_diem_het_hieu_luc,truy_cap.phien_dang_nhap,thoi_diem_het_hieu_luc,Giữ dữ kiện/liên kết theo loại bản ghi và nguồn; số tổng không là đầu vào
truy_cap.phien_dang_nhap,thoi_diem_thu_hoi_quyen,truy_cap.phien_dang_nhap,thoi_diem_thu_hoi_quyen,Giữ dữ kiện/liên kết theo loại bản ghi và nguồn; số tổng không là đầu vào
truy_cap.phien_dang_nhap,so_phien_ban_quyen_khi_cap_phien,truy_cap.phien_dang_nhap,so_phien_ban_quyen_khi_cap_phien,Giữ dữ kiện/liên kết theo loại bản ghi và nguồn; số tổng không là đầu vào
truy_cap.phien_dang_nhap,ma_tai_khoan,truy_cap.phien_dang_nhap,ma_tai_khoan,Giữ dữ kiện/liên kết theo loại bản ghi và nguồn; số tổng không là đầu vào
truy_cap.phien_dang_nhap,thoi_diem_tao,truy_cap.phien_dang_nhap,thoi_diem_tao,Giữ dữ kiện/liên kết theo loại bản ghi và nguồn; số tổng không là đầu vào
truy_cap.phien_dang_nhap,ma_tai_khoan_thuc_hien,truy_cap.phien_dang_nhap,ma_tai_khoan_thuc_hien,Giữ dữ kiện/liên kết theo loại bản ghi và nguồn; số tổng không là đầu vào
truy_cap.phien_dang_nhap,so_phien_ban_ghi_dong_thoi,truy_cap.phien_dang_nhap,so_phien_ban_ghi_dong_thoi,Giữ dữ kiện/liên kết theo loại bản ghi và nguồn; số tổng không là đầu vào
tai_chinh.nguon_cua_ban_chot_gia_thanh,ma_dinh_danh,tai_chinh.nguon_cua_ban_chot_gia_thanh,ma_dinh_danh,Giữ dữ kiện/liên kết theo loại bản ghi và nguồn; số tổng không là đầu vào
tai_chinh.nguon_cua_ban_chot_gia_thanh,ma_bo_du_lieu,tai_chinh.nguon_cua_ban_chot_gia_thanh,ma_bo_du_lieu,Giữ dữ kiện/liên kết theo loại bản ghi và nguồn; số tổng không là đầu vào
tai_chinh.nguon_cua_ban_chot_gia_thanh,ma_chung_tu_ban_chot_gia_thanh,tai_chinh.nguon_cua_ban_chot_gia_thanh,ma_chung_tu_ban_chot_gia_thanh,Giữ dữ kiện/liên kết theo loại bản ghi và nguồn; số tổng không là đầu vào
tai_chinh.nguon_cua_ban_chot_gia_thanh,ma_dong_phan_bo_chi_phi,tai_chinh.nguon_cua_ban_chot_gia_thanh,ma_dong_phan_bo_chi_phi,Giữ dữ kiện/liên kết theo loại bản ghi và nguồn; số tổng không là đầu vào
tai_chinh.nguon_cua_ban_chot_gia_thanh,thoi_diem_tao,dung_chung.dong_chung_tu,thoi_diem_tao,Thông tin chung lưu một lần ở chứng từ/dòng cha; nhật ký và actor thực ở sự kiện vẫn giữ
tai_chinh.nguon_cua_ban_chot_gia_thanh,ma_tai_khoan_thuc_hien,dung_chung.dong_chung_tu,ma_tai_khoan_thuc_hien,Thông tin chung lưu một lần ở chứng từ/dòng cha; nhật ký và actor thực ở sự kiện vẫn giữ
tai_chinh.nguon_cua_ban_chot_gia_thanh,so_phien_ban_ghi_dong_thoi,dung_chung.dong_chung_tu,so_phien_ban_ghi_dong_thoi,Thông tin chung lưu một lần ở chứng từ/dòng cha; nhật ký và actor thực ở sự kiện vẫn giữ
truy_cap.dinh_danh_nguoi,ma_dinh_danh,truy_cap.dinh_danh_nguoi,ma_dinh_danh,Giữ dữ kiện/liên kết theo loại bản ghi và nguồn; số tổng không là đầu vào
truy_cap.dinh_danh_nguoi,ma_dinh_danh_nguoi,truy_cap.dinh_danh_nguoi,ma_dinh_danh_nguoi,Giữ dữ kiện/liên kết theo loại bản ghi và nguồn; số tổng không là đầu vào
truy_cap.dinh_danh_nguoi,ten_hien_thi,truy_cap.dinh_danh_nguoi,ten_hien_thi,Giữ dữ kiện/liên kết theo loại bản ghi và nguồn; số tổng không là đầu vào
truy_cap.dinh_danh_nguoi,trang_thai_xu_ly,truy_cap.dinh_danh_nguoi,trang_thai_xu_ly,Giữ dữ kiện/liên kết theo loại bản ghi và nguồn; số tổng không là đầu vào
truy_cap.dinh_danh_nguoi,gia_lap,truy_cap.dinh_danh_nguoi,gia_lap,Giữ dữ kiện/liên kết theo loại bản ghi và nguồn; số tổng không là đầu vào
truy_cap.dinh_danh_nguoi,thoi_diem_tao,truy_cap.dinh_danh_nguoi,thoi_diem_tao,Giữ dữ kiện/liên kết theo loại bản ghi và nguồn; số tổng không là đầu vào
truy_cap.dinh_danh_nguoi,ma_tai_khoan_thuc_hien,truy_cap.dinh_danh_nguoi,ma_tai_khoan_thuc_hien,Giữ dữ kiện/liên kết theo loại bản ghi và nguồn; số tổng không là đầu vào
truy_cap.dinh_danh_nguoi,so_phien_ban_ghi_dong_thoi,truy_cap.dinh_danh_nguoi,so_phien_ban_ghi_dong_thoi,Giữ dữ kiện/liên kết theo loại bản ghi và nguồn; số tổng không là đầu vào
