bang_con,truong_lien_ket,bang_nguon,truong_nguon,mo_ta,rang_buoc
dung_chung.doanh_nghiep,ma_bo_du_lieu,dung_chung.bo_du_lieu_mo_phong,ma_dinh_danh,Mã bộ dữ liệu liên kết dung_chung.bo_du_lieu_mo_phong đúng bản/bộ và vai trò; điều kiện loại nguồn trong ràng buộc.,"Đúng bộ/bản, không xóa dây chuyền nguồn đã dùng; kiểm loại đích theo source-contracts.csv"
dung_chung.doanh_nghiep,ma_tai_khoan_thuc_hien,truy_cap.tai_khoan_dang_nhap,ma_dinh_danh,Mã tài khoản thực hiện liên kết truy_cap.tai_khoan_dang_nhap đúng bản/bộ và vai trò; điều kiện loại nguồn trong ràng buộc.,"Đúng bộ/bản, không xóa dây chuyền nguồn đã dùng; kiểm loại đích theo source-contracts.csv"
dung_chung.bo_phan,ma_bo_du_lieu,dung_chung.bo_du_lieu_mo_phong,ma_dinh_danh,Mã bộ dữ liệu liên kết dung_chung.bo_du_lieu_mo_phong đúng bản/bộ và vai trò; điều kiện loại nguồn trong ràng buộc.,"Đúng bộ/bản, không xóa dây chuyền nguồn đã dùng; kiểm loại đích theo source-contracts.csv"
dung_chung.bo_phan,ma_doanh_nghiep,dung_chung.doanh_nghiep,ma_dinh_danh,Mã doanh nghiệp liên kết dung_chung.doanh_nghiep đúng bản/bộ và vai trò; điều kiện loại nguồn trong ràng buộc.,"Đúng bộ/bản, không xóa dây chuyền nguồn đã dùng; kiểm loại đích theo source-contracts.csv"
dung_chung.bo_phan,ma_tai_khoan_thuc_hien,truy_cap.tai_khoan_dang_nhap,ma_dinh_danh,Mã tài khoản thực hiện liên kết truy_cap.tai_khoan_dang_nhap đúng bản/bộ và vai trò; điều kiện loại nguồn trong ràng buộc.,"Đúng bộ/bản, không xóa dây chuyền nguồn đã dùng; kiểm loại đích theo source-contracts.csv"
dung_chung.vi_tri_giu_hang,ma_bo_du_lieu,dung_chung.bo_du_lieu_mo_phong,ma_dinh_danh,Mã bộ dữ liệu liên kết dung_chung.bo_du_lieu_mo_phong đúng bản/bộ và vai trò; điều kiện loại nguồn trong ràng buộc.,"Đúng bộ/bản, không xóa dây chuyền nguồn đã dùng; kiểm loại đích theo source-contracts.csv"
dung_chung.vi_tri_giu_hang,ma_doanh_nghiep,dung_chung.doanh_nghiep,ma_dinh_danh,Mã doanh nghiệp liên kết dung_chung.doanh_nghiep đúng bản/bộ và vai trò; điều kiện loại nguồn trong ràng buộc.,"Đúng bộ/bản, không xóa dây chuyền nguồn đã dùng; kiểm loại đích theo source-contracts.csv"
dung_chung.vi_tri_giu_hang,ma_tai_khoan_thuc_hien,truy_cap.tai_khoan_dang_nhap,ma_dinh_danh,Mã tài khoản thực hiện liên kết truy_cap.tai_khoan_dang_nhap đúng bản/bộ và vai trò; điều kiện loại nguồn trong ràng buộc.,"Đúng bộ/bản, không xóa dây chuyền nguồn đã dùng; kiểm loại đích theo source-contracts.csv"
dung_chung.don_vi_tinh,ma_bo_du_lieu,dung_chung.bo_du_lieu_mo_phong,ma_dinh_danh,Mã bộ dữ liệu liên kết dung_chung.bo_du_lieu_mo_phong đúng bản/bộ và vai trò; điều kiện loại nguồn trong ràng buộc.,"Đúng bộ/bản, không xóa dây chuyền nguồn đã dùng; kiểm loại đích theo source-contracts.csv"
dung_chung.don_vi_tinh,ma_tai_khoan_thuc_hien,truy_cap.tai_khoan_dang_nhap,ma_dinh_danh,Mã tài khoản thực hiện liên kết truy_cap.tai_khoan_dang_nhap đúng bản/bộ và vai trò; điều kiện loại nguồn trong ràng buộc.,"Đúng bộ/bản, không xóa dây chuyền nguồn đã dùng; kiểm loại đích theo source-contracts.csv"
dung_chung.chung_tu,ma_bo_du_lieu,dung_chung.bo_du_lieu_mo_phong,ma_dinh_danh,Mã bộ dữ liệu liên kết dung_chung.bo_du_lieu_mo_phong đúng bản/bộ và vai trò; điều kiện loại nguồn trong ràng buộc.,"Đúng bộ/bản, không xóa dây chuyền nguồn đã dùng; kiểm loại đích theo source-contracts.csv"
dung_chung.chung_tu,ma_chung_tu_goc,dung_chung.chung_tu,ma_dinh_danh,Mã chứng từ gốc liên kết dung_chung.chung_tu đúng bản/bộ và vai trò; điều kiện loại nguồn trong ràng buộc.,"Đúng bộ/bản, không xóa dây chuyền nguồn đã dùng; kiểm loại đích theo source-contracts.csv"
dung_chung.chung_tu,ma_nhan_vien_phu_trach,nhan_su.nhan_vien,ma_dinh_danh,Mã nhân viên phụ trách liên kết nhan_su.nhan_vien đúng bản/bộ và vai trò; điều kiện loại nguồn trong ràng buộc.,"Đúng bộ/bản, không xóa dây chuyền nguồn đã dùng; kiểm loại đích theo source-contracts.csv"
dung_chung.chung_tu,ma_tai_khoan_lap_chung_tu,truy_cap.tai_khoan_dang_nhap,ma_dinh_danh,Mã tài khoản lập chứng từ liên kết truy_cap.tai_khoan_dang_nhap đúng bản/bộ và vai trò; điều kiện loại nguồn trong ràng buộc.,"Đúng bộ/bản, không xóa dây chuyền nguồn đã dùng; kiểm loại đích theo source-contracts.csv"
dung_chung.chung_tu,ma_tai_khoan_thuc_hien,truy_cap.tai_khoan_dang_nhap,ma_dinh_danh,Mã tài khoản thực hiện liên kết truy_cap.tai_khoan_dang_nhap đúng bản/bộ và vai trò; điều kiện loại nguồn trong ràng buộc.,"Đúng bộ/bản, không xóa dây chuyền nguồn đã dùng; kiểm loại đích theo source-contracts.csv"
dung_chung.chung_tu,ma_bien_nhan_xac_nhan_giao_dich,truy_cap.bien_nhan_xac_nhan_giao_dich,ma_dinh_danh,Mã biên nhận xác nhận giao dịch liên kết truy_cap.bien_nhan_xac_nhan_giao_dich đúng bản/bộ và vai trò; điều kiện loại nguồn trong ràng buộc.,"Đúng bộ/bản, không xóa dây chuyền nguồn đã dùng; kiểm loại đích theo source-contracts.csv"
dung_chung.chung_tu,ma_nhan_vien_dem_thuc,nhan_su.nhan_vien,ma_dinh_danh,Mã nhân viên đếm thực liên kết nhan_su.nhan_vien đúng bản/bộ và vai trò; điều kiện loại nguồn trong ràng buộc.,"Đúng bộ/bản, không xóa dây chuyền nguồn đã dùng; kiểm loại đích theo source-contracts.csv"
dung_chung.chung_tu,ma_nhan_vien_doi_chieu,nhan_su.nhan_vien,ma_dinh_danh,Mã nhân viên đối chiếu liên kết nhan_su.nhan_vien đúng bản/bộ và vai trò; điều kiện loại nguồn trong ràng buộc.,"Đúng bộ/bản, không xóa dây chuyền nguồn đã dùng; kiểm loại đích theo source-contracts.csv"
dung_chung.chung_tu,ma_chung_tu_don_hang,kinh_doanh.bao_gia_va_don_hang,ma_dinh_danh,Mã chứng từ đơn hàng liên kết kinh_doanh.bao_gia_va_don_hang đúng bản/bộ và vai trò; điều kiện loại nguồn trong ràng buộc.,"Đúng bộ/bản, không xóa dây chuyền nguồn đã dùng; kiểm loại đích theo source-contracts.csv"
dung_chung.chung_tu,ma_ho_so_xu_ly_thuong_mai,kinh_doanh.ho_so_xu_ly,ma_dinh_danh,Mã hồ sơ xử lý thương mại liên kết kinh_doanh.ho_so_xu_ly đúng bản/bộ và vai trò; điều kiện loại nguồn trong ràng buộc.,"Đúng bộ/bản, không xóa dây chuyền nguồn đã dùng; kiểm loại đích theo source-contracts.csv"
dung_chung.chung_tu,ma_phe_duyet,dung_chung.de_nghi_va_quyet_dinh_phe_duyet,ma_dinh_danh,Mã phê duyệt liên kết dung_chung.de_nghi_va_quyet_dinh_phe_duyet đúng bản/bộ và vai trò; điều kiện loại nguồn trong ràng buộc.,"Đúng bộ/bản, không xóa dây chuyền nguồn đã dùng; kiểm loại đích theo source-contracts.csv"
dung_chung.chung_tu,ma_lo_san_xuat,san_xuat.lo_san_xuat,ma_dinh_danh,Mã lô sản xuất liên kết san_xuat.lo_san_xuat đúng bản/bộ và vai trò; điều kiện loại nguồn trong ràng buộc.,"Đúng bộ/bản, không xóa dây chuyền nguồn đã dùng; kiểm loại đích theo source-contracts.csv"
dung_chung.chung_tu,ma_phien_ban_chinh_sach_dinh_gia,dung_chung.phien_ban_chinh_sach,ma_dinh_danh,Mã phiên bản chính sách định giá liên kết dung_chung.phien_ban_chinh_sach đúng bản/bộ và vai trò; điều kiện loại nguồn trong ràng buộc.,"Đúng bộ/bản, không xóa dây chuyền nguồn đã dùng; kiểm loại đích theo source-contracts.csv"
dung_chung.chung_tu,ma_nhan_vien,nhan_su.nhan_vien,ma_dinh_danh,Mã nhân viên liên kết nhan_su.nhan_vien đúng bản/bộ và vai trò; điều kiện loại nguồn trong ràng buộc.,"Đúng bộ/bản, không xóa dây chuyền nguồn đã dùng; kiểm loại đích theo source-contracts.csv"
dung_chung.chung_tu,ma_ngay_va_ca_lam_viec,nhan_su.ngay_va_ca_lam_viec,ma_dinh_danh,Mã ngày và ca làm việc liên kết nhan_su.ngay_va_ca_lam_viec đúng bản/bộ và vai trò; điều kiện loại nguồn trong ràng buộc.,"Đúng bộ/bản, không xóa dây chuyền nguồn đã dùng; kiểm loại đích theo source-contracts.csv"
dung_chung.chung_tu,ma_ban_chung_tu_bi_thay,dung_chung.chung_tu,ma_dinh_danh,Mã bản công bị thay liên kết dung_chung.chung_tu đúng bản/bộ và vai trò; điều kiện loại nguồn trong ràng buộc.,"Đúng bộ/bản, không xóa dây chuyền nguồn đã dùng; kiểm loại đích theo source-contracts.csv"
dung_chung.chung_tu,ma_nhan_vien_xac_nhan,nhan_su.nhan_vien,ma_dinh_danh,Mã nhân viên xác nhận liên kết nhan_su.nhan_vien đúng bản/bộ và vai trò; điều kiện loại nguồn trong ràng buộc.,"Đúng bộ/bản, không xóa dây chuyền nguồn đã dùng; kiểm loại đích theo source-contracts.csv"
dung_chung.chung_tu,ma_ky,dung_chung.ky_nghiep_vu,ma_dinh_danh,Mã kỳ liên kết dung_chung.ky_nghiep_vu đúng bản/bộ và vai trò; điều kiện loại nguồn trong ràng buộc.,"Đúng bộ/bản, không xóa dây chuyền nguồn đã dùng; kiểm loại đích theo source-contracts.csv"
dung_chung.dong_chung_tu,ma_bo_du_lieu,dung_chung.bo_du_lieu_mo_phong,ma_dinh_danh,Mã bộ dữ liệu liên kết dung_chung.bo_du_lieu_mo_phong đúng bản/bộ và vai trò; điều kiện loại nguồn trong ràng buộc.,"Đúng bộ/bản, không xóa dây chuyền nguồn đã dùng; kiểm loại đích theo source-contracts.csv"
dung_chung.dong_chung_tu,ma_phien_ban_chung_tu,dung_chung.chung_tu,ma_dinh_danh,Mã phiên bản chứng từ liên kết dung_chung.chung_tu đúng bản/bộ và vai trò; điều kiện loại nguồn trong ràng buộc.,"Đúng bộ/bản, không xóa dây chuyền nguồn đã dùng; kiểm loại đích theo source-contracts.csv"
dung_chung.dong_chung_tu,ma_tai_khoan_thuc_hien,truy_cap.tai_khoan_dang_nhap,ma_dinh_danh,Mã tài khoản thực hiện liên kết truy_cap.tai_khoan_dang_nhap đúng bản/bộ và vai trò; điều kiện loại nguồn trong ràng buộc.,"Đúng bộ/bản, không xóa dây chuyền nguồn đã dùng; kiểm loại đích theo source-contracts.csv"
dung_chung.lien_ket_chung_tu,ma_bo_du_lieu,dung_chung.bo_du_lieu_mo_phong,ma_dinh_danh,Mã bộ dữ liệu liên kết dung_chung.bo_du_lieu_mo_phong đúng bản/bộ và vai trò; điều kiện loại nguồn trong ràng buộc.,"Đúng bộ/bản, không xóa dây chuyền nguồn đã dùng; kiểm loại đích theo source-contracts.csv"
dung_chung.lien_ket_chung_tu,ma_chung_tu_nguon_lien_ket,dung_chung.chung_tu,ma_dinh_danh,Mã chứng từ nguồn liên kết liên kết dung_chung.chung_tu đúng bản/bộ và vai trò; điều kiện loại nguồn trong ràng buộc.,"Đúng bộ/bản, không xóa dây chuyền nguồn đã dùng; kiểm loại đích theo source-contracts.csv"
dung_chung.lien_ket_chung_tu,ma_chung_tu_dich_lien_ket,dung_chung.chung_tu,ma_dinh_danh,Mã chứng từ đích liên kết liên kết dung_chung.chung_tu đúng bản/bộ và vai trò; điều kiện loại nguồn trong ràng buộc.,"Đúng bộ/bản, không xóa dây chuyền nguồn đã dùng; kiểm loại đích theo source-contracts.csv"
dung_chung.lien_ket_chung_tu,ma_tai_khoan_thuc_hien,truy_cap.tai_khoan_dang_nhap,ma_dinh_danh,Mã tài khoản thực hiện liên kết truy_cap.tai_khoan_dang_nhap đúng bản/bộ và vai trò; điều kiện loại nguồn trong ràng buộc.,"Đúng bộ/bản, không xóa dây chuyền nguồn đã dùng; kiểm loại đích theo source-contracts.csv"
dung_chung.de_nghi_va_quyet_dinh_phe_duyet,ma_bo_du_lieu,dung_chung.bo_du_lieu_mo_phong,ma_dinh_danh,Mã bộ dữ liệu liên kết dung_chung.bo_du_lieu_mo_phong đúng bản/bộ và vai trò; điều kiện loại nguồn trong ràng buộc.,"Đúng bộ/bản, không xóa dây chuyền nguồn đã dùng; kiểm loại đích theo source-contracts.csv"
dung_chung.de_nghi_va_quyet_dinh_phe_duyet,ma_phien_ban_chung_tu,dung_chung.chung_tu,ma_dinh_danh,Mã phiên bản chứng từ liên kết dung_chung.chung_tu đúng bản/bộ và vai trò; điều kiện loại nguồn trong ràng buộc.,"Đúng bộ/bản, không xóa dây chuyền nguồn đã dùng; kiểm loại đích theo source-contracts.csv"
dung_chung.de_nghi_va_quyet_dinh_phe_duyet,ma_dong_chung_tu,dung_chung.dong_chung_tu,ma_dinh_danh,Mã dòng chứng từ liên kết dung_chung.dong_chung_tu đúng bản/bộ và vai trò; điều kiện loại nguồn trong ràng buộc.,"Đúng bộ/bản, không xóa dây chuyền nguồn đã dùng; kiểm loại đích theo source-contracts.csv"
dung_chung.de_nghi_va_quyet_dinh_phe_duyet,ma_nhan_vien_de_nghi,nhan_su.nhan_vien,ma_dinh_danh,Mã nhân viên đề nghị liên kết nhan_su.nhan_vien đúng bản/bộ và vai trò; điều kiện loại nguồn trong ràng buộc.,"Đúng bộ/bản, không xóa dây chuyền nguồn đã dùng; kiểm loại đích theo source-contracts.csv"
dung_chung.de_nghi_va_quyet_dinh_phe_duyet,ma_nhan_vien_kiem_tra,nhan_su.nhan_vien,ma_dinh_danh,Mã nhân viên kiểm tra liên kết nhan_su.nhan_vien đúng bản/bộ và vai trò; điều kiện loại nguồn trong ràng buộc.,"Đúng bộ/bản, không xóa dây chuyền nguồn đã dùng; kiểm loại đích theo source-contracts.csv"
dung_chung.de_nghi_va_quyet_dinh_phe_duyet,ma_nhan_vien_quyet_dinh,nhan_su.nhan_vien,ma_dinh_danh,Mã nhân viên quyết định liên kết nhan_su.nhan_vien đúng bản/bộ và vai trò; điều kiện loại nguồn trong ràng buộc.,"Đúng bộ/bản, không xóa dây chuyền nguồn đã dùng; kiểm loại đích theo source-contracts.csv"
dung_chung.de_nghi_va_quyet_dinh_phe_duyet,ma_uy_quyen,truy_cap.uy_quyen,ma_dinh_danh,Mã ủy quyền liên kết truy_cap.uy_quyen đúng bản/bộ và vai trò; điều kiện loại nguồn trong ràng buộc.,"Đúng bộ/bản, không xóa dây chuyền nguồn đã dùng; kiểm loại đích theo source-contracts.csv"
dung_chung.de_nghi_va_quyet_dinh_phe_duyet,ma_tai_khoan_thuc_hien,truy_cap.tai_khoan_dang_nhap,ma_dinh_danh,Mã tài khoản thực hiện liên kết truy_cap.tai_khoan_dang_nhap đúng bản/bộ và vai trò; điều kiện loại nguồn trong ràng buộc.,"Đúng bộ/bản, không xóa dây chuyền nguồn đã dùng; kiểm loại đích theo source-contracts.csv"
dung_chung.trao_doi_va_ban_giao,ma_bo_du_lieu,dung_chung.bo_du_lieu_mo_phong,ma_dinh_danh,Mã bộ dữ liệu liên kết dung_chung.bo_du_lieu_mo_phong đúng bản/bộ và vai trò; điều kiện loại nguồn trong ràng buộc.,"Đúng bộ/bản, không xóa dây chuyền nguồn đã dùng; kiểm loại đích theo source-contracts.csv"
dung_chung.trao_doi_va_ban_giao,ma_phien_ban_chung_tu,dung_chung.chung_tu,ma_dinh_danh,Mã phiên bản chứng từ liên kết dung_chung.chung_tu đúng bản/bộ và vai trò; điều kiện loại nguồn trong ràng buộc.,"Đúng bộ/bản, không xóa dây chuyền nguồn đã dùng; kiểm loại đích theo source-contracts.csv"
dung_chung.trao_doi_va_ban_giao,ma_dong_chung_tu,dung_chung.dong_chung_tu,ma_dinh_danh,Mã dòng chứng từ liên kết dung_chung.dong_chung_tu đúng bản/bộ và vai trò; điều kiện loại nguồn trong ràng buộc.,"Đúng bộ/bản, không xóa dây chuyền nguồn đã dùng; kiểm loại đích theo source-contracts.csv"
dung_chung.trao_doi_va_ban_giao,ma_nhan_vien_ban_giao,nhan_su.nhan_vien,ma_dinh_danh,Mã nhân viên bàn giao liên kết nhan_su.nhan_vien đúng bản/bộ và vai trò; điều kiện loại nguồn trong ràng buộc.,"Đúng bộ/bản, không xóa dây chuyền nguồn đã dùng; kiểm loại đích theo source-contracts.csv"
dung_chung.trao_doi_va_ban_giao,ma_nhan_vien_nhan_ban_giao,nhan_su.nhan_vien,ma_dinh_danh,Mã nhân viên nhận bàn giao liên kết nhan_su.nhan_vien đúng bản/bộ và vai trò; điều kiện loại nguồn trong ràng buộc.,"Đúng bộ/bản, không xóa dây chuyền nguồn đã dùng; kiểm loại đích theo source-contracts.csv"
dung_chung.trao_doi_va_ban_giao,ma_don_vi,dung_chung.don_vi_tinh,ma_dinh_danh,Mã đơn vị liên kết dung_chung.don_vi_tinh đúng bản/bộ và vai trò; điều kiện loại nguồn trong ràng buộc.,"Đúng bộ/bản, không xóa dây chuyền nguồn đã dùng; kiểm loại đích theo source-contracts.csv"
dung_chung.trao_doi_va_ban_giao,ma_tai_khoan_thuc_hien,truy_cap.tai_khoan_dang_nhap,ma_dinh_danh,Mã tài khoản thực hiện liên kết truy_cap.tai_khoan_dang_nhap đúng bản/bộ và vai trò; điều kiện loại nguồn trong ràng buộc.,"Đúng bộ/bản, không xóa dây chuyền nguồn đã dùng; kiểm loại đích theo source-contracts.csv"
dung_chung.trao_doi_va_ban_giao,ma_tai_khoan_nhap_du_lieu,truy_cap.tai_khoan_dang_nhap,ma_dinh_danh,Mã tài khoản nhập dữ liệu liên kết truy_cap.tai_khoan_dang_nhap đúng bản/bộ và vai trò; điều kiện loại nguồn trong ràng buộc.,"Đúng bộ/bản, không xóa dây chuyền nguồn đã dùng; kiểm loại đích theo source-contracts.csv"
dung_chung.trao_doi_va_ban_giao,ma_nhan_vien,nhan_su.nhan_vien,ma_dinh_danh,Mã nhân viên liên kết nhan_su.nhan_vien đúng bản/bộ và vai trò; điều kiện loại nguồn trong ràng buộc.,"Đúng bộ/bản, không xóa dây chuyền nguồn đã dùng; kiểm loại đích theo source-contracts.csv"
dung_chung.trao_doi_va_ban_giao,ma_dong_van_dong_hang,kho.dong_van_dong_hang,ma_dinh_danh,Mã dòng vận động hàng liên kết kho.dong_van_dong_hang đúng bản/bộ và vai trò; điều kiện loại nguồn trong ràng buộc.,"Đúng bộ/bản, không xóa dây chuyền nguồn đã dùng; kiểm loại đích theo source-contracts.csv"
dung_chung.trao_doi_va_ban_giao,ma_ban_giao_goc,dung_chung.trao_doi_va_ban_giao,ma_dinh_danh,Mã bàn giao dụng cụ gốc liên kết dung_chung.trao_doi_va_ban_giao đúng bản/bộ và vai trò; điều kiện loại nguồn trong ràng buộc.,"Đúng bộ/bản, không xóa dây chuyền nguồn đã dùng; kiểm loại đích theo source-contracts.csv"
dung_chung.chung_cu_dinh_kem,ma_bo_du_lieu,dung_chung.bo_du_lieu_mo_phong,ma_dinh_danh,Mã bộ dữ liệu liên kết dung_chung.bo_du_lieu_mo_phong đúng bản/bộ và vai trò; điều kiện loại nguồn trong ràng buộc.,"Đúng bộ/bản, không xóa dây chuyền nguồn đã dùng; kiểm loại đích theo source-contracts.csv"
dung_chung.chung_cu_dinh_kem,ma_phien_ban_chung_tu,dung_chung.chung_tu,ma_dinh_danh,Mã phiên bản chứng từ liên kết dung_chung.chung_tu đúng bản/bộ và vai trò; điều kiện loại nguồn trong ràng buộc.,"Đúng bộ/bản, không xóa dây chuyền nguồn đã dùng; kiểm loại đích theo source-contracts.csv"
dung_chung.chung_cu_dinh_kem,ma_dong_chung_tu,dung_chung.dong_chung_tu,ma_dinh_danh,Mã dòng chứng từ liên kết dung_chung.dong_chung_tu đúng bản/bộ và vai trò; điều kiện loại nguồn trong ràng buộc.,"Đúng bộ/bản, không xóa dây chuyền nguồn đã dùng; kiểm loại đích theo source-contracts.csv"
dung_chung.chung_cu_dinh_kem,ma_tai_khoan_thuc_hien,truy_cap.tai_khoan_dang_nhap,ma_dinh_danh,Mã tài khoản thực hiện liên kết truy_cap.tai_khoan_dang_nhap đúng bản/bộ và vai trò; điều kiện loại nguồn trong ràng buộc.,"Đúng bộ/bản, không xóa dây chuyền nguồn đã dùng; kiểm loại đích theo source-contracts.csv"
dung_chung.nhat_ky_thao_tac,ma_bo_du_lieu,dung_chung.bo_du_lieu_mo_phong,ma_dinh_danh,Mã bộ dữ liệu liên kết dung_chung.bo_du_lieu_mo_phong đúng bản/bộ và vai trò; điều kiện loại nguồn trong ràng buộc.,"Đúng bộ/bản, không xóa dây chuyền nguồn đã dùng; kiểm loại đích theo source-contracts.csv"
dung_chung.nhat_ky_thao_tac,ma_phien_ban_chung_tu,dung_chung.chung_tu,ma_dinh_danh,Mã phiên bản chứng từ liên kết dung_chung.chung_tu đúng bản/bộ và vai trò; điều kiện loại nguồn trong ràng buộc.,"Đúng bộ/bản, không xóa dây chuyền nguồn đã dùng; kiểm loại đích theo source-contracts.csv"
dung_chung.nhat_ky_thao_tac,ma_tai_khoan_thuc_hien,truy_cap.tai_khoan_dang_nhap,ma_dinh_danh,Mã tài khoản thực hiện liên kết truy_cap.tai_khoan_dang_nhap đúng bản/bộ và vai trò; điều kiện loại nguồn trong ràng buộc.,"Đúng bộ/bản, không xóa dây chuyền nguồn đã dùng; kiểm loại đích theo source-contracts.csv"
dung_chung.nhat_ky_thao_tac,ma_nhan_vien_duoc_ghi_nhan_thay,nhan_su.nhan_vien,ma_dinh_danh,Mã nhân viên được ghi nhận thay liên kết nhan_su.nhan_vien đúng bản/bộ và vai trò; điều kiện loại nguồn trong ràng buộc.,"Đúng bộ/bản, không xóa dây chuyền nguồn đã dùng; kiểm loại đích theo source-contracts.csv"
dung_chung.ky_nghiep_vu,ma_bo_du_lieu,dung_chung.bo_du_lieu_mo_phong,ma_dinh_danh,Mã bộ dữ liệu liên kết dung_chung.bo_du_lieu_mo_phong đúng bản/bộ và vai trò; điều kiện loại nguồn trong ràng buộc.,"Đúng bộ/bản, không xóa dây chuyền nguồn đã dùng; kiểm loại đích theo source-contracts.csv"
dung_chung.ky_nghiep_vu,ma_chung_tu_quyet_dinh_chot_ky,dung_chung.chung_tu,ma_dinh_danh,Mã chứng từ quyết định chốt kỳ liên kết dung_chung.chung_tu đúng bản/bộ và vai trò; điều kiện loại nguồn trong ràng buộc.,"Đúng bộ/bản, không xóa dây chuyền nguồn đã dùng; kiểm loại đích theo source-contracts.csv"
dung_chung.ky_nghiep_vu,ma_tai_khoan_thuc_hien,truy_cap.tai_khoan_dang_nhap,ma_dinh_danh,Mã tài khoản thực hiện liên kết truy_cap.tai_khoan_dang_nhap đúng bản/bộ và vai trò; điều kiện loại nguồn trong ràng buộc.,"Đúng bộ/bản, không xóa dây chuyền nguồn đã dùng; kiểm loại đích theo source-contracts.csv"
dung_chung.ky_nghiep_vu,ma_chung_tu_ky_thu_nhap,dung_chung.chung_tu,ma_dinh_danh,Mã phiên bản chứng từ liên kết dung_chung.chung_tu đúng bản/bộ và vai trò; điều kiện loại nguồn trong ràng buộc.,"Đúng bộ/bản, không xóa dây chuyền nguồn đã dùng; kiểm loại đích theo source-contracts.csv"
dung_chung.ky_nghiep_vu,ma_ky_goc,dung_chung.ky_nghiep_vu,ma_dinh_danh,Mã kỳ liên kết dung_chung.ky_nghiep_vu đúng bản/bộ và vai trò; điều kiện loại nguồn trong ràng buộc.,"Đúng bộ/bản, không xóa dây chuyền nguồn đã dùng; kiểm loại đích theo source-contracts.csv"
dung_chung.ky_nghiep_vu,ma_chung_tu_chot_cong,dung_chung.chung_tu,ma_dinh_danh,Mã chứng từ chốt công liên kết dung_chung.chung_tu đúng bản/bộ và vai trò; điều kiện loại nguồn trong ràng buộc.,"Đúng bộ/bản, không xóa dây chuyền nguồn đã dùng; kiểm loại đích theo source-contracts.csv"
dung_chung.ky_nghiep_vu,ma_phien_ban_chinh_sach,dung_chung.phien_ban_chinh_sach,ma_dinh_danh,Mã phiên bản chính sách liên kết dung_chung.phien_ban_chinh_sach đúng bản/bộ và vai trò; điều kiện loại nguồn trong ràng buộc.,"Đúng bộ/bản, không xóa dây chuyền nguồn đã dùng; kiểm loại đích theo source-contracts.csv"
dung_chung.ky_nghiep_vu,ma_ban_ky_bi_thay,dung_chung.ky_nghiep_vu,ma_dinh_danh,Mã kỳ tính thu nhập bị thay liên kết dung_chung.ky_nghiep_vu đúng bản/bộ và vai trò; điều kiện loại nguồn trong ràng buộc.,"Đúng bộ/bản, không xóa dây chuyền nguồn đã dùng; kiểm loại đích theo source-contracts.csv"
dung_chung.phien_ban_chinh_sach,ma_bo_du_lieu,dung_chung.bo_du_lieu_mo_phong,ma_dinh_danh,Mã bộ dữ liệu liên kết dung_chung.bo_du_lieu_mo_phong đúng bản/bộ và vai trò; điều kiện loại nguồn trong ràng buộc.,"Đúng bộ/bản, không xóa dây chuyền nguồn đã dùng; kiểm loại đích theo source-contracts.csv"
dung_chung.phien_ban_chinh_sach,ma_phe_duyet,dung_chung.de_nghi_va_quyet_dinh_phe_duyet,ma_dinh_danh,Mã phê duyệt liên kết dung_chung.de_nghi_va_quyet_dinh_phe_duyet đúng bản/bộ và vai trò; điều kiện loại nguồn trong ràng buộc.,"Đúng bộ/bản, không xóa dây chuyền nguồn đã dùng; kiểm loại đích theo source-contracts.csv"
dung_chung.phien_ban_chinh_sach,ma_chung_tu_can_cu_khai_bao,dung_chung.chung_tu,ma_dinh_danh,Mã chứng từ căn cứ khai báo liên kết dung_chung.chung_tu đúng bản/bộ và vai trò; điều kiện loại nguồn trong ràng buộc.,"Đúng bộ/bản, không xóa dây chuyền nguồn đã dùng; kiểm loại đích theo source-contracts.csv"
dung_chung.phien_ban_chinh_sach,ma_nguoi_khai_bao_du_lieu,nhan_su.nhan_vien,ma_dinh_danh,Mã người khai báo dữ liệu liên kết nhan_su.nhan_vien đúng bản/bộ và vai trò; điều kiện loại nguồn trong ràng buộc.,"Đúng bộ/bản, không xóa dây chuyền nguồn đã dùng; kiểm loại đích theo source-contracts.csv"
dung_chung.phien_ban_chinh_sach,ma_tai_khoan_thuc_hien,truy_cap.tai_khoan_dang_nhap,ma_dinh_danh,Mã tài khoản thực hiện liên kết truy_cap.tai_khoan_dang_nhap đúng bản/bộ và vai trò; điều kiện loại nguồn trong ràng buộc.,"Đúng bộ/bản, không xóa dây chuyền nguồn đã dùng; kiểm loại đích theo source-contracts.csv"
dung_chung.bo_du_lieu_mo_phong,ma_bo_du_lieu_cha,dung_chung.bo_du_lieu_mo_phong,ma_dinh_danh,Mã bộ dữ liệu cha liên kết dung_chung.bo_du_lieu_mo_phong đúng bản/bộ và vai trò; điều kiện loại nguồn trong ràng buộc.,"Đúng bộ/bản, không xóa dây chuyền nguồn đã dùng; kiểm loại đích theo source-contracts.csv"
dung_chung.bo_du_lieu_mo_phong,ma_tai_khoan_thuc_hien,truy_cap.tai_khoan_dang_nhap,ma_dinh_danh,Mã tài khoản thực hiện liên kết truy_cap.tai_khoan_dang_nhap đúng bản/bộ và vai trò; điều kiện loại nguồn trong ràng buộc.,"Đúng bộ/bản, không xóa dây chuyền nguồn đã dùng; kiểm loại đích theo source-contracts.csv"
truy_cap.tai_khoan_dang_nhap,ma_nguoi_that,truy_cap.dinh_danh_nguoi,ma_dinh_danh,Mã người thật liên kết truy_cap.dinh_danh_nguoi đúng bản/bộ và vai trò; điều kiện loại nguồn trong ràng buộc.,"Đúng bộ/bản, không xóa dây chuyền nguồn đã dùng; kiểm loại đích theo source-contracts.csv"
truy_cap.tai_khoan_dang_nhap,ma_tai_khoan_thuc_hien,truy_cap.tai_khoan_dang_nhap,ma_dinh_danh,Mã tài khoản thực hiện liên kết truy_cap.tai_khoan_dang_nhap đúng bản/bộ và vai trò; điều kiện loại nguồn trong ràng buộc.,"Đúng bộ/bản, không xóa dây chuyền nguồn đã dùng; kiểm loại đích theo source-contracts.csv"
truy_cap.vai_tro_cong_viec,ma_tai_khoan_thuc_hien,truy_cap.tai_khoan_dang_nhap,ma_dinh_danh,Mã tài khoản thực hiện liên kết truy_cap.tai_khoan_dang_nhap đúng bản/bộ và vai trò; điều kiện loại nguồn trong ràng buộc.,"Đúng bộ/bản, không xóa dây chuyền nguồn đã dùng; kiểm loại đích theo source-contracts.csv"
truy_cap.quyen_thao_tac,ma_vai_tro,truy_cap.vai_tro_cong_viec,ma_dinh_danh,Mã vai trò liên kết truy_cap.vai_tro_cong_viec đúng bản/bộ và vai trò; điều kiện loại nguồn trong ràng buộc.,"Đúng bộ/bản, không xóa dây chuyền nguồn đã dùng; kiểm loại đích theo source-contracts.csv"
truy_cap.quyen_thao_tac,ma_tai_khoan_thuc_hien,truy_cap.tai_khoan_dang_nhap,ma_dinh_danh,Mã tài khoản thực hiện liên kết truy_cap.tai_khoan_dang_nhap đúng bản/bộ và vai trò; điều kiện loại nguồn trong ràng buộc.,"Đúng bộ/bản, không xóa dây chuyền nguồn đã dùng; kiểm loại đích theo source-contracts.csv"
truy_cap.cap_vai_tro,ma_bo_du_lieu,dung_chung.bo_du_lieu_mo_phong,ma_dinh_danh,Mã bộ dữ liệu liên kết dung_chung.bo_du_lieu_mo_phong đúng bản/bộ và vai trò; điều kiện loại nguồn trong ràng buộc.,"Đúng bộ/bản, không xóa dây chuyền nguồn đã dùng; kiểm loại đích theo source-contracts.csv"
truy_cap.cap_vai_tro,ma_tai_khoan,truy_cap.tai_khoan_dang_nhap,ma_dinh_danh,Mã tài khoản liên kết truy_cap.tai_khoan_dang_nhap đúng bản/bộ và vai trò; điều kiện loại nguồn trong ràng buộc.,"Đúng bộ/bản, không xóa dây chuyền nguồn đã dùng; kiểm loại đích theo source-contracts.csv"
truy_cap.cap_vai_tro,ma_vai_tro,truy_cap.vai_tro_cong_viec,ma_dinh_danh,Mã vai trò liên kết truy_cap.vai_tro_cong_viec đúng bản/bộ và vai trò; điều kiện loại nguồn trong ràng buộc.,"Đúng bộ/bản, không xóa dây chuyền nguồn đã dùng; kiểm loại đích theo source-contracts.csv"
truy_cap.cap_vai_tro,ma_phe_duyet,dung_chung.de_nghi_va_quyet_dinh_phe_duyet,ma_dinh_danh,Mã phê duyệt liên kết dung_chung.de_nghi_va_quyet_dinh_phe_duyet đúng bản/bộ và vai trò; điều kiện loại nguồn trong ràng buộc.,"Đúng bộ/bản, không xóa dây chuyền nguồn đã dùng; kiểm loại đích theo source-contracts.csv"
truy_cap.cap_vai_tro,ma_tai_khoan_thuc_hien,truy_cap.tai_khoan_dang_nhap,ma_dinh_danh,Mã tài khoản thực hiện liên kết truy_cap.tai_khoan_dang_nhap đúng bản/bộ và vai trò; điều kiện loại nguồn trong ràng buộc.,"Đúng bộ/bản, không xóa dây chuyền nguồn đã dùng; kiểm loại đích theo source-contracts.csv"
truy_cap.uy_quyen,ma_bo_du_lieu,dung_chung.bo_du_lieu_mo_phong,ma_dinh_danh,Mã bộ dữ liệu liên kết dung_chung.bo_du_lieu_mo_phong đúng bản/bộ và vai trò; điều kiện loại nguồn trong ràng buộc.,"Đúng bộ/bản, không xóa dây chuyền nguồn đã dùng; kiểm loại đích theo source-contracts.csv"
truy_cap.uy_quyen,ma_nhan_vien_giao_uy_quyen,nhan_su.nhan_vien,ma_dinh_danh,Mã nhân viên giao ủy quyền liên kết nhan_su.nhan_vien đúng bản/bộ và vai trò; điều kiện loại nguồn trong ràng buộc.,"Đúng bộ/bản, không xóa dây chuyền nguồn đã dùng; kiểm loại đích theo source-contracts.csv"
truy_cap.uy_quyen,ma_nhan_vien_nhan_uy_quyen,nhan_su.nhan_vien,ma_dinh_danh,Mã nhân viên nhận ủy quyền liên kết nhan_su.nhan_vien đúng bản/bộ và vai trò; điều kiện loại nguồn trong ràng buộc.,"Đúng bộ/bản, không xóa dây chuyền nguồn đã dùng; kiểm loại đích theo source-contracts.csv"
truy_cap.uy_quyen,ma_phien_ban_chung_tu,dung_chung.chung_tu,ma_dinh_danh,Mã phiên bản chứng từ liên kết dung_chung.chung_tu đúng bản/bộ và vai trò; điều kiện loại nguồn trong ràng buộc.,"Đúng bộ/bản, không xóa dây chuyền nguồn đã dùng; kiểm loại đích theo source-contracts.csv"
truy_cap.uy_quyen,ma_phe_duyet,dung_chung.de_nghi_va_quyet_dinh_phe_duyet,ma_dinh_danh,Mã phê duyệt liên kết dung_chung.de_nghi_va_quyet_dinh_phe_duyet đúng bản/bộ và vai trò; điều kiện loại nguồn trong ràng buộc.,"Đúng bộ/bản, không xóa dây chuyền nguồn đã dùng; kiểm loại đích theo source-contracts.csv"
truy_cap.uy_quyen,ma_tai_khoan_thuc_hien,truy_cap.tai_khoan_dang_nhap,ma_dinh_danh,Mã tài khoản thực hiện liên kết truy_cap.tai_khoan_dang_nhap đúng bản/bộ và vai trò; điều kiện loại nguồn trong ràng buộc.,"Đúng bộ/bản, không xóa dây chuyền nguồn đã dùng; kiểm loại đích theo source-contracts.csv"
truy_cap.bien_nhan_xac_nhan_giao_dich,ma_bo_du_lieu,dung_chung.bo_du_lieu_mo_phong,ma_dinh_danh,Mã bộ dữ liệu liên kết dung_chung.bo_du_lieu_mo_phong đúng bản/bộ và vai trò; điều kiện loại nguồn trong ràng buộc.,"Đúng bộ/bản, không xóa dây chuyền nguồn đã dùng; kiểm loại đích theo source-contracts.csv"
truy_cap.bien_nhan_xac_nhan_giao_dich,ma_tai_khoan,truy_cap.tai_khoan_dang_nhap,ma_dinh_danh,Mã tài khoản liên kết truy_cap.tai_khoan_dang_nhap đúng bản/bộ và vai trò; điều kiện loại nguồn trong ràng buộc.,"Đúng bộ/bản, không xóa dây chuyền nguồn đã dùng; kiểm loại đích theo source-contracts.csv"
truy_cap.bien_nhan_xac_nhan_giao_dich,ma_phien_ban_chung_tu,dung_chung.chung_tu,ma_dinh_danh,Mã phiên bản chứng từ liên kết dung_chung.chung_tu đúng bản/bộ và vai trò; điều kiện loại nguồn trong ràng buộc.,"Đúng bộ/bản, không xóa dây chuyền nguồn đã dùng; kiểm loại đích theo source-contracts.csv"
truy_cap.bien_nhan_xac_nhan_giao_dich,ma_tai_khoan_thuc_hien,truy_cap.tai_khoan_dang_nhap,ma_dinh_danh,Mã tài khoản thực hiện liên kết truy_cap.tai_khoan_dang_nhap đúng bản/bộ và vai trò; điều kiện loại nguồn trong ràng buộc.,"Đúng bộ/bản, không xóa dây chuyền nguồn đã dùng; kiểm loại đích theo source-contracts.csv"
danh_muc.mat_hang,ma_bo_du_lieu,dung_chung.bo_du_lieu_mo_phong,ma_dinh_danh,Mã bộ dữ liệu liên kết dung_chung.bo_du_lieu_mo_phong đúng bản/bộ và vai trò; điều kiện loại nguồn trong ràng buộc.,"Đúng bộ/bản, không xóa dây chuyền nguồn đã dùng; kiểm loại đích theo source-contracts.csv"
danh_muc.mat_hang,ma_tai_khoan_thuc_hien,truy_cap.tai_khoan_dang_nhap,ma_dinh_danh,Mã tài khoản thực hiện liên kết truy_cap.tai_khoan_dang_nhap đúng bản/bộ và vai trò; điều kiện loại nguồn trong ràng buộc.,"Đúng bộ/bản, không xóa dây chuyền nguồn đã dùng; kiểm loại đích theo source-contracts.csv"
danh_muc.mat_hang,ma_nhom_mau,danh_muc.mat_hang,ma_dinh_danh,Mã sản phẩm liên kết danh_muc.mat_hang đúng bản/bộ và vai trò; điều kiện loại nguồn trong ràng buộc.,"Đúng bộ/bản, không xóa dây chuyền nguồn đã dùng; kiểm loại đích theo source-contracts.csv"
danh_muc.mat_hang,ma_don_vi_co_so,dung_chung.don_vi_tinh,ma_dinh_danh,Mã đơn vị cơ sở liên kết dung_chung.don_vi_tinh đúng bản/bộ và vai trò; điều kiện loại nguồn trong ràng buộc.,"Đúng bộ/bản, không xóa dây chuyền nguồn đã dùng; kiểm loại đích theo source-contracts.csv"
danh_muc.mat_hang,ma_phien_ban_quy_cach,dung_chung.phien_ban_chinh_sach,ma_dinh_danh,Mã phiên bản quy cách liên kết dung_chung.phien_ban_chinh_sach đúng bản/bộ và vai trò; điều kiện loại nguồn trong ràng buộc.,"Đúng bộ/bản, không xóa dây chuyền nguồn đã dùng; kiểm loại đích theo source-contracts.csv"
danh_muc.ma_goi_khac,ma_bo_du_lieu,dung_chung.bo_du_lieu_mo_phong,ma_dinh_danh,Mã bộ dữ liệu liên kết dung_chung.bo_du_lieu_mo_phong đúng bản/bộ và vai trò; điều kiện loại nguồn trong ràng buộc.,"Đúng bộ/bản, không xóa dây chuyền nguồn đã dùng; kiểm loại đích theo source-contracts.csv"
danh_muc.ma_goi_khac,ma_mat_hang,danh_muc.mat_hang,ma_dinh_danh,Mã sản phẩm liên kết danh_muc.mat_hang đúng bản/bộ và vai trò; điều kiện loại nguồn trong ràng buộc.,"Đúng bộ/bản, không xóa dây chuyền nguồn đã dùng; kiểm loại đích theo source-contracts.csv"
danh_muc.ma_goi_khac,ma_tai_khoan_thuc_hien,truy_cap.tai_khoan_dang_nhap,ma_dinh_danh,Mã tài khoản thực hiện liên kết truy_cap.tai_khoan_dang_nhap đúng bản/bộ và vai trò; điều kiện loại nguồn trong ràng buộc.,"Đúng bộ/bản, không xóa dây chuyền nguồn đã dùng; kiểm loại đích theo source-contracts.csv"
danh_muc.quy_doi_don_vi,ma_bo_du_lieu,dung_chung.bo_du_lieu_mo_phong,ma_dinh_danh,Mã bộ dữ liệu liên kết dung_chung.bo_du_lieu_mo_phong đúng bản/bộ và vai trò; điều kiện loại nguồn trong ràng buộc.,"Đúng bộ/bản, không xóa dây chuyền nguồn đã dùng; kiểm loại đích theo source-contracts.csv"
danh_muc.quy_doi_don_vi,ma_mat_hang,danh_muc.mat_hang,ma_dinh_danh,Mã mặt hàng liên kết danh_muc.mat_hang đúng bản/bộ và vai trò; điều kiện loại nguồn trong ràng buộc.,"Đúng bộ/bản, không xóa dây chuyền nguồn đã dùng; kiểm loại đích theo source-contracts.csv"
danh_muc.quy_doi_don_vi,ma_don_vi_quy_doi_nguon,dung_chung.don_vi_tinh,ma_dinh_danh,Mã đơn vị quy đổi nguồn liên kết dung_chung.don_vi_tinh đúng bản/bộ và vai trò; điều kiện loại nguồn trong ràng buộc.,"Đúng bộ/bản, không xóa dây chuyền nguồn đã dùng; kiểm loại đích theo source-contracts.csv"
danh_muc.quy_doi_don_vi,ma_don_vi_quy_doi_dich,dung_chung.don_vi_tinh,ma_dinh_danh,Mã đơn vị quy đổi đích liên kết dung_chung.don_vi_tinh đúng bản/bộ và vai trò; điều kiện loại nguồn trong ràng buộc.,"Đúng bộ/bản, không xóa dây chuyền nguồn đã dùng; kiểm loại đích theo source-contracts.csv"
danh_muc.quy_doi_don_vi,ma_phe_duyet,dung_chung.de_nghi_va_quyet_dinh_phe_duyet,ma_dinh_danh,Mã phê duyệt liên kết dung_chung.de_nghi_va_quyet_dinh_phe_duyet đúng bản/bộ và vai trò; điều kiện loại nguồn trong ràng buộc.,"Đúng bộ/bản, không xóa dây chuyền nguồn đã dùng; kiểm loại đích theo source-contracts.csv"
danh_muc.quy_doi_don_vi,ma_tai_khoan_thuc_hien,truy_cap.tai_khoan_dang_nhap,ma_dinh_danh,Mã tài khoản thực hiện liên kết truy_cap.tai_khoan_dang_nhap đúng bản/bộ và vai trò; điều kiện loại nguồn trong ràng buộc.,"Đúng bộ/bản, không xóa dây chuyền nguồn đã dùng; kiểm loại đích theo source-contracts.csv"
dung_chung.doi_tac,ma_bo_du_lieu,dung_chung.bo_du_lieu_mo_phong,ma_dinh_danh,Mã bộ dữ liệu liên kết dung_chung.bo_du_lieu_mo_phong đúng bản/bộ và vai trò; điều kiện loại nguồn trong ràng buộc.,"Đúng bộ/bản, không xóa dây chuyền nguồn đã dùng; kiểm loại đích theo source-contracts.csv"
dung_chung.doi_tac,ma_tai_khoan_thuc_hien,truy_cap.tai_khoan_dang_nhap,ma_dinh_danh,Mã tài khoản thực hiện liên kết truy_cap.tai_khoan_dang_nhap đúng bản/bộ và vai trò; điều kiện loại nguồn trong ràng buộc.,"Đúng bộ/bản, không xóa dây chuyền nguồn đã dùng; kiểm loại đích theo source-contracts.csv"
dung_chung.lien_he_doi_tac,ma_bo_du_lieu,dung_chung.bo_du_lieu_mo_phong,ma_dinh_danh,Mã bộ dữ liệu liên kết dung_chung.bo_du_lieu_mo_phong đúng bản/bộ và vai trò; điều kiện loại nguồn trong ràng buộc.,"Đúng bộ/bản, không xóa dây chuyền nguồn đã dùng; kiểm loại đích theo source-contracts.csv"
dung_chung.lien_he_doi_tac,ma_doi_tac,dung_chung.doi_tac,ma_dinh_danh,Mã đối tác liên kết dung_chung.doi_tac đúng bản/bộ và vai trò; điều kiện loại nguồn trong ràng buộc.,"Đúng bộ/bản, không xóa dây chuyền nguồn đã dùng; kiểm loại đích theo source-contracts.csv"
dung_chung.lien_he_doi_tac,ma_tai_khoan_thuc_hien,truy_cap.tai_khoan_dang_nhap,ma_dinh_danh,Mã tài khoản thực hiện liên kết truy_cap.tai_khoan_dang_nhap đúng bản/bộ và vai trò; điều kiện loại nguồn trong ràng buộc.,"Đúng bộ/bản, không xóa dây chuyền nguồn đã dùng; kiểm loại đích theo source-contracts.csv"
dung_chung.can_cu_dai_dien,ma_chung_tu_lam_can_cu,dung_chung.chung_tu,ma_dinh_danh,Mã chứng từ làm căn cứ liên kết dung_chung.chung_tu đúng bản/bộ và vai trò; điều kiện loại nguồn trong ràng buộc.,"Đúng bộ/bản, không xóa dây chuyền nguồn đã dùng; kiểm loại đích theo source-contracts.csv"
dung_chung.can_cu_dai_dien,ma_bo_du_lieu,dung_chung.bo_du_lieu_mo_phong,ma_dinh_danh,Mã bộ dữ liệu liên kết dung_chung.bo_du_lieu_mo_phong đúng bản/bộ và vai trò; điều kiện loại nguồn trong ràng buộc.,"Đúng bộ/bản, không xóa dây chuyền nguồn đã dùng; kiểm loại đích theo source-contracts.csv"
dung_chung.can_cu_dai_dien,ma_doi_tac,dung_chung.doi_tac,ma_dinh_danh,Mã đối tác liên kết dung_chung.doi_tac đúng bản/bộ và vai trò; điều kiện loại nguồn trong ràng buộc.,"Đúng bộ/bản, không xóa dây chuyền nguồn đã dùng; kiểm loại đích theo source-contracts.csv"
dung_chung.can_cu_dai_dien,ma_lien_he,dung_chung.lien_he_doi_tac,ma_dinh_danh,Mã liên hệ liên kết dung_chung.lien_he_doi_tac đúng bản/bộ và vai trò; điều kiện loại nguồn trong ràng buộc.,"Đúng bộ/bản, không xóa dây chuyền nguồn đã dùng; kiểm loại đích theo source-contracts.csv"
dung_chung.can_cu_dai_dien,ma_chung_tu_xac_dinh_pham_vi,dung_chung.chung_tu,ma_dinh_danh,Mã chứng từ xác định phạm vi liên kết dung_chung.chung_tu đúng bản/bộ và vai trò; điều kiện loại nguồn trong ràng buộc.,"Đúng bộ/bản, không xóa dây chuyền nguồn đã dùng; kiểm loại đích theo source-contracts.csv"
dung_chung.can_cu_dai_dien,ma_doi_tac_dai_dien,dung_chung.doi_tac,ma_dinh_danh,Mã đối tác đại diện liên kết dung_chung.doi_tac đúng bản/bộ và vai trò; điều kiện loại nguồn trong ràng buộc.,"Đúng bộ/bản, không xóa dây chuyền nguồn đã dùng; kiểm loại đích theo source-contracts.csv"
dung_chung.can_cu_dai_dien,ma_tai_khoan_thuc_hien,truy_cap.tai_khoan_dang_nhap,ma_dinh_danh,Mã tài khoản thực hiện liên kết truy_cap.tai_khoan_dang_nhap đúng bản/bộ và vai trò; điều kiện loại nguồn trong ràng buộc.,"Đúng bộ/bản, không xóa dây chuyền nguồn đã dùng; kiểm loại đích theo source-contracts.csv"
kinh_doanh.nhu_cau_khach_hang,ma_dinh_danh,dung_chung.chung_tu,ma_dinh_danh,Mã định danh liên kết dung_chung.chung_tu đúng bản/bộ và vai trò; điều kiện loại nguồn trong ràng buộc.,"Đúng bộ/bản, không xóa dây chuyền nguồn đã dùng; kiểm loại đích theo source-contracts.csv"
kinh_doanh.nhu_cau_khach_hang,ma_bo_du_lieu,dung_chung.bo_du_lieu_mo_phong,ma_dinh_danh,Mã bộ dữ liệu liên kết dung_chung.bo_du_lieu_mo_phong đúng bản/bộ và vai trò; điều kiện loại nguồn trong ràng buộc.,"Đúng bộ/bản, không xóa dây chuyền nguồn đã dùng; kiểm loại đích theo source-contracts.csv"
kinh_doanh.nhu_cau_khach_hang,ma_khach_hang,dung_chung.doi_tac,ma_dinh_danh,Mã khách hàng liên kết dung_chung.doi_tac đúng bản/bộ và vai trò; điều kiện loại nguồn trong ràng buộc.,"Đúng bộ/bản, không xóa dây chuyền nguồn đã dùng; kiểm loại đích theo source-contracts.csv"
kinh_doanh.nhu_cau_khach_hang,ma_lien_he,dung_chung.lien_he_doi_tac,ma_dinh_danh,Mã liên hệ liên kết dung_chung.lien_he_doi_tac đúng bản/bộ và vai trò; điều kiện loại nguồn trong ràng buộc.,"Đúng bộ/bản, không xóa dây chuyền nguồn đã dùng; kiểm loại đích theo source-contracts.csv"
kinh_doanh.bao_gia_va_don_hang,ma_dinh_danh,dung_chung.chung_tu,ma_dinh_danh,Mã định danh liên kết dung_chung.chung_tu đúng bản/bộ và vai trò; điều kiện loại nguồn trong ràng buộc.,"Đúng bộ/bản, không xóa dây chuyền nguồn đã dùng; kiểm loại đích theo source-contracts.csv"
kinh_doanh.bao_gia_va_don_hang,ma_bo_du_lieu,dung_chung.bo_du_lieu_mo_phong,ma_dinh_danh,Mã bộ dữ liệu liên kết dung_chung.bo_du_lieu_mo_phong đúng bản/bộ và vai trò; điều kiện loại nguồn trong ràng buộc.,"Đúng bộ/bản, không xóa dây chuyền nguồn đã dùng; kiểm loại đích theo source-contracts.csv"
kinh_doanh.bao_gia_va_don_hang,ma_chung_tu_nhu_cau_khach,kinh_doanh.nhu_cau_khach_hang,ma_dinh_danh,Mã chứng từ nhu cầu khách liên kết kinh_doanh.nhu_cau_khach_hang đúng bản/bộ và vai trò; điều kiện loại nguồn trong ràng buộc.,"Đúng bộ/bản, không xóa dây chuyền nguồn đã dùng; kiểm loại đích theo source-contracts.csv"
kinh_doanh.bao_gia_va_don_hang,ma_ben_mua,dung_chung.doi_tac,ma_dinh_danh,Mã bên mua liên kết dung_chung.doi_tac đúng bản/bộ và vai trò; điều kiện loại nguồn trong ràng buộc.,"Đúng bộ/bản, không xóa dây chuyền nguồn đã dùng; kiểm loại đích theo source-contracts.csv"
kinh_doanh.bao_gia_va_don_hang,ma_ben_tra_tien,dung_chung.doi_tac,ma_dinh_danh,Mã bên trả tiền liên kết dung_chung.doi_tac đúng bản/bộ và vai trò; điều kiện loại nguồn trong ràng buộc.,"Đúng bộ/bản, không xóa dây chuyền nguồn đã dùng; kiểm loại đích theo source-contracts.csv"
kinh_doanh.bao_gia_va_don_hang,ma_ben_nhan,dung_chung.doi_tac,ma_dinh_danh,Mã bên nhận liên kết dung_chung.doi_tac đúng bản/bộ và vai trò; điều kiện loại nguồn trong ràng buộc.,"Đúng bộ/bản, không xóa dây chuyền nguồn đã dùng; kiểm loại đích theo source-contracts.csv"
kinh_doanh.bao_gia_va_don_hang,ma_can_cu_dai_dien,dung_chung.can_cu_dai_dien,ma_dinh_danh,Mã căn cứ đại diện liên kết dung_chung.can_cu_dai_dien đúng bản/bộ và vai trò; điều kiện loại nguồn trong ràng buộc.,"Đúng bộ/bản, không xóa dây chuyền nguồn đã dùng; kiểm loại đích theo source-contracts.csv"
kinh_doanh.bao_gia_va_don_hang,ma_phien_ban_chinh_sach_gia,dung_chung.phien_ban_chinh_sach,ma_dinh_danh,Mã phiên bản chính sách giá liên kết dung_chung.phien_ban_chinh_sach đúng bản/bộ và vai trò; điều kiện loại nguồn trong ràng buộc.,"Đúng bộ/bản, không xóa dây chuyền nguồn đã dùng; kiểm loại đích theo source-contracts.csv"
kinh_doanh.dong_tu_van_bao_gia_va_don_hang,ma_dinh_danh,dung_chung.dong_chung_tu,ma_dinh_danh,Mã định danh liên kết dung_chung.dong_chung_tu đúng bản/bộ và vai trò; điều kiện loại nguồn trong ràng buộc.,"Đúng bộ/bản, không xóa dây chuyền nguồn đã dùng; kiểm loại đích theo source-contracts.csv"
kinh_doanh.dong_tu_van_bao_gia_va_don_hang,ma_bo_du_lieu,dung_chung.bo_du_lieu_mo_phong,ma_dinh_danh,Mã bộ dữ liệu liên kết dung_chung.bo_du_lieu_mo_phong đúng bản/bộ và vai trò; điều kiện loại nguồn trong ràng buộc.,"Đúng bộ/bản, không xóa dây chuyền nguồn đã dùng; kiểm loại đích theo source-contracts.csv"
kinh_doanh.dong_tu_van_bao_gia_va_don_hang,ma_chung_tu_nhu_cau_khach,kinh_doanh.nhu_cau_khach_hang,ma_dinh_danh,Mã chứng từ nhu cầu khách liên kết kinh_doanh.nhu_cau_khach_hang đúng bản/bộ và vai trò; điều kiện loại nguồn trong ràng buộc.,"Đúng bộ/bản, không xóa dây chuyền nguồn đã dùng; kiểm loại đích theo source-contracts.csv"
kinh_doanh.dong_tu_van_bao_gia_va_don_hang,ma_mat_hang,danh_muc.mat_hang,ma_dinh_danh,Mã mặt hàng liên kết danh_muc.mat_hang đúng bản/bộ và vai trò; điều kiện loại nguồn trong ràng buộc.,"Đúng bộ/bản, không xóa dây chuyền nguồn đã dùng; kiểm loại đích theo source-contracts.csv"
kinh_doanh.dong_tu_van_bao_gia_va_don_hang,ma_phien_ban_chinh_sach,dung_chung.phien_ban_chinh_sach,ma_dinh_danh,Mã phiên bản chính sách liên kết dung_chung.phien_ban_chinh_sach đúng bản/bộ và vai trò; điều kiện loại nguồn trong ràng buộc.,"Đúng bộ/bản, không xóa dây chuyền nguồn đã dùng; kiểm loại đích theo source-contracts.csv"
kinh_doanh.dong_tu_van_bao_gia_va_don_hang,ma_chung_tu_don_hang,kinh_doanh.bao_gia_va_don_hang,ma_dinh_danh,Mã chứng từ đơn hàng liên kết kinh_doanh.bao_gia_va_don_hang đúng bản/bộ và vai trò; điều kiện loại nguồn trong ràng buộc.,"Đúng bộ/bản, không xóa dây chuyền nguồn đã dùng; kiểm loại đích theo source-contracts.csv"
kinh_doanh.dong_tu_van_bao_gia_va_don_hang,ma_chung_tu_mau_khach_da_duyet,kinh_doanh.mau_khach_duyet,ma_dinh_danh,Mã chứng từ mẫu khách đã duyệt liên kết kinh_doanh.mau_khach_duyet đúng bản/bộ và vai trò; điều kiện loại nguồn trong ràng buộc.,"Đúng bộ/bản, không xóa dây chuyền nguồn đã dùng; kiểm loại đích theo source-contracts.csv"
kinh_doanh.dong_tu_van_bao_gia_va_don_hang,ma_ho_so_giao_bu,kinh_doanh.ho_so_xu_ly,ma_dinh_danh,Mã hồ sơ giao bù liên kết kinh_doanh.ho_so_xu_ly đúng bản/bộ và vai trò; điều kiện loại nguồn trong ràng buộc.,"Đúng bộ/bản, không xóa dây chuyền nguồn đã dùng; kiểm loại đích theo source-contracts.csv"
kinh_doanh.dong_tu_van_bao_gia_va_don_hang,ma_dong_tu_van_goc,kinh_doanh.dong_tu_van_bao_gia_va_don_hang,ma_dinh_danh,Mã dòng tư vấn gốc liên kết kinh_doanh.dong_tu_van_bao_gia_va_don_hang đúng bản/bộ và vai trò; điều kiện loại nguồn trong ràng buộc.,"Đúng bộ/bản, không xóa dây chuyền nguồn đã dùng; kiểm loại đích theo source-contracts.csv"
kinh_doanh.mau_khach_duyet,ma_dinh_danh,dung_chung.chung_tu,ma_dinh_danh,Mã định danh liên kết dung_chung.chung_tu đúng bản/bộ và vai trò; điều kiện loại nguồn trong ràng buộc.,"Đúng bộ/bản, không xóa dây chuyền nguồn đã dùng; kiểm loại đích theo source-contracts.csv"
kinh_doanh.mau_khach_duyet,ma_bo_du_lieu,dung_chung.bo_du_lieu_mo_phong,ma_dinh_danh,Mã bộ dữ liệu liên kết dung_chung.bo_du_lieu_mo_phong đúng bản/bộ và vai trò; điều kiện loại nguồn trong ràng buộc.,"Đúng bộ/bản, không xóa dây chuyền nguồn đã dùng; kiểm loại đích theo source-contracts.csv"
kinh_doanh.mau_khach_duyet,ma_dong_don_hang,kinh_doanh.dong_tu_van_bao_gia_va_don_hang,ma_dinh_danh,Mã dòng đơn hàng liên kết kinh_doanh.dong_tu_van_bao_gia_va_don_hang đúng bản/bộ và vai trò; điều kiện loại nguồn trong ràng buộc.,"Đúng bộ/bản, không xóa dây chuyền nguồn đã dùng; kiểm loại đích theo source-contracts.csv"
kinh_doanh.mau_khach_duyet,ma_lenh_san_xuat_mau,san_xuat.lenh_san_xuat,ma_dinh_danh,Mã lệnh sản xuất mẫu liên kết san_xuat.lenh_san_xuat đúng bản/bộ và vai trò; điều kiện loại nguồn trong ràng buộc.,"Đúng bộ/bản, không xóa dây chuyền nguồn đã dùng; kiểm loại đích theo source-contracts.csv"
kinh_doanh.mau_khach_duyet,ma_phieu_kiem_chat_luong,chat_luong.phieu_kiem_tra_chat_luong,ma_dinh_danh,Mã phiếu kiểm chất lượng liên kết chat_luong.phieu_kiem_tra_chat_luong đúng bản/bộ và vai trò; điều kiện loại nguồn trong ràng buộc.,"Đúng bộ/bản, không xóa dây chuyền nguồn đã dùng; kiểm loại đích theo source-contracts.csv"
kinh_doanh.mau_khach_duyet,ma_can_cu_dai_dien_khach,dung_chung.can_cu_dai_dien,ma_dinh_danh,Mã căn cứ đại diện khách liên kết dung_chung.can_cu_dai_dien đúng bản/bộ và vai trò; điều kiện loại nguồn trong ràng buộc.,"Đúng bộ/bản, không xóa dây chuyền nguồn đã dùng; kiểm loại đích theo source-contracts.csv"
kinh_doanh.ho_so_xu_ly,ma_dinh_danh,dung_chung.chung_tu,ma_dinh_danh,Mã định danh liên kết dung_chung.chung_tu đúng bản/bộ và vai trò; điều kiện loại nguồn trong ràng buộc.,"Đúng bộ/bản, không xóa dây chuyền nguồn đã dùng; kiểm loại đích theo source-contracts.csv"
kinh_doanh.ho_so_xu_ly,ma_bo_du_lieu,dung_chung.bo_du_lieu_mo_phong,ma_dinh_danh,Mã bộ dữ liệu liên kết dung_chung.bo_du_lieu_mo_phong đúng bản/bộ và vai trò; điều kiện loại nguồn trong ràng buộc.,"Đúng bộ/bản, không xóa dây chuyền nguồn đã dùng; kiểm loại đích theo source-contracts.csv"
kinh_doanh.ho_so_xu_ly,ma_dong_don_hang_goc,kinh_doanh.dong_tu_van_bao_gia_va_don_hang,ma_dinh_danh,Mã dòng đơn hàng gốc liên kết kinh_doanh.dong_tu_van_bao_gia_va_don_hang đúng bản/bộ và vai trò; điều kiện loại nguồn trong ràng buộc.,"Đúng bộ/bản, không xóa dây chuyền nguồn đã dùng; kiểm loại đích theo source-contracts.csv"
kinh_doanh.ho_so_xu_ly,ma_dong_don_hang_moi,kinh_doanh.dong_tu_van_bao_gia_va_don_hang,ma_dinh_danh,Mã dòng đơn hàng mới liên kết kinh_doanh.dong_tu_van_bao_gia_va_don_hang đúng bản/bộ và vai trò; điều kiện loại nguồn trong ràng buộc.,"Đúng bộ/bản, không xóa dây chuyền nguồn đã dùng; kiểm loại đích theo source-contracts.csv"
kinh_doanh.ho_so_xu_ly,ma_dong_ghi_ban_goc,tai_chinh.dong_ghi_nhan_ban,ma_dinh_danh,Mã dòng ghi bán gốc liên kết tai_chinh.dong_ghi_nhan_ban đúng bản/bộ và vai trò; điều kiện loại nguồn trong ràng buộc.,"Đúng bộ/bản, không xóa dây chuyền nguồn đã dùng; kiểm loại đích theo source-contracts.csv"
kinh_doanh.ho_so_xu_ly,ma_phe_duyet,dung_chung.de_nghi_va_quyet_dinh_phe_duyet,ma_dinh_danh,Mã phê duyệt liên kết dung_chung.de_nghi_va_quyet_dinh_phe_duyet đúng bản/bộ và vai trò; điều kiện loại nguồn trong ràng buộc.,"Đúng bộ/bản, không xóa dây chuyền nguồn đã dùng; kiểm loại đích theo source-contracts.csv"
kinh_doanh.ho_so_xu_ly,ma_phieu_kiem_chat_luong,chat_luong.phieu_kiem_tra_chat_luong,ma_dinh_danh,Mã phiếu kiểm chất lượng liên kết chat_luong.phieu_kiem_tra_chat_luong đúng bản/bộ và vai trò; điều kiện loại nguồn trong ràng buộc.,"Đúng bộ/bản, không xóa dây chuyền nguồn đã dùng; kiểm loại đích theo source-contracts.csv"
kinh_doanh.ho_so_xu_ly,ma_phan_lo_xu_ly,kho.phan_lo_hang,ma_dinh_danh,Mã phần lô liên kết kho.phan_lo_hang đúng bản/bộ và vai trò; điều kiện loại nguồn trong ràng buộc.,"Đúng bộ/bản, không xóa dây chuyền nguồn đã dùng; kiểm loại đích theo source-contracts.csv"
kinh_doanh.ho_so_xu_ly,ma_ho_so_lien_quan,kinh_doanh.ho_so_xu_ly,ma_dinh_danh,Mã hồ sơ xử lý thương mại liên kết kinh_doanh.ho_so_xu_ly đúng bản/bộ và vai trò; điều kiện loại nguồn trong ràng buộc.,"Đúng bộ/bản, không xóa dây chuyền nguồn đã dùng; kiểm loại đích theo source-contracts.csv"
mua_hang.don_mua_hang,ma_dinh_danh,dung_chung.chung_tu,ma_dinh_danh,Mã định danh liên kết dung_chung.chung_tu đúng bản/bộ và vai trò; điều kiện loại nguồn trong ràng buộc.,"Đúng bộ/bản, không xóa dây chuyền nguồn đã dùng; kiểm loại đích theo source-contracts.csv"
mua_hang.don_mua_hang,ma_bo_du_lieu,dung_chung.bo_du_lieu_mo_phong,ma_dinh_danh,Mã bộ dữ liệu liên kết dung_chung.bo_du_lieu_mo_phong đúng bản/bộ và vai trò; điều kiện loại nguồn trong ràng buộc.,"Đúng bộ/bản, không xóa dây chuyền nguồn đã dùng; kiểm loại đích theo source-contracts.csv"
mua_hang.don_mua_hang,ma_nha_cung_cap,dung_chung.doi_tac,ma_dinh_danh,Mã nhà cung cấp liên kết dung_chung.doi_tac đúng bản/bộ và vai trò; điều kiện loại nguồn trong ràng buộc.,"Đúng bộ/bản, không xóa dây chuyền nguồn đã dùng; kiểm loại đích theo source-contracts.csv"
mua_hang.dong_don_mua_hang,ma_dinh_danh,dung_chung.dong_chung_tu,ma_dinh_danh,Mã định danh liên kết dung_chung.dong_chung_tu đúng bản/bộ và vai trò; điều kiện loại nguồn trong ràng buộc.,"Đúng bộ/bản, không xóa dây chuyền nguồn đã dùng; kiểm loại đích theo source-contracts.csv"
mua_hang.dong_don_mua_hang,ma_bo_du_lieu,dung_chung.bo_du_lieu_mo_phong,ma_dinh_danh,Mã bộ dữ liệu liên kết dung_chung.bo_du_lieu_mo_phong đúng bản/bộ và vai trò; điều kiện loại nguồn trong ràng buộc.,"Đúng bộ/bản, không xóa dây chuyền nguồn đã dùng; kiểm loại đích theo source-contracts.csv"
mua_hang.dong_don_mua_hang,ma_chung_tu_don_hang,mua_hang.don_mua_hang,ma_dinh_danh,Mã chứng từ đơn hàng liên kết mua_hang.don_mua_hang đúng bản/bộ và vai trò; điều kiện loại nguồn trong ràng buộc.,"Đúng bộ/bản, không xóa dây chuyền nguồn đã dùng; kiểm loại đích theo source-contracts.csv"
mua_hang.dong_don_mua_hang,ma_mat_hang,danh_muc.mat_hang,ma_dinh_danh,Mã mặt hàng liên kết danh_muc.mat_hang đúng bản/bộ và vai trò; điều kiện loại nguồn trong ràng buộc.,"Đúng bộ/bản, không xóa dây chuyền nguồn đã dùng; kiểm loại đích theo source-contracts.csv"
mua_hang.dong_don_mua_hang,ma_don_vi_nhap,dung_chung.don_vi_tinh,ma_dinh_danh,Mã đơn vị nhập liên kết dung_chung.don_vi_tinh đúng bản/bộ và vai trò; điều kiện loại nguồn trong ràng buộc.,"Đúng bộ/bản, không xóa dây chuyền nguồn đã dùng; kiểm loại đích theo source-contracts.csv"
mua_hang.dong_don_mua_hang,ma_quy_doi,danh_muc.quy_doi_don_vi,ma_dinh_danh,Mã quy đổi liên kết danh_muc.quy_doi_don_vi đúng bản/bộ và vai trò; điều kiện loại nguồn trong ràng buộc.,"Đúng bộ/bản, không xóa dây chuyền nguồn đã dùng; kiểm loại đích theo source-contracts.csv"
kho.lo_hang,ma_bo_du_lieu,dung_chung.bo_du_lieu_mo_phong,ma_dinh_danh,Mã bộ dữ liệu liên kết dung_chung.bo_du_lieu_mo_phong đúng bản/bộ và vai trò; điều kiện loại nguồn trong ràng buộc.,"Đúng bộ/bản, không xóa dây chuyền nguồn đã dùng; kiểm loại đích theo source-contracts.csv"
kho.lo_hang,ma_mat_hang,danh_muc.mat_hang,ma_dinh_danh,Mã mặt hàng liên kết danh_muc.mat_hang đúng bản/bộ và vai trò; điều kiện loại nguồn trong ràng buộc.,"Đúng bộ/bản, không xóa dây chuyền nguồn đã dùng; kiểm loại đích theo source-contracts.csv"
kho.lo_hang,ma_chung_tu_hinh_thanh_lo,dung_chung.chung_tu,ma_dinh_danh,Mã chứng từ hình thành lô liên kết dung_chung.chung_tu đúng bản/bộ và vai trò; điều kiện loại nguồn trong ràng buộc.,"Đúng bộ/bản, không xóa dây chuyền nguồn đã dùng; kiểm loại đích theo source-contracts.csv"
kho.lo_hang,ma_lo_san_xuat_nguon,san_xuat.lo_san_xuat,ma_dinh_danh,Mã lô sản xuất nguồn liên kết san_xuat.lo_san_xuat đúng bản/bộ và vai trò; điều kiện loại nguồn trong ràng buộc.,"Đúng bộ/bản, không xóa dây chuyền nguồn đã dùng; kiểm loại đích theo source-contracts.csv"
kho.lo_hang,ma_tai_khoan_thuc_hien,truy_cap.tai_khoan_dang_nhap,ma_dinh_danh,Mã tài khoản thực hiện liên kết truy_cap.tai_khoan_dang_nhap đúng bản/bộ và vai trò; điều kiện loại nguồn trong ràng buộc.,"Đúng bộ/bản, không xóa dây chuyền nguồn đã dùng; kiểm loại đích theo source-contracts.csv"
kho.phan_lo_hang,ma_bo_du_lieu,dung_chung.bo_du_lieu_mo_phong,ma_dinh_danh,Mã bộ dữ liệu liên kết dung_chung.bo_du_lieu_mo_phong đúng bản/bộ và vai trò; điều kiện loại nguồn trong ràng buộc.,"Đúng bộ/bản, không xóa dây chuyền nguồn đã dùng; kiểm loại đích theo source-contracts.csv"
kho.phan_lo_hang,ma_lo_hang,kho.lo_hang,ma_dinh_danh,Mã lô hàng liên kết kho.lo_hang đúng bản/bộ và vai trò; điều kiện loại nguồn trong ràng buộc.,"Đúng bộ/bản, không xóa dây chuyền nguồn đã dùng; kiểm loại đích theo source-contracts.csv"
kho.phan_lo_hang,ma_phan_lo_cha,kho.phan_lo_hang,ma_dinh_danh,Mã phần lô cha liên kết kho.phan_lo_hang đúng bản/bộ và vai trò; điều kiện loại nguồn trong ràng buộc.,"Đúng bộ/bản, không xóa dây chuyền nguồn đã dùng; kiểm loại đích theo source-contracts.csv"
kho.phan_lo_hang,ma_phieu_ket_luan_chat_luong,chat_luong.phieu_kiem_tra_chat_luong,ma_dinh_danh,Mã phiếu kết luận chất lượng liên kết chat_luong.phieu_kiem_tra_chat_luong đúng bản/bộ và vai trò; điều kiện loại nguồn trong ràng buộc.,"Đúng bộ/bản, không xóa dây chuyền nguồn đã dùng; kiểm loại đích theo source-contracts.csv"
kho.phan_lo_hang,ma_tai_khoan_thuc_hien,truy_cap.tai_khoan_dang_nhap,ma_dinh_danh,Mã tài khoản thực hiện liên kết truy_cap.tai_khoan_dang_nhap đúng bản/bộ và vai trò; điều kiện loại nguồn trong ràng buộc.,"Đúng bộ/bản, không xóa dây chuyền nguồn đã dùng; kiểm loại đích theo source-contracts.csv"
kho.dong_van_dong_hang,ma_dinh_danh,dung_chung.dong_chung_tu,ma_dinh_danh,Mã định danh liên kết dung_chung.dong_chung_tu đúng bản/bộ và vai trò; điều kiện loại nguồn trong ràng buộc.,"Đúng bộ/bản, không xóa dây chuyền nguồn đã dùng; kiểm loại đích theo source-contracts.csv"
kho.dong_van_dong_hang,ma_bo_du_lieu,dung_chung.bo_du_lieu_mo_phong,ma_dinh_danh,Mã bộ dữ liệu liên kết dung_chung.bo_du_lieu_mo_phong đúng bản/bộ và vai trò; điều kiện loại nguồn trong ràng buộc.,"Đúng bộ/bản, không xóa dây chuyền nguồn đã dùng; kiểm loại đích theo source-contracts.csv"
kho.dong_van_dong_hang,ma_phieu_van_dong_hang,dung_chung.chung_tu,ma_dinh_danh,Mã phiếu vận động hàng liên kết dung_chung.chung_tu đúng bản/bộ và vai trò; điều kiện loại nguồn trong ràng buộc.,"Đúng bộ/bản, không xóa dây chuyền nguồn đã dùng; kiểm loại đích theo source-contracts.csv"
kho.dong_van_dong_hang,ma_phan_lo_nguon,kho.phan_lo_hang,ma_dinh_danh,Mã phần lô nguồn liên kết kho.phan_lo_hang đúng bản/bộ và vai trò; điều kiện loại nguồn trong ràng buộc.,"Đúng bộ/bản, không xóa dây chuyền nguồn đã dùng; kiểm loại đích theo source-contracts.csv"
kho.dong_van_dong_hang,ma_phan_lo_dich,kho.phan_lo_hang,ma_dinh_danh,Mã phần lô đích liên kết kho.phan_lo_hang đúng bản/bộ và vai trò; điều kiện loại nguồn trong ràng buộc.,"Đúng bộ/bản, không xóa dây chuyền nguồn đã dùng; kiểm loại đích theo source-contracts.csv"
kho.dong_van_dong_hang,ma_vi_tri_nguon,dung_chung.vi_tri_giu_hang,ma_dinh_danh,Mã vị trí nguồn liên kết dung_chung.vi_tri_giu_hang đúng bản/bộ và vai trò; điều kiện loại nguồn trong ràng buộc.,"Đúng bộ/bản, không xóa dây chuyền nguồn đã dùng; kiểm loại đích theo source-contracts.csv"
kho.dong_van_dong_hang,ma_vi_tri_dich,dung_chung.vi_tri_giu_hang,ma_dinh_danh,Mã vị trí đích liên kết dung_chung.vi_tri_giu_hang đúng bản/bộ và vai trò; điều kiện loại nguồn trong ràng buộc.,"Đúng bộ/bản, không xóa dây chuyền nguồn đã dùng; kiểm loại đích theo source-contracts.csv"
kho.dong_van_dong_hang,ma_don_vi_nhap,dung_chung.don_vi_tinh,ma_dinh_danh,Mã đơn vị nhập liên kết dung_chung.don_vi_tinh đúng bản/bộ và vai trò; điều kiện loại nguồn trong ràng buộc.,"Đúng bộ/bản, không xóa dây chuyền nguồn đã dùng; kiểm loại đích theo source-contracts.csv"
kho.dong_van_dong_hang,ma_quy_doi,danh_muc.quy_doi_don_vi,ma_dinh_danh,Mã quy đổi liên kết danh_muc.quy_doi_don_vi đúng bản/bộ và vai trò; điều kiện loại nguồn trong ràng buộc.,"Đúng bộ/bản, không xóa dây chuyền nguồn đã dùng; kiểm loại đích theo source-contracts.csv"
kho.dong_van_dong_hang,ma_dong_nghiep_vu_goc,kho.dong_van_dong_hang,ma_dinh_danh,Mã dòng nghiệp vụ gốc liên kết kho.dong_van_dong_hang đúng bản/bộ và vai trò; điều kiện loại nguồn trong ràng buộc.,"Đúng bộ/bản, không xóa dây chuyền nguồn đã dùng; kiểm loại đích theo source-contracts.csv"
kho.dong_van_dong_hang,ma_yeu_cau_hang,kho.yeu_cau_hang_va_vat_tu,ma_dinh_danh,Mã yêu cầu hàng liên kết kho.yeu_cau_hang_va_vat_tu đúng bản/bộ và vai trò; điều kiện loại nguồn trong ràng buộc.,"Đúng bộ/bản, không xóa dây chuyền nguồn đã dùng; kiểm loại đích theo source-contracts.csv"
kho.dong_van_dong_hang,ma_chung_tu_phuong_an_xu_ly,dung_chung.chung_tu,ma_dinh_danh,Mã chứng từ phương án xử lý liên kết dung_chung.chung_tu đúng bản/bộ và vai trò; điều kiện loại nguồn trong ràng buộc.,"Đúng bộ/bản, không xóa dây chuyền nguồn đã dùng; kiểm loại đích theo source-contracts.csv"
kho.dong_van_dong_hang,ma_chung_tu_cong_doan,san_xuat.cong_doan_san_xuat,ma_dinh_danh,Mã chứng từ công đoạn liên kết san_xuat.cong_doan_san_xuat đúng bản/bộ và vai trò; điều kiện loại nguồn trong ràng buộc.,"Đúng bộ/bản, không xóa dây chuyền nguồn đã dùng; kiểm loại đích theo source-contracts.csv"
kho.dong_van_dong_hang,ma_dong_cap_vat_tu_nguon,kho.dong_van_dong_hang,ma_dinh_danh,Mã dòng cấp vật tư nguồn liên kết kho.dong_van_dong_hang đúng bản/bộ và vai trò; điều kiện loại nguồn trong ràng buộc.,"Đúng bộ/bản, không xóa dây chuyền nguồn đã dùng; kiểm loại đích theo source-contracts.csv"
kho.yeu_cau_hang_va_vat_tu,ma_dinh_danh,dung_chung.dong_chung_tu,ma_dinh_danh,Mã định danh liên kết dung_chung.dong_chung_tu đúng bản/bộ và vai trò; điều kiện loại nguồn trong ràng buộc.,"Đúng bộ/bản, không xóa dây chuyền nguồn đã dùng; kiểm loại đích theo source-contracts.csv"
kho.yeu_cau_hang_va_vat_tu,ma_bo_du_lieu,dung_chung.bo_du_lieu_mo_phong,ma_dinh_danh,Mã bộ dữ liệu liên kết dung_chung.bo_du_lieu_mo_phong đúng bản/bộ và vai trò; điều kiện loại nguồn trong ràng buộc.,"Đúng bộ/bản, không xóa dây chuyền nguồn đã dùng; kiểm loại đích theo source-contracts.csv"
kho.yeu_cau_hang_va_vat_tu,ma_dong_nguon_nghiep_vu,dung_chung.dong_chung_tu,ma_dinh_danh,Mã dòng nguồn nghiệp vụ liên kết dung_chung.dong_chung_tu đúng bản/bộ và vai trò; điều kiện loại nguồn trong ràng buộc.,"Đúng bộ/bản, không xóa dây chuyền nguồn đã dùng; kiểm loại đích theo source-contracts.csv"
kho.yeu_cau_hang_va_vat_tu,ma_mat_hang,danh_muc.mat_hang,ma_dinh_danh,Mã mặt hàng liên kết danh_muc.mat_hang đúng bản/bộ và vai trò; điều kiện loại nguồn trong ràng buộc.,"Đúng bộ/bản, không xóa dây chuyền nguồn đã dùng; kiểm loại đích theo source-contracts.csv"
kho.yeu_cau_hang_va_vat_tu,ma_don_vi,dung_chung.don_vi_tinh,ma_dinh_danh,Mã đơn vị liên kết dung_chung.don_vi_tinh đúng bản/bộ và vai trò; điều kiện loại nguồn trong ràng buộc.,"Đúng bộ/bản, không xóa dây chuyền nguồn đã dùng; kiểm loại đích theo source-contracts.csv"
kho.yeu_cau_hang_va_vat_tu,ma_yeu_cau_hang_bi_thay,kho.yeu_cau_hang_va_vat_tu,ma_dinh_danh,Mã yêu cầu hàng bị thay liên kết kho.yeu_cau_hang_va_vat_tu đúng bản/bộ và vai trò; điều kiện loại nguồn trong ràng buộc.,"Đúng bộ/bản, không xóa dây chuyền nguồn đã dùng; kiểm loại đích theo source-contracts.csv"
kho.su_kien_giu_khoa_va_dang_ve,ma_bo_du_lieu,dung_chung.bo_du_lieu_mo_phong,ma_dinh_danh,Mã bộ dữ liệu liên kết dung_chung.bo_du_lieu_mo_phong đúng bản/bộ và vai trò; điều kiện loại nguồn trong ràng buộc.,"Đúng bộ/bản, không xóa dây chuyền nguồn đã dùng; kiểm loại đích theo source-contracts.csv"
kho.su_kien_giu_khoa_va_dang_ve,ma_dong_don_mua,mua_hang.dong_don_mua_hang,ma_dinh_danh,Mã dòng đơn mua liên kết mua_hang.dong_don_mua_hang đúng bản/bộ và vai trò; điều kiện loại nguồn trong ràng buộc.,"Đúng bộ/bản, không xóa dây chuyền nguồn đã dùng; kiểm loại đích theo source-contracts.csv"
kho.su_kien_giu_khoa_va_dang_ve,ma_yeu_cau_hang,kho.yeu_cau_hang_va_vat_tu,ma_dinh_danh,Mã yêu cầu hàng liên kết kho.yeu_cau_hang_va_vat_tu đúng bản/bộ và vai trò; điều kiện loại nguồn trong ràng buộc.,"Đúng bộ/bản, không xóa dây chuyền nguồn đã dùng; kiểm loại đích theo source-contracts.csv"
kho.su_kien_giu_khoa_va_dang_ve,ma_su_kien_dang_ve_bi_thay,kho.su_kien_giu_khoa_va_dang_ve,ma_dinh_danh,Mã bản phân bổ hàng về bị thay liên kết kho.su_kien_giu_khoa_va_dang_ve đúng bản/bộ và vai trò; điều kiện loại nguồn trong ràng buộc.,"Đúng bộ/bản, không xóa dây chuyền nguồn đã dùng; kiểm loại đích theo source-contracts.csv"
kho.su_kien_giu_khoa_va_dang_ve,ma_tai_khoan_thuc_hien,truy_cap.tai_khoan_dang_nhap,ma_dinh_danh,Mã tài khoản thực hiện liên kết truy_cap.tai_khoan_dang_nhap đúng bản/bộ và vai trò; điều kiện loại nguồn trong ràng buộc.,"Đúng bộ/bản, không xóa dây chuyền nguồn đã dùng; kiểm loại đích theo source-contracts.csv"
kho.su_kien_giu_khoa_va_dang_ve,ma_phan_lo,kho.phan_lo_hang,ma_dinh_danh,Mã phần lô liên kết kho.phan_lo_hang đúng bản/bộ và vai trò; điều kiện loại nguồn trong ràng buộc.,"Đúng bộ/bản, không xóa dây chuyền nguồn đã dùng; kiểm loại đích theo source-contracts.csv"
kho.su_kien_giu_khoa_va_dang_ve,ma_vi_tri,dung_chung.vi_tri_giu_hang,ma_dinh_danh,Mã vị trí liên kết dung_chung.vi_tri_giu_hang đúng bản/bộ và vai trò; điều kiện loại nguồn trong ràng buộc.,"Đúng bộ/bản, không xóa dây chuyền nguồn đã dùng; kiểm loại đích theo source-contracts.csv"
kho.su_kien_giu_khoa_va_dang_ve,ma_su_kien_goc,kho.su_kien_giu_khoa_va_dang_ve,ma_dinh_danh,Mã sự kiện giữ gốc liên kết kho.su_kien_giu_khoa_va_dang_ve đúng bản/bộ và vai trò; điều kiện loại nguồn trong ràng buộc.,"Đúng bộ/bản, không xóa dây chuyền nguồn đã dùng; kiểm loại đích theo source-contracts.csv"
kho.su_kien_giu_khoa_va_dang_ve,ma_dong_van_dong_hang,kho.dong_van_dong_hang,ma_dinh_danh,Mã dòng vận động hàng liên kết kho.dong_van_dong_hang đúng bản/bộ và vai trò; điều kiện loại nguồn trong ràng buộc.,"Đúng bộ/bản, không xóa dây chuyền nguồn đã dùng; kiểm loại đích theo source-contracts.csv"
kho.su_kien_giu_khoa_va_dang_ve,ma_phe_duyet,dung_chung.de_nghi_va_quyet_dinh_phe_duyet,ma_dinh_danh,Mã phê duyệt liên kết dung_chung.de_nghi_va_quyet_dinh_phe_duyet đúng bản/bộ và vai trò; điều kiện loại nguồn trong ràng buộc.,"Đúng bộ/bản, không xóa dây chuyền nguồn đã dùng; kiểm loại đích theo source-contracts.csv"
kho.su_kien_giu_khoa_va_dang_ve,ma_phieu_kiem_chat_luong,chat_luong.phieu_kiem_tra_chat_luong,ma_dinh_danh,Mã phiếu kiểm chất lượng liên kết chat_luong.phieu_kiem_tra_chat_luong đúng bản/bộ và vai trò; điều kiện loại nguồn trong ràng buộc.,"Đúng bộ/bản, không xóa dây chuyền nguồn đã dùng; kiểm loại đích theo source-contracts.csv"
kho.su_kien_giu_khoa_va_dang_ve,ma_chung_tu_phuong_an_xu_ly,dung_chung.chung_tu,ma_dinh_danh,Mã chứng từ phương án xử lý liên kết dung_chung.chung_tu đúng bản/bộ và vai trò; điều kiện loại nguồn trong ràng buộc.,"Đúng bộ/bản, không xóa dây chuyền nguồn đã dùng; kiểm loại đích theo source-contracts.csv"
kho.su_kien_giu_khoa_va_dang_ve,ma_nhan_vien_thuc_hien,nhan_su.nhan_vien,ma_dinh_danh,Mã nhân viên thực hiện liên kết nhan_su.nhan_vien đúng bản/bộ và vai trò; điều kiện loại nguồn trong ràng buộc.,"Đúng bộ/bản, không xóa dây chuyền nguồn đã dùng; kiểm loại đích theo source-contracts.csv"
kho.dong_kiem_ke,ma_dinh_danh,dung_chung.dong_chung_tu,ma_dinh_danh,Mã định danh liên kết dung_chung.dong_chung_tu đúng bản/bộ và vai trò; điều kiện loại nguồn trong ràng buộc.,"Đúng bộ/bản, không xóa dây chuyền nguồn đã dùng; kiểm loại đích theo source-contracts.csv"
kho.dong_kiem_ke,ma_bo_du_lieu,dung_chung.bo_du_lieu_mo_phong,ma_dinh_danh,Mã bộ dữ liệu liên kết dung_chung.bo_du_lieu_mo_phong đúng bản/bộ và vai trò; điều kiện loại nguồn trong ràng buộc.,"Đúng bộ/bản, không xóa dây chuyền nguồn đã dùng; kiểm loại đích theo source-contracts.csv"
kho.dong_kiem_ke,ma_bien_ban_kiem_ke,dung_chung.chung_tu,ma_dinh_danh,Mã biên bản kiểm kê liên kết dung_chung.chung_tu đúng bản/bộ và vai trò; điều kiện loại nguồn trong ràng buộc.,"Đúng bộ/bản, không xóa dây chuyền nguồn đã dùng; kiểm loại đích theo source-contracts.csv"
kho.dong_kiem_ke,ma_phan_lo,kho.phan_lo_hang,ma_dinh_danh,Mã phần lô liên kết kho.phan_lo_hang đúng bản/bộ và vai trò; điều kiện loại nguồn trong ràng buộc.,"Đúng bộ/bản, không xóa dây chuyền nguồn đã dùng; kiểm loại đích theo source-contracts.csv"
kho.dong_kiem_ke,ma_vi_tri,dung_chung.vi_tri_giu_hang,ma_dinh_danh,Mã vị trí liên kết dung_chung.vi_tri_giu_hang đúng bản/bộ và vai trò; điều kiện loại nguồn trong ràng buộc.,"Đúng bộ/bản, không xóa dây chuyền nguồn đã dùng; kiểm loại đích theo source-contracts.csv"
kho.dong_kiem_ke,ma_dong_dieu_chinh,kho.dong_van_dong_hang,ma_dinh_danh,Mã dòng điều chỉnh liên kết kho.dong_van_dong_hang đúng bản/bộ và vai trò; điều kiện loại nguồn trong ràng buộc.,"Đúng bộ/bản, không xóa dây chuyền nguồn đã dùng; kiểm loại đích theo source-contracts.csv"
san_xuat.phien_ban_dinh_muc_san_xuat,ma_dinh_danh,dung_chung.chung_tu,ma_dinh_danh,Mã định danh liên kết dung_chung.chung_tu đúng bản/bộ và vai trò; điều kiện loại nguồn trong ràng buộc.,"Đúng bộ/bản, không xóa dây chuyền nguồn đã dùng; kiểm loại đích theo source-contracts.csv"
san_xuat.phien_ban_dinh_muc_san_xuat,ma_bo_du_lieu,dung_chung.bo_du_lieu_mo_phong,ma_dinh_danh,Mã bộ dữ liệu liên kết dung_chung.bo_du_lieu_mo_phong đúng bản/bộ và vai trò; điều kiện loại nguồn trong ràng buộc.,"Đúng bộ/bản, không xóa dây chuyền nguồn đã dùng; kiểm loại đích theo source-contracts.csv"
san_xuat.phien_ban_dinh_muc_san_xuat,ma_mat_hang_dau_ra,danh_muc.mat_hang,ma_dinh_danh,Mã mặt hàng đầu ra liên kết danh_muc.mat_hang đúng bản/bộ và vai trò; điều kiện loại nguồn trong ràng buộc.,"Đúng bộ/bản, không xóa dây chuyền nguồn đã dùng; kiểm loại đích theo source-contracts.csv"
san_xuat.phien_ban_dinh_muc_san_xuat,ma_phien_ban_chinh_sach,dung_chung.phien_ban_chinh_sach,ma_dinh_danh,Mã phiên bản chính sách liên kết dung_chung.phien_ban_chinh_sach đúng bản/bộ và vai trò; điều kiện loại nguồn trong ràng buộc.,"Đúng bộ/bản, không xóa dây chuyền nguồn đã dùng; kiểm loại đích theo source-contracts.csv"
san_xuat.dong_dinh_muc_vat_tu,ma_dinh_danh,dung_chung.dong_chung_tu,ma_dinh_danh,Mã định danh liên kết dung_chung.dong_chung_tu đúng bản/bộ và vai trò; điều kiện loại nguồn trong ràng buộc.,"Đúng bộ/bản, không xóa dây chuyền nguồn đã dùng; kiểm loại đích theo source-contracts.csv"
san_xuat.dong_dinh_muc_vat_tu,ma_bo_du_lieu,dung_chung.bo_du_lieu_mo_phong,ma_dinh_danh,Mã bộ dữ liệu liên kết dung_chung.bo_du_lieu_mo_phong đúng bản/bộ và vai trò; điều kiện loại nguồn trong ràng buộc.,"Đúng bộ/bản, không xóa dây chuyền nguồn đã dùng; kiểm loại đích theo source-contracts.csv"
san_xuat.dong_dinh_muc_vat_tu,ma_chung_tu_dinh_muc,san_xuat.phien_ban_dinh_muc_san_xuat,ma_dinh_danh,Mã chứng từ định mức liên kết san_xuat.phien_ban_dinh_muc_san_xuat đúng bản/bộ và vai trò; điều kiện loại nguồn trong ràng buộc.,"Đúng bộ/bản, không xóa dây chuyền nguồn đã dùng; kiểm loại đích theo source-contracts.csv"
san_xuat.dong_dinh_muc_vat_tu,ma_mat_hang,danh_muc.mat_hang,ma_dinh_danh,Mã mặt hàng liên kết danh_muc.mat_hang đúng bản/bộ và vai trò; điều kiện loại nguồn trong ràng buộc.,"Đúng bộ/bản, không xóa dây chuyền nguồn đã dùng; kiểm loại đích theo source-contracts.csv"
san_xuat.dong_dinh_muc_vat_tu,ma_don_vi,dung_chung.don_vi_tinh,ma_dinh_danh,Mã đơn vị liên kết dung_chung.don_vi_tinh đúng bản/bộ và vai trò; điều kiện loại nguồn trong ràng buộc.,"Đúng bộ/bản, không xóa dây chuyền nguồn đã dùng; kiểm loại đích theo source-contracts.csv"
san_xuat.nguon_luc_san_xuat,ma_bo_du_lieu,dung_chung.bo_du_lieu_mo_phong,ma_dinh_danh,Mã bộ dữ liệu liên kết dung_chung.bo_du_lieu_mo_phong đúng bản/bộ và vai trò; điều kiện loại nguồn trong ràng buộc.,"Đúng bộ/bản, không xóa dây chuyền nguồn đã dùng; kiểm loại đích theo source-contracts.csv"
san_xuat.nguon_luc_san_xuat,ma_vi_tri,dung_chung.vi_tri_giu_hang,ma_dinh_danh,Mã vị trí liên kết dung_chung.vi_tri_giu_hang đúng bản/bộ và vai trò; điều kiện loại nguồn trong ràng buộc.,"Đúng bộ/bản, không xóa dây chuyền nguồn đã dùng; kiểm loại đích theo source-contracts.csv"
san_xuat.nguon_luc_san_xuat,ma_phien_ban_chinh_sach,dung_chung.phien_ban_chinh_sach,ma_dinh_danh,Mã phiên bản chính sách liên kết dung_chung.phien_ban_chinh_sach đúng bản/bộ và vai trò; điều kiện loại nguồn trong ràng buộc.,"Đúng bộ/bản, không xóa dây chuyền nguồn đã dùng; kiểm loại đích theo source-contracts.csv"
san_xuat.nguon_luc_san_xuat,ma_tai_khoan_thuc_hien,truy_cap.tai_khoan_dang_nhap,ma_dinh_danh,Mã tài khoản thực hiện liên kết truy_cap.tai_khoan_dang_nhap đúng bản/bộ và vai trò; điều kiện loại nguồn trong ràng buộc.,"Đúng bộ/bản, không xóa dây chuyền nguồn đã dùng; kiểm loại đích theo source-contracts.csv"
san_xuat.lenh_san_xuat,ma_dinh_danh,dung_chung.chung_tu,ma_dinh_danh,Mã định danh liên kết dung_chung.chung_tu đúng bản/bộ và vai trò; điều kiện loại nguồn trong ràng buộc.,"Đúng bộ/bản, không xóa dây chuyền nguồn đã dùng; kiểm loại đích theo source-contracts.csv"
san_xuat.lenh_san_xuat,ma_bo_du_lieu,dung_chung.bo_du_lieu_mo_phong,ma_dinh_danh,Mã bộ dữ liệu liên kết dung_chung.bo_du_lieu_mo_phong đúng bản/bộ và vai trò; điều kiện loại nguồn trong ràng buộc.,"Đúng bộ/bản, không xóa dây chuyền nguồn đã dùng; kiểm loại đích theo source-contracts.csv"
san_xuat.lenh_san_xuat,ma_chung_tu_dinh_muc,san_xuat.phien_ban_dinh_muc_san_xuat,ma_dinh_danh,Mã chứng từ định mức liên kết san_xuat.phien_ban_dinh_muc_san_xuat đúng bản/bộ và vai trò; điều kiện loại nguồn trong ràng buộc.,"Đúng bộ/bản, không xóa dây chuyền nguồn đã dùng; kiểm loại đích theo source-contracts.csv"
san_xuat.lenh_san_xuat,ma_dong_don_hang_nguon,kinh_doanh.dong_tu_van_bao_gia_va_don_hang,ma_dinh_danh,Mã dòng đơn hàng nguồn liên kết kinh_doanh.dong_tu_van_bao_gia_va_don_hang đúng bản/bộ và vai trò; điều kiện loại nguồn trong ràng buộc.,"Đúng bộ/bản, không xóa dây chuyền nguồn đã dùng; kiểm loại đích theo source-contracts.csv"
san_xuat.lenh_san_xuat,ma_ho_so_xu_ly_nguon,kinh_doanh.ho_so_xu_ly,ma_dinh_danh,Mã hồ sơ xử lý nguồn liên kết kinh_doanh.ho_so_xu_ly đúng bản/bộ và vai trò; điều kiện loại nguồn trong ràng buộc.,"Đúng bộ/bản, không xóa dây chuyền nguồn đã dùng; kiểm loại đích theo source-contracts.csv"
san_xuat.lenh_san_xuat,ma_phien_ban_chinh_sach,dung_chung.phien_ban_chinh_sach,ma_dinh_danh,Mã phiên bản chính sách liên kết dung_chung.phien_ban_chinh_sach đúng bản/bộ và vai trò; điều kiện loại nguồn trong ràng buộc.,"Đúng bộ/bản, không xóa dây chuyền nguồn đã dùng; kiểm loại đích theo source-contracts.csv"
san_xuat.lenh_san_xuat,ma_chung_tu_quyet_dinh_chot_lenh,dung_chung.chung_tu,ma_dinh_danh,Mã chứng từ quyết định chốt lệnh liên kết dung_chung.chung_tu đúng bản/bộ và vai trò; điều kiện loại nguồn trong ràng buộc.,"Đúng bộ/bản, không xóa dây chuyền nguồn đã dùng; kiểm loại đích theo source-contracts.csv"
san_xuat.lo_san_xuat,ma_bo_du_lieu,dung_chung.bo_du_lieu_mo_phong,ma_dinh_danh,Mã bộ dữ liệu liên kết dung_chung.bo_du_lieu_mo_phong đúng bản/bộ và vai trò; điều kiện loại nguồn trong ràng buộc.,"Đúng bộ/bản, không xóa dây chuyền nguồn đã dùng; kiểm loại đích theo source-contracts.csv"
san_xuat.lo_san_xuat,ma_lenh_san_xuat,san_xuat.lenh_san_xuat,ma_dinh_danh,Mã lệnh sản xuất liên kết san_xuat.lenh_san_xuat đúng bản/bộ và vai trò; điều kiện loại nguồn trong ràng buộc.,"Đúng bộ/bản, không xóa dây chuyền nguồn đã dùng; kiểm loại đích theo source-contracts.csv"
san_xuat.lo_san_xuat,ma_lo_thanh_pham_dau_ra,kho.lo_hang,ma_dinh_danh,Mã lô thành phẩm đầu ra liên kết kho.lo_hang đúng bản/bộ và vai trò; điều kiện loại nguồn trong ràng buộc.,"Đúng bộ/bản, không xóa dây chuyền nguồn đã dùng; kiểm loại đích theo source-contracts.csv"
san_xuat.lo_san_xuat,ma_tai_khoan_thuc_hien,truy_cap.tai_khoan_dang_nhap,ma_dinh_danh,Mã tài khoản thực hiện liên kết truy_cap.tai_khoan_dang_nhap đúng bản/bộ và vai trò; điều kiện loại nguồn trong ràng buộc.,"Đúng bộ/bản, không xóa dây chuyền nguồn đã dùng; kiểm loại đích theo source-contracts.csv"
san_xuat.cong_doan_san_xuat,ma_dinh_danh,dung_chung.chung_tu,ma_dinh_danh,Mã định danh liên kết dung_chung.chung_tu đúng bản/bộ và vai trò; điều kiện loại nguồn trong ràng buộc.,"Đúng bộ/bản, không xóa dây chuyền nguồn đã dùng; kiểm loại đích theo source-contracts.csv"
san_xuat.cong_doan_san_xuat,ma_bo_du_lieu,dung_chung.bo_du_lieu_mo_phong,ma_dinh_danh,Mã bộ dữ liệu liên kết dung_chung.bo_du_lieu_mo_phong đúng bản/bộ và vai trò; điều kiện loại nguồn trong ràng buộc.,"Đúng bộ/bản, không xóa dây chuyền nguồn đã dùng; kiểm loại đích theo source-contracts.csv"
san_xuat.cong_doan_san_xuat,ma_lo_san_xuat,san_xuat.lo_san_xuat,ma_dinh_danh,Mã lô sản xuất liên kết san_xuat.lo_san_xuat đúng bản/bộ và vai trò; điều kiện loại nguồn trong ràng buộc.,"Đúng bộ/bản, không xóa dây chuyền nguồn đã dùng; kiểm loại đích theo source-contracts.csv"
san_xuat.cong_doan_san_xuat,ma_phien_ban_chinh_sach,dung_chung.phien_ban_chinh_sach,ma_dinh_danh,Mã phiên bản chính sách liên kết dung_chung.phien_ban_chinh_sach đúng bản/bộ và vai trò; điều kiện loại nguồn trong ràng buộc.,"Đúng bộ/bản, không xóa dây chuyền nguồn đã dùng; kiểm loại đích theo source-contracts.csv"
san_xuat.lich_nguoi_va_nguon_luc,ma_bo_du_lieu,dung_chung.bo_du_lieu_mo_phong,ma_dinh_danh,Mã bộ dữ liệu liên kết dung_chung.bo_du_lieu_mo_phong đúng bản/bộ và vai trò; điều kiện loại nguồn trong ràng buộc.,"Đúng bộ/bản, không xóa dây chuyền nguồn đã dùng; kiểm loại đích theo source-contracts.csv"
san_xuat.lich_nguoi_va_nguon_luc,ma_nguon_luc,san_xuat.nguon_luc_san_xuat,ma_dinh_danh,Mã nguồn lực liên kết san_xuat.nguon_luc_san_xuat đúng bản/bộ và vai trò; điều kiện loại nguồn trong ràng buộc.,"Đúng bộ/bản, không xóa dây chuyền nguồn đã dùng; kiểm loại đích theo source-contracts.csv"
san_xuat.lich_nguoi_va_nguon_luc,ma_chung_tu_cong_doan,san_xuat.cong_doan_san_xuat,ma_dinh_danh,Mã chứng từ công đoạn liên kết san_xuat.cong_doan_san_xuat đúng bản/bộ và vai trò; điều kiện loại nguồn trong ràng buộc.,"Đúng bộ/bản, không xóa dây chuyền nguồn đã dùng; kiểm loại đích theo source-contracts.csv"
san_xuat.lich_nguoi_va_nguon_luc,ma_lich_bi_thay,san_xuat.lich_nguoi_va_nguon_luc,ma_dinh_danh,Mã lịch nguồn lực bị thay liên kết san_xuat.lich_nguoi_va_nguon_luc đúng bản/bộ và vai trò; điều kiện loại nguồn trong ràng buộc.,"Đúng bộ/bản, không xóa dây chuyền nguồn đã dùng; kiểm loại đích theo source-contracts.csv"
san_xuat.lich_nguoi_va_nguon_luc,ma_tai_khoan_thuc_hien,truy_cap.tai_khoan_dang_nhap,ma_dinh_danh,Mã tài khoản thực hiện liên kết truy_cap.tai_khoan_dang_nhap đúng bản/bộ và vai trò; điều kiện loại nguồn trong ràng buộc.,"Đúng bộ/bản, không xóa dây chuyền nguồn đã dùng; kiểm loại đích theo source-contracts.csv"
san_xuat.lich_nguoi_va_nguon_luc,ma_phien_ban_chung_tu,dung_chung.chung_tu,ma_dinh_danh,Mã phiên bản chứng từ liên kết dung_chung.chung_tu đúng bản/bộ và vai trò; điều kiện loại nguồn trong ràng buộc.,"Đúng bộ/bản, không xóa dây chuyền nguồn đã dùng; kiểm loại đích theo source-contracts.csv"
san_xuat.lich_nguoi_va_nguon_luc,ma_nhan_vien,nhan_su.nhan_vien,ma_dinh_danh,Mã nhân viên liên kết nhan_su.nhan_vien đúng bản/bộ và vai trò; điều kiện loại nguồn trong ràng buộc.,"Đúng bộ/bản, không xóa dây chuyền nguồn đã dùng; kiểm loại đích theo source-contracts.csv"
san_xuat.lich_nguoi_va_nguon_luc,ma_ngay_va_ca_lam_viec,nhan_su.ngay_va_ca_lam_viec,ma_dinh_danh,Mã ngày và ca làm việc liên kết nhan_su.ngay_va_ca_lam_viec đúng bản/bộ và vai trò; điều kiện loại nguồn trong ràng buộc.,"Đúng bộ/bản, không xóa dây chuyền nguồn đã dùng; kiểm loại đích theo source-contracts.csv"
chat_luong.phieu_kiem_tra_chat_luong,ma_dinh_danh,dung_chung.chung_tu,ma_dinh_danh,Mã định danh liên kết dung_chung.chung_tu đúng bản/bộ và vai trò; điều kiện loại nguồn trong ràng buộc.,"Đúng bộ/bản, không xóa dây chuyền nguồn đã dùng; kiểm loại đích theo source-contracts.csv"
chat_luong.phieu_kiem_tra_chat_luong,ma_bo_du_lieu,dung_chung.bo_du_lieu_mo_phong,ma_dinh_danh,Mã bộ dữ liệu liên kết dung_chung.bo_du_lieu_mo_phong đúng bản/bộ và vai trò; điều kiện loại nguồn trong ràng buộc.,"Đúng bộ/bản, không xóa dây chuyền nguồn đã dùng; kiểm loại đích theo source-contracts.csv"
chat_luong.phieu_kiem_tra_chat_luong,ma_dong_nguon_nghiep_vu,dung_chung.dong_chung_tu,ma_dinh_danh,Mã dòng nguồn nghiệp vụ liên kết dung_chung.dong_chung_tu đúng bản/bộ và vai trò; điều kiện loại nguồn trong ràng buộc.,"Đúng bộ/bản, không xóa dây chuyền nguồn đã dùng; kiểm loại đích theo source-contracts.csv"
chat_luong.phieu_kiem_tra_chat_luong,ma_lo_hang,kho.lo_hang,ma_dinh_danh,Mã lô hàng liên kết kho.lo_hang đúng bản/bộ và vai trò; điều kiện loại nguồn trong ràng buộc.,"Đúng bộ/bản, không xóa dây chuyền nguồn đã dùng; kiểm loại đích theo source-contracts.csv"
chat_luong.phieu_kiem_tra_chat_luong,ma_phien_ban_bo_tieu_chi,dung_chung.phien_ban_chinh_sach,ma_dinh_danh,Mã phiên bản bộ tiêu chí liên kết dung_chung.phien_ban_chinh_sach đúng bản/bộ và vai trò; điều kiện loại nguồn trong ràng buộc.,"Đúng bộ/bản, không xóa dây chuyền nguồn đã dùng; kiểm loại đích theo source-contracts.csv"
chat_luong.phieu_kiem_tra_chat_luong,ma_chung_tu_mau,kinh_doanh.mau_khach_duyet,ma_dinh_danh,Mã chứng từ mẫu liên kết kinh_doanh.mau_khach_duyet đúng bản/bộ và vai trò; điều kiện loại nguồn trong ràng buộc.,"Đúng bộ/bản, không xóa dây chuyền nguồn đã dùng; kiểm loại đích theo source-contracts.csv"
chat_luong.phieu_kiem_tra_chat_luong,ma_nhan_vien_kiem_chat_luong,nhan_su.nhan_vien,ma_dinh_danh,Mã nhân viên kiểm chất lượng liên kết nhan_su.nhan_vien đúng bản/bộ và vai trò; điều kiện loại nguồn trong ràng buộc.,"Đúng bộ/bản, không xóa dây chuyền nguồn đã dùng; kiểm loại đích theo source-contracts.csv"
chat_luong.ket_qua_tung_tieu_chi_kiem_tra,ma_bo_du_lieu,dung_chung.bo_du_lieu_mo_phong,ma_dinh_danh,Mã bộ dữ liệu liên kết dung_chung.bo_du_lieu_mo_phong đúng bản/bộ và vai trò; điều kiện loại nguồn trong ràng buộc.,"Đúng bộ/bản, không xóa dây chuyền nguồn đã dùng; kiểm loại đích theo source-contracts.csv"
chat_luong.ket_qua_tung_tieu_chi_kiem_tra,ma_phieu_kiem_chat_luong,chat_luong.phieu_kiem_tra_chat_luong,ma_dinh_danh,Mã phiếu kiểm chất lượng liên kết chat_luong.phieu_kiem_tra_chat_luong đúng bản/bộ và vai trò; điều kiện loại nguồn trong ràng buộc.,"Đúng bộ/bản, không xóa dây chuyền nguồn đã dùng; kiểm loại đích theo source-contracts.csv"
chat_luong.ket_qua_tung_tieu_chi_kiem_tra,ma_tai_khoan_thuc_hien,truy_cap.tai_khoan_dang_nhap,ma_dinh_danh,Mã tài khoản thực hiện liên kết truy_cap.tai_khoan_dang_nhap đúng bản/bộ và vai trò; điều kiện loại nguồn trong ràng buộc.,"Đúng bộ/bản, không xóa dây chuyền nguồn đã dùng; kiểm loại đích theo source-contracts.csv"
giao_hang.dot_giao_hang,ma_dinh_danh,dung_chung.chung_tu,ma_dinh_danh,Mã định danh liên kết dung_chung.chung_tu đúng bản/bộ và vai trò; điều kiện loại nguồn trong ràng buộc.,"Đúng bộ/bản, không xóa dây chuyền nguồn đã dùng; kiểm loại đích theo source-contracts.csv"
giao_hang.dot_giao_hang,ma_bo_du_lieu,dung_chung.bo_du_lieu_mo_phong,ma_dinh_danh,Mã bộ dữ liệu liên kết dung_chung.bo_du_lieu_mo_phong đúng bản/bộ và vai trò; điều kiện loại nguồn trong ràng buộc.,"Đúng bộ/bản, không xóa dây chuyền nguồn đã dùng; kiểm loại đích theo source-contracts.csv"
giao_hang.dot_giao_hang,ma_chung_tu_don_hang,kinh_doanh.bao_gia_va_don_hang,ma_dinh_danh,Mã chứng từ đơn hàng liên kết kinh_doanh.bao_gia_va_don_hang đúng bản/bộ và vai trò; điều kiện loại nguồn trong ràng buộc.,"Đúng bộ/bản, không xóa dây chuyền nguồn đã dùng; kiểm loại đích theo source-contracts.csv"
giao_hang.dot_giao_hang,ma_ben_nhan,dung_chung.doi_tac,ma_dinh_danh,Mã bên nhận liên kết dung_chung.doi_tac đúng bản/bộ và vai trò; điều kiện loại nguồn trong ràng buộc.,"Đúng bộ/bản, không xóa dây chuyền nguồn đã dùng; kiểm loại đích theo source-contracts.csv"
giao_hang.dot_giao_hang,ma_ben_van_chuyen,dung_chung.doi_tac,ma_dinh_danh,Mã bên vận chuyển liên kết dung_chung.doi_tac đúng bản/bộ và vai trò; điều kiện loại nguồn trong ràng buộc.,"Đúng bộ/bản, không xóa dây chuyền nguồn đã dùng; kiểm loại đích theo source-contracts.csv"
giao_hang.dot_giao_hang,ma_can_cu_dai_dien_nhan_hang,dung_chung.can_cu_dai_dien,ma_dinh_danh,Mã căn cứ đại diện nhận hàng liên kết dung_chung.can_cu_dai_dien đúng bản/bộ và vai trò; điều kiện loại nguồn trong ràng buộc.,"Đúng bộ/bản, không xóa dây chuyền nguồn đã dùng; kiểm loại đích theo source-contracts.csv"
giao_hang.dong_giao_va_nhan_hang,ma_dinh_danh,dung_chung.dong_chung_tu,ma_dinh_danh,Mã định danh liên kết dung_chung.dong_chung_tu đúng bản/bộ và vai trò; điều kiện loại nguồn trong ràng buộc.,"Đúng bộ/bản, không xóa dây chuyền nguồn đã dùng; kiểm loại đích theo source-contracts.csv"
giao_hang.dong_giao_va_nhan_hang,ma_bo_du_lieu,dung_chung.bo_du_lieu_mo_phong,ma_dinh_danh,Mã bộ dữ liệu liên kết dung_chung.bo_du_lieu_mo_phong đúng bản/bộ và vai trò; điều kiện loại nguồn trong ràng buộc.,"Đúng bộ/bản, không xóa dây chuyền nguồn đã dùng; kiểm loại đích theo source-contracts.csv"
giao_hang.dong_giao_va_nhan_hang,ma_chung_tu_dot_giao,giao_hang.dot_giao_hang,ma_dinh_danh,Mã chứng từ đợt giao liên kết giao_hang.dot_giao_hang đúng bản/bộ và vai trò; điều kiện loại nguồn trong ràng buộc.,"Đúng bộ/bản, không xóa dây chuyền nguồn đã dùng; kiểm loại đích theo source-contracts.csv"
giao_hang.dong_giao_va_nhan_hang,ma_dong_don_hang,kinh_doanh.dong_tu_van_bao_gia_va_don_hang,ma_dinh_danh,Mã dòng đơn hàng liên kết kinh_doanh.dong_tu_van_bao_gia_va_don_hang đúng bản/bộ và vai trò; điều kiện loại nguồn trong ràng buộc.,"Đúng bộ/bản, không xóa dây chuyền nguồn đã dùng; kiểm loại đích theo source-contracts.csv"
giao_hang.dong_giao_va_nhan_hang,ma_dong_thuc_xuat_giao_hang,kho.dong_van_dong_hang,ma_dinh_danh,Mã dòng thực xuất giao hàng liên kết kho.dong_van_dong_hang đúng bản/bộ và vai trò; điều kiện loại nguồn trong ràng buộc.,"Đúng bộ/bản, không xóa dây chuyền nguồn đã dùng; kiểm loại đích theo source-contracts.csv"
giao_hang.dong_giao_va_nhan_hang,ma_dong_giao_du_kien,giao_hang.dong_giao_va_nhan_hang,ma_dinh_danh,Mã dòng giao hàng liên kết giao_hang.dong_giao_va_nhan_hang đúng bản/bộ và vai trò; điều kiện loại nguồn trong ràng buộc.,"Đúng bộ/bản, không xóa dây chuyền nguồn đã dùng; kiểm loại đích theo source-contracts.csv"
giao_hang.dong_giao_va_nhan_hang,ma_lien_he_nguoi_nhan_hang,dung_chung.lien_he_doi_tac,ma_dinh_danh,Mã liên hệ người nhận hàng liên kết dung_chung.lien_he_doi_tac đúng bản/bộ và vai trò; điều kiện loại nguồn trong ràng buộc.,"Đúng bộ/bản, không xóa dây chuyền nguồn đã dùng; kiểm loại đích theo source-contracts.csv"
tai_chinh.quy_va_tai_khoan_tien,ma_bo_du_lieu,dung_chung.bo_du_lieu_mo_phong,ma_dinh_danh,Mã bộ dữ liệu liên kết dung_chung.bo_du_lieu_mo_phong đúng bản/bộ và vai trò; điều kiện loại nguồn trong ràng buộc.,"Đúng bộ/bản, không xóa dây chuyền nguồn đã dùng; kiểm loại đích theo source-contracts.csv"
tai_chinh.quy_va_tai_khoan_tien,ma_tai_khoan_thuc_hien,truy_cap.tai_khoan_dang_nhap,ma_dinh_danh,Mã tài khoản thực hiện liên kết truy_cap.tai_khoan_dang_nhap đúng bản/bộ và vai trò; điều kiện loại nguồn trong ràng buộc.,"Đúng bộ/bản, không xóa dây chuyền nguồn đã dùng; kiểm loại đích theo source-contracts.csv"
tai_chinh.de_nghi_chi_tien,ma_dinh_danh,dung_chung.chung_tu,ma_dinh_danh,Mã định danh liên kết dung_chung.chung_tu đúng bản/bộ và vai trò; điều kiện loại nguồn trong ràng buộc.,"Đúng bộ/bản, không xóa dây chuyền nguồn đã dùng; kiểm loại đích theo source-contracts.csv"
tai_chinh.de_nghi_chi_tien,ma_bo_du_lieu,dung_chung.bo_du_lieu_mo_phong,ma_dinh_danh,Mã bộ dữ liệu liên kết dung_chung.bo_du_lieu_mo_phong đúng bản/bộ và vai trò; điều kiện loại nguồn trong ràng buộc.,"Đúng bộ/bản, không xóa dây chuyền nguồn đã dùng; kiểm loại đích theo source-contracts.csv"
tai_chinh.de_nghi_chi_tien,ma_doi_tac_huong_tien,dung_chung.doi_tac,ma_dinh_danh,Mã đối tác hưởng tiền liên kết dung_chung.doi_tac đúng bản/bộ và vai trò; điều kiện loại nguồn trong ràng buộc.,"Đúng bộ/bản, không xóa dây chuyền nguồn đã dùng; kiểm loại đích theo source-contracts.csv"
tai_chinh.de_nghi_chi_tien,ma_nhan_vien_huong_tien,nhan_su.nhan_vien,ma_dinh_danh,Mã nhân viên hưởng tiền liên kết nhan_su.nhan_vien đúng bản/bộ và vai trò; điều kiện loại nguồn trong ràng buộc.,"Đúng bộ/bản, không xóa dây chuyền nguồn đã dùng; kiểm loại đích theo source-contracts.csv"
tai_chinh.de_nghi_chi_tien,ma_nghia_vu_thanh_toan,tai_chinh.nghia_vu_va_dieu_chinh,ma_dinh_danh,Mã nghĩa vụ thanh toán liên kết tai_chinh.nghia_vu_va_dieu_chinh đúng bản/bộ và vai trò; điều kiện loại nguồn trong ràng buộc.,"Đúng bộ/bản, không xóa dây chuyền nguồn đã dùng; kiểm loại đích theo source-contracts.csv"
tai_chinh.de_nghi_chi_tien,ma_phe_duyet,dung_chung.de_nghi_va_quyet_dinh_phe_duyet,ma_dinh_danh,Mã phê duyệt liên kết dung_chung.de_nghi_va_quyet_dinh_phe_duyet đúng bản/bộ và vai trò; điều kiện loại nguồn trong ràng buộc.,"Đúng bộ/bản, không xóa dây chuyền nguồn đã dùng; kiểm loại đích theo source-contracts.csv"
tai_chinh.de_nghi_chi_tien,ma_quy_hoac_tai_khoan_dich,tai_chinh.quy_va_tai_khoan_tien,ma_dinh_danh,Mã quỹ hoặc tài khoản đích liên kết tai_chinh.quy_va_tai_khoan_tien đúng bản/bộ và vai trò; điều kiện loại nguồn trong ràng buộc.,"Đúng bộ/bản, không xóa dây chuyền nguồn đã dùng; kiểm loại đích theo source-contracts.csv"
tai_chinh.bien_dong_tien_thuc,ma_dinh_danh,dung_chung.dong_chung_tu,ma_dinh_danh,Mã định danh liên kết dung_chung.dong_chung_tu đúng bản/bộ và vai trò; điều kiện loại nguồn trong ràng buộc.,"Đúng bộ/bản, không xóa dây chuyền nguồn đã dùng; kiểm loại đích theo source-contracts.csv"
tai_chinh.bien_dong_tien_thuc,ma_bo_du_lieu,dung_chung.bo_du_lieu_mo_phong,ma_dinh_danh,Mã bộ dữ liệu liên kết dung_chung.bo_du_lieu_mo_phong đúng bản/bộ và vai trò; điều kiện loại nguồn trong ràng buộc.,"Đúng bộ/bản, không xóa dây chuyền nguồn đã dùng; kiểm loại đích theo source-contracts.csv"
tai_chinh.bien_dong_tien_thuc,ma_quy_hoac_tai_khoan_tien,tai_chinh.quy_va_tai_khoan_tien,ma_dinh_danh,Mã quỹ hoặc tài khoản tiền liên kết tai_chinh.quy_va_tai_khoan_tien đúng bản/bộ và vai trò; điều kiện loại nguồn trong ràng buộc.,"Đúng bộ/bản, không xóa dây chuyền nguồn đã dùng; kiểm loại đích theo source-contracts.csv"
tai_chinh.bien_dong_tien_thuc,ma_chung_tu_de_nghi_chi,tai_chinh.de_nghi_chi_tien,ma_dinh_danh,Mã chứng từ đề nghị chi liên kết tai_chinh.de_nghi_chi_tien đúng bản/bộ và vai trò; điều kiện loại nguồn trong ràng buộc.,"Đúng bộ/bản, không xóa dây chuyền nguồn đã dùng; kiểm loại đích theo source-contracts.csv"
tai_chinh.bien_dong_tien_thuc,ma_doi_tac,dung_chung.doi_tac,ma_dinh_danh,Mã đối tác liên kết dung_chung.doi_tac đúng bản/bộ và vai trò; điều kiện loại nguồn trong ràng buộc.,"Đúng bộ/bản, không xóa dây chuyền nguồn đã dùng; kiểm loại đích theo source-contracts.csv"
tai_chinh.bien_dong_tien_thuc,ma_nhan_vien,nhan_su.nhan_vien,ma_dinh_danh,Mã nhân viên liên kết nhan_su.nhan_vien đúng bản/bộ và vai trò; điều kiện loại nguồn trong ràng buộc.,"Đúng bộ/bản, không xóa dây chuyền nguồn đã dùng; kiểm loại đích theo source-contracts.csv"
tai_chinh.bien_dong_tien_thuc,ma_can_cu_dai_dien,dung_chung.can_cu_dai_dien,ma_dinh_danh,Mã căn cứ đại diện liên kết dung_chung.can_cu_dai_dien đúng bản/bộ và vai trò; điều kiện loại nguồn trong ràng buộc.,"Đúng bộ/bản, không xóa dây chuyền nguồn đã dùng; kiểm loại đích theo source-contracts.csv"
tai_chinh.bien_dong_tien_thuc,ma_bien_nhan_xac_nhan_giao_dich,truy_cap.bien_nhan_xac_nhan_giao_dich,ma_dinh_danh,Mã biên nhận xác nhận giao dịch liên kết truy_cap.bien_nhan_xac_nhan_giao_dich đúng bản/bộ và vai trò; điều kiện loại nguồn trong ràng buộc.,"Đúng bộ/bản, không xóa dây chuyền nguồn đã dùng; kiểm loại đích theo source-contracts.csv"
tai_chinh.nghia_vu_va_dieu_chinh,ma_bo_du_lieu,dung_chung.bo_du_lieu_mo_phong,ma_dinh_danh,Mã bộ dữ liệu liên kết dung_chung.bo_du_lieu_mo_phong đúng bản/bộ và vai trò; điều kiện loại nguồn trong ràng buộc.,"Đúng bộ/bản, không xóa dây chuyền nguồn đã dùng; kiểm loại đích theo source-contracts.csv"
tai_chinh.nghia_vu_va_dieu_chinh,ma_dong_nguon_nghiep_vu,dung_chung.dong_chung_tu,ma_dinh_danh,Mã dòng nguồn nghiệp vụ liên kết dung_chung.dong_chung_tu đúng bản/bộ và vai trò; điều kiện loại nguồn trong ràng buộc.,"Đúng bộ/bản, không xóa dây chuyền nguồn đã dùng; kiểm loại đích theo source-contracts.csv"
tai_chinh.nghia_vu_va_dieu_chinh,ma_doi_tac,dung_chung.doi_tac,ma_dinh_danh,Mã đối tác liên kết dung_chung.doi_tac đúng bản/bộ và vai trò; điều kiện loại nguồn trong ràng buộc.,"Đúng bộ/bản, không xóa dây chuyền nguồn đã dùng; kiểm loại đích theo source-contracts.csv"
tai_chinh.nghia_vu_va_dieu_chinh,ma_nhan_vien,nhan_su.nhan_vien,ma_dinh_danh,Mã nhân viên liên kết nhan_su.nhan_vien đúng bản/bộ và vai trò; điều kiện loại nguồn trong ràng buộc.,"Đúng bộ/bản, không xóa dây chuyền nguồn đã dùng; kiểm loại đích theo source-contracts.csv"
tai_chinh.nghia_vu_va_dieu_chinh,ma_tai_khoan_thuc_hien,truy_cap.tai_khoan_dang_nhap,ma_dinh_danh,Mã tài khoản thực hiện liên kết truy_cap.tai_khoan_dang_nhap đúng bản/bộ và vai trò; điều kiện loại nguồn trong ràng buộc.,"Đúng bộ/bản, không xóa dây chuyền nguồn đã dùng; kiểm loại đích theo source-contracts.csv"
tai_chinh.nghia_vu_va_dieu_chinh,ma_nghia_vu_goc,tai_chinh.nghia_vu_va_dieu_chinh,ma_dinh_danh,Mã nghĩa vụ thanh toán liên kết tai_chinh.nghia_vu_va_dieu_chinh đúng bản/bộ và vai trò; điều kiện loại nguồn trong ràng buộc.,"Đúng bộ/bản, không xóa dây chuyền nguồn đã dùng; kiểm loại đích theo source-contracts.csv"
tai_chinh.nghia_vu_va_dieu_chinh,ma_su_kien_dieu_chinh_goc,tai_chinh.nghia_vu_va_dieu_chinh,ma_dinh_danh,Mã sự kiện gốc liên kết tai_chinh.nghia_vu_va_dieu_chinh đúng bản/bộ và vai trò; điều kiện loại nguồn trong ràng buộc.,"Đúng bộ/bản, không xóa dây chuyền nguồn đã dùng; kiểm loại đích theo source-contracts.csv"
tai_chinh.nghia_vu_va_dieu_chinh,ma_phe_duyet,dung_chung.de_nghi_va_quyet_dinh_phe_duyet,ma_dinh_danh,Mã phê duyệt liên kết dung_chung.de_nghi_va_quyet_dinh_phe_duyet đúng bản/bộ và vai trò; điều kiện loại nguồn trong ràng buộc.,"Đúng bộ/bản, không xóa dây chuyền nguồn đã dùng; kiểm loại đích theo source-contracts.csv"
tai_chinh.su_kien_su_dung_nguon_tien,ma_bo_du_lieu,dung_chung.bo_du_lieu_mo_phong,ma_dinh_danh,Mã bộ dữ liệu liên kết dung_chung.bo_du_lieu_mo_phong đúng bản/bộ và vai trò; điều kiện loại nguồn trong ràng buộc.,"Đúng bộ/bản, không xóa dây chuyền nguồn đã dùng; kiểm loại đích theo source-contracts.csv"
tai_chinh.su_kien_su_dung_nguon_tien,ma_bien_dong_tien_thuc,tai_chinh.bien_dong_tien_thuc,ma_dinh_danh,Mã biến động tiền thực liên kết tai_chinh.bien_dong_tien_thuc đúng bản/bộ và vai trò; điều kiện loại nguồn trong ràng buộc.,"Đúng bộ/bản, không xóa dây chuyền nguồn đã dùng; kiểm loại đích theo source-contracts.csv"
tai_chinh.su_kien_su_dung_nguon_tien,ma_nghia_vu_thanh_toan,tai_chinh.nghia_vu_va_dieu_chinh,ma_dinh_danh,Mã nghĩa vụ thanh toán liên kết tai_chinh.nghia_vu_va_dieu_chinh đúng bản/bộ và vai trò; điều kiện loại nguồn trong ràng buộc.,"Đúng bộ/bản, không xóa dây chuyền nguồn đã dùng; kiểm loại đích theo source-contracts.csv"
tai_chinh.su_kien_su_dung_nguon_tien,ma_su_kien_su_dung_tien_goc,tai_chinh.su_kien_su_dung_nguon_tien,ma_dinh_danh,Mã sự kiện sử dụng tiền gốc liên kết tai_chinh.su_kien_su_dung_nguon_tien đúng bản/bộ và vai trò; điều kiện loại nguồn trong ràng buộc.,"Đúng bộ/bản, không xóa dây chuyền nguồn đã dùng; kiểm loại đích theo source-contracts.csv"
tai_chinh.su_kien_su_dung_nguon_tien,ma_bien_dong_tien_thuc_hoan,tai_chinh.bien_dong_tien_thuc,ma_dinh_danh,Mã biến động tiền thực hoàn liên kết tai_chinh.bien_dong_tien_thuc đúng bản/bộ và vai trò; điều kiện loại nguồn trong ràng buộc.,"Đúng bộ/bản, không xóa dây chuyền nguồn đã dùng; kiểm loại đích theo source-contracts.csv"
tai_chinh.su_kien_su_dung_nguon_tien,ma_can_cu_dai_dien,dung_chung.can_cu_dai_dien,ma_dinh_danh,Mã căn cứ đại diện liên kết dung_chung.can_cu_dai_dien đúng bản/bộ và vai trò; điều kiện loại nguồn trong ràng buộc.,"Đúng bộ/bản, không xóa dây chuyền nguồn đã dùng; kiểm loại đích theo source-contracts.csv"
tai_chinh.su_kien_su_dung_nguon_tien,ma_tai_khoan_thuc_hien,truy_cap.tai_khoan_dang_nhap,ma_dinh_danh,Mã tài khoản thực hiện liên kết truy_cap.tai_khoan_dang_nhap đúng bản/bộ và vai trò; điều kiện loại nguồn trong ràng buộc.,"Đúng bộ/bản, không xóa dây chuyền nguồn đã dùng; kiểm loại đích theo source-contracts.csv"
tai_chinh.dong_ghi_nhan_ban,ma_dinh_danh,dung_chung.dong_chung_tu,ma_dinh_danh,Mã định danh liên kết dung_chung.dong_chung_tu đúng bản/bộ và vai trò; điều kiện loại nguồn trong ràng buộc.,"Đúng bộ/bản, không xóa dây chuyền nguồn đã dùng; kiểm loại đích theo source-contracts.csv"
tai_chinh.dong_ghi_nhan_ban,ma_bo_du_lieu,dung_chung.bo_du_lieu_mo_phong,ma_dinh_danh,Mã bộ dữ liệu liên kết dung_chung.bo_du_lieu_mo_phong đúng bản/bộ và vai trò; điều kiện loại nguồn trong ràng buộc.,"Đúng bộ/bản, không xóa dây chuyền nguồn đã dùng; kiểm loại đích theo source-contracts.csv"
tai_chinh.dong_ghi_nhan_ban,ma_chung_tu_ghi_ban,dung_chung.chung_tu,ma_dinh_danh,Mã chứng từ ghi bán liên kết dung_chung.chung_tu đúng bản/bộ và vai trò; điều kiện loại nguồn trong ràng buộc.,"Đúng bộ/bản, không xóa dây chuyền nguồn đã dùng; kiểm loại đích theo source-contracts.csv"
tai_chinh.dong_ghi_nhan_ban,ma_dong_xac_nhan_khach_nhan,giao_hang.dong_giao_va_nhan_hang,ma_dinh_danh,Mã dòng xác nhận khách nhận liên kết giao_hang.dong_giao_va_nhan_hang đúng bản/bộ và vai trò; điều kiện loại nguồn trong ràng buộc.,"Đúng bộ/bản, không xóa dây chuyền nguồn đã dùng; kiểm loại đích theo source-contracts.csv"
tai_chinh.dong_ghi_nhan_ban,ma_dong_ghi_ban_goc,tai_chinh.dong_ghi_nhan_ban,ma_dinh_danh,Mã dòng ghi bán gốc liên kết tai_chinh.dong_ghi_nhan_ban đúng bản/bộ và vai trò; điều kiện loại nguồn trong ràng buộc.,"Đúng bộ/bản, không xóa dây chuyền nguồn đã dùng; kiểm loại đích theo source-contracts.csv"
tai_chinh.dong_ghi_nhan_ban,ma_dong_don_hang,kinh_doanh.dong_tu_van_bao_gia_va_don_hang,ma_dinh_danh,Mã dòng đơn hàng liên kết kinh_doanh.dong_tu_van_bao_gia_va_don_hang đúng bản/bộ và vai trò; điều kiện loại nguồn trong ràng buộc.,"Đúng bộ/bản, không xóa dây chuyền nguồn đã dùng; kiểm loại đích theo source-contracts.csv"
tai_chinh.doi_chieu_nghia_vu_mua,ma_dinh_danh,dung_chung.dong_chung_tu,ma_dinh_danh,Mã định danh liên kết dung_chung.dong_chung_tu đúng bản/bộ và vai trò; điều kiện loại nguồn trong ràng buộc.,"Đúng bộ/bản, không xóa dây chuyền nguồn đã dùng; kiểm loại đích theo source-contracts.csv"
tai_chinh.doi_chieu_nghia_vu_mua,ma_bo_du_lieu,dung_chung.bo_du_lieu_mo_phong,ma_dinh_danh,Mã bộ dữ liệu liên kết dung_chung.bo_du_lieu_mo_phong đúng bản/bộ và vai trò; điều kiện loại nguồn trong ràng buộc.,"Đúng bộ/bản, không xóa dây chuyền nguồn đã dùng; kiểm loại đích theo source-contracts.csv"
tai_chinh.doi_chieu_nghia_vu_mua,ma_dong_don_mua,mua_hang.dong_don_mua_hang,ma_dinh_danh,Mã dòng đơn mua liên kết mua_hang.dong_don_mua_hang đúng bản/bộ và vai trò; điều kiện loại nguồn trong ràng buộc.,"Đúng bộ/bản, không xóa dây chuyền nguồn đã dùng; kiểm loại đích theo source-contracts.csv"
tai_chinh.doi_chieu_nghia_vu_mua,ma_dong_nhan_hang_mua,kho.dong_van_dong_hang,ma_dinh_danh,Mã dòng nhận hàng mua liên kết kho.dong_van_dong_hang đúng bản/bộ và vai trò; điều kiện loại nguồn trong ràng buộc.,"Đúng bộ/bản, không xóa dây chuyền nguồn đã dùng; kiểm loại đích theo source-contracts.csv"
tai_chinh.doi_chieu_nghia_vu_mua,ma_phieu_kiem_chat_luong,chat_luong.phieu_kiem_tra_chat_luong,ma_dinh_danh,Mã phiếu kiểm chất lượng liên kết chat_luong.phieu_kiem_tra_chat_luong đúng bản/bộ và vai trò; điều kiện loại nguồn trong ràng buộc.,"Đúng bộ/bản, không xóa dây chuyền nguồn đã dùng; kiểm loại đích theo source-contracts.csv"
tai_chinh.doi_chieu_nghia_vu_mua,ma_nha_cung_cap,dung_chung.doi_tac,ma_dinh_danh,Mã nhà cung cấp liên kết dung_chung.doi_tac đúng bản/bộ và vai trò; điều kiện loại nguồn trong ràng buộc.,"Đúng bộ/bản, không xóa dây chuyền nguồn đã dùng; kiểm loại đích theo source-contracts.csv"
tai_chinh.dong_doi_chieu_quy_ngan_hang,ma_dinh_danh,dung_chung.dong_chung_tu,ma_dinh_danh,Mã định danh liên kết dung_chung.dong_chung_tu đúng bản/bộ và vai trò; điều kiện loại nguồn trong ràng buộc.,"Đúng bộ/bản, không xóa dây chuyền nguồn đã dùng; kiểm loại đích theo source-contracts.csv"
tai_chinh.dong_doi_chieu_quy_ngan_hang,ma_bo_du_lieu,dung_chung.bo_du_lieu_mo_phong,ma_dinh_danh,Mã bộ dữ liệu liên kết dung_chung.bo_du_lieu_mo_phong đúng bản/bộ và vai trò; điều kiện loại nguồn trong ràng buộc.,"Đúng bộ/bản, không xóa dây chuyền nguồn đã dùng; kiểm loại đích theo source-contracts.csv"
tai_chinh.dong_doi_chieu_quy_ngan_hang,ma_quy_hoac_tai_khoan_tien,tai_chinh.quy_va_tai_khoan_tien,ma_dinh_danh,Mã quỹ hoặc tài khoản tiền liên kết tai_chinh.quy_va_tai_khoan_tien đúng bản/bộ và vai trò; điều kiện loại nguồn trong ràng buộc.,"Đúng bộ/bản, không xóa dây chuyền nguồn đã dùng; kiểm loại đích theo source-contracts.csv"
tai_chinh.dong_doi_chieu_quy_ngan_hang,ma_bien_dong_tien_thuc,tai_chinh.bien_dong_tien_thuc,ma_dinh_danh,Mã biến động tiền thực liên kết tai_chinh.bien_dong_tien_thuc đúng bản/bộ và vai trò; điều kiện loại nguồn trong ràng buộc.,"Đúng bộ/bản, không xóa dây chuyền nguồn đã dùng; kiểm loại đích theo source-contracts.csv"
tai_chinh.nguon_chi_phi,ma_dinh_danh,dung_chung.dong_chung_tu,ma_dinh_danh,Mã định danh liên kết dung_chung.dong_chung_tu đúng bản/bộ và vai trò; điều kiện loại nguồn trong ràng buộc.,"Đúng bộ/bản, không xóa dây chuyền nguồn đã dùng; kiểm loại đích theo source-contracts.csv"
tai_chinh.nguon_chi_phi,ma_bo_du_lieu,dung_chung.bo_du_lieu_mo_phong,ma_dinh_danh,Mã bộ dữ liệu liên kết dung_chung.bo_du_lieu_mo_phong đúng bản/bộ và vai trò; điều kiện loại nguồn trong ràng buộc.,"Đúng bộ/bản, không xóa dây chuyền nguồn đã dùng; kiểm loại đích theo source-contracts.csv"
tai_chinh.nguon_chi_phi,ma_dong_nguon_nghiep_vu,dung_chung.dong_chung_tu,ma_dinh_danh,Mã dòng nguồn nghiệp vụ liên kết dung_chung.dong_chung_tu đúng bản/bộ và vai trò; điều kiện loại nguồn trong ràng buộc.,"Đúng bộ/bản, không xóa dây chuyền nguồn đã dùng; kiểm loại đích theo source-contracts.csv"
tai_chinh.nguon_chi_phi,ma_dong_thu_nhap_nhan_vien,nhan_su.thu_nhap_nhan_vien,ma_dinh_danh,Mã dòng thu nhập nhân viên liên kết nhan_su.thu_nhap_nhan_vien đúng bản/bộ và vai trò; điều kiện loại nguồn trong ràng buộc.,"Đúng bộ/bản, không xóa dây chuyền nguồn đã dùng; kiểm loại đích theo source-contracts.csv"
tai_chinh.nguon_chi_phi,ma_dong_vat_tu_thuc_dung,kho.dong_van_dong_hang,ma_dinh_danh,Mã dòng vật tư thực dùng liên kết kho.dong_van_dong_hang đúng bản/bộ và vai trò; điều kiện loại nguồn trong ràng buộc.,"Đúng bộ/bản, không xóa dây chuyền nguồn đã dùng; kiểm loại đích theo source-contracts.csv"
tai_chinh.nguon_chi_phi,ma_phien_ban_chinh_sach,dung_chung.phien_ban_chinh_sach,ma_dinh_danh,Mã phiên bản chính sách liên kết dung_chung.phien_ban_chinh_sach đúng bản/bộ và vai trò; điều kiện loại nguồn trong ràng buộc.,"Đúng bộ/bản, không xóa dây chuyền nguồn đã dùng; kiểm loại đích theo source-contracts.csv"
tai_chinh.nguon_chi_phi,ma_nguon_chi_phi_bi_thay,tai_chinh.nguon_chi_phi,ma_dinh_danh,Mã nguồn chi phí bị thay liên kết tai_chinh.nguon_chi_phi đúng bản/bộ và vai trò; điều kiện loại nguồn trong ràng buộc.,"Đúng bộ/bản, không xóa dây chuyền nguồn đã dùng; kiểm loại đích theo source-contracts.csv"
tai_chinh.phan_bo_chi_phi,ma_dinh_danh,dung_chung.dong_chung_tu,ma_dinh_danh,Mã định danh liên kết dung_chung.dong_chung_tu đúng bản/bộ và vai trò; điều kiện loại nguồn trong ràng buộc.,"Đúng bộ/bản, không xóa dây chuyền nguồn đã dùng; kiểm loại đích theo source-contracts.csv"
tai_chinh.phan_bo_chi_phi,ma_bo_du_lieu,dung_chung.bo_du_lieu_mo_phong,ma_dinh_danh,Mã bộ dữ liệu liên kết dung_chung.bo_du_lieu_mo_phong đúng bản/bộ và vai trò; điều kiện loại nguồn trong ràng buộc.,"Đúng bộ/bản, không xóa dây chuyền nguồn đã dùng; kiểm loại đích theo source-contracts.csv"
tai_chinh.phan_bo_chi_phi,ma_nguon_chi_phi,tai_chinh.nguon_chi_phi,ma_dinh_danh,Mã nguồn chi phí liên kết tai_chinh.nguon_chi_phi đúng bản/bộ và vai trò; điều kiện loại nguồn trong ràng buộc.,"Đúng bộ/bản, không xóa dây chuyền nguồn đã dùng; kiểm loại đích theo source-contracts.csv"
tai_chinh.phan_bo_chi_phi,ma_lo_san_xuat,san_xuat.lo_san_xuat,ma_dinh_danh,Mã lô sản xuất liên kết san_xuat.lo_san_xuat đúng bản/bộ và vai trò; điều kiện loại nguồn trong ràng buộc.,"Đúng bộ/bản, không xóa dây chuyền nguồn đã dùng; kiểm loại đích theo source-contracts.csv"
tai_chinh.phan_bo_chi_phi,ma_phien_ban_chinh_sach,dung_chung.phien_ban_chinh_sach,ma_dinh_danh,Mã phiên bản chính sách liên kết dung_chung.phien_ban_chinh_sach đúng bản/bộ và vai trò; điều kiện loại nguồn trong ràng buộc.,"Đúng bộ/bản, không xóa dây chuyền nguồn đã dùng; kiểm loại đích theo source-contracts.csv"
tai_chinh.phan_bo_chi_phi,ma_ban_phan_bo_chi_phi_bi_thay,tai_chinh.phan_bo_chi_phi,ma_dinh_danh,Mã bản phân bổ chi phí bị thay liên kết tai_chinh.phan_bo_chi_phi đúng bản/bộ và vai trò; điều kiện loại nguồn trong ràng buộc.,"Đúng bộ/bản, không xóa dây chuyền nguồn đã dùng; kiểm loại đích theo source-contracts.csv"
tai_chinh.can_cu_phan_bo_chi_phi,ma_bo_du_lieu,dung_chung.bo_du_lieu_mo_phong,ma_dinh_danh,Mã bộ dữ liệu liên kết dung_chung.bo_du_lieu_mo_phong đúng bản/bộ và vai trò; điều kiện loại nguồn trong ràng buộc.,"Đúng bộ/bản, không xóa dây chuyền nguồn đã dùng; kiểm loại đích theo source-contracts.csv"
tai_chinh.can_cu_phan_bo_chi_phi,ma_dong_phan_bo_chi_phi,tai_chinh.phan_bo_chi_phi,ma_dinh_danh,Mã dòng phân bổ chi phí liên kết tai_chinh.phan_bo_chi_phi đúng bản/bộ và vai trò; điều kiện loại nguồn trong ràng buộc.,"Đúng bộ/bản, không xóa dây chuyền nguồn đã dùng; kiểm loại đích theo source-contracts.csv"
tai_chinh.can_cu_phan_bo_chi_phi,ma_khoang_cong_thuc_te,nhan_su.khoang_cong_thuc_te,ma_dinh_danh,Mã khoảng công thực tế liên kết nhan_su.khoang_cong_thuc_te đúng bản/bộ và vai trò; điều kiện loại nguồn trong ràng buộc.,"Đúng bộ/bản, không xóa dây chuyền nguồn đã dùng; kiểm loại đích theo source-contracts.csv"
tai_chinh.can_cu_phan_bo_chi_phi,ma_lich_nguon_luc,san_xuat.lich_nguoi_va_nguon_luc,ma_dinh_danh,Mã lịch nguồn lực liên kết san_xuat.lich_nguoi_va_nguon_luc đúng bản/bộ và vai trò; điều kiện loại nguồn trong ràng buộc.,"Đúng bộ/bản, không xóa dây chuyền nguồn đã dùng; kiểm loại đích theo source-contracts.csv"
tai_chinh.can_cu_phan_bo_chi_phi,ma_dong_vat_tu_thuc_dung,kho.dong_van_dong_hang,ma_dinh_danh,Mã dòng vật tư thực dùng liên kết kho.dong_van_dong_hang đúng bản/bộ và vai trò; điều kiện loại nguồn trong ràng buộc.,"Đúng bộ/bản, không xóa dây chuyền nguồn đã dùng; kiểm loại đích theo source-contracts.csv"
tai_chinh.can_cu_phan_bo_chi_phi,ma_tai_khoan_thuc_hien,truy_cap.tai_khoan_dang_nhap,ma_dinh_danh,Mã tài khoản thực hiện liên kết truy_cap.tai_khoan_dang_nhap đúng bản/bộ và vai trò; điều kiện loại nguồn trong ràng buộc.,"Đúng bộ/bản, không xóa dây chuyền nguồn đã dùng; kiểm loại đích theo source-contracts.csv"
tai_chinh.bien_dong_gia_tri,ma_dinh_danh,dung_chung.dong_chung_tu,ma_dinh_danh,Mã định danh liên kết dung_chung.dong_chung_tu đúng bản/bộ và vai trò; điều kiện loại nguồn trong ràng buộc.,"Đúng bộ/bản, không xóa dây chuyền nguồn đã dùng; kiểm loại đích theo source-contracts.csv"
tai_chinh.bien_dong_gia_tri,ma_bo_du_lieu,dung_chung.bo_du_lieu_mo_phong,ma_dinh_danh,Mã bộ dữ liệu liên kết dung_chung.bo_du_lieu_mo_phong đúng bản/bộ và vai trò; điều kiện loại nguồn trong ràng buộc.,"Đúng bộ/bản, không xóa dây chuyền nguồn đã dùng; kiểm loại đích theo source-contracts.csv"
tai_chinh.bien_dong_gia_tri,ma_mat_hang,danh_muc.mat_hang,ma_dinh_danh,Mã mặt hàng liên kết danh_muc.mat_hang đúng bản/bộ và vai trò; điều kiện loại nguồn trong ràng buộc.,"Đúng bộ/bản, không xóa dây chuyền nguồn đã dùng; kiểm loại đích theo source-contracts.csv"
tai_chinh.bien_dong_gia_tri,ma_dong_van_dong_hang,kho.dong_van_dong_hang,ma_dinh_danh,Mã dòng vận động hàng liên kết kho.dong_van_dong_hang đúng bản/bộ và vai trò; điều kiện loại nguồn trong ràng buộc.,"Đúng bộ/bản, không xóa dây chuyền nguồn đã dùng; kiểm loại đích theo source-contracts.csv"
tai_chinh.bien_dong_gia_tri,ma_chung_tu_ban_chot_gia_thanh,dung_chung.chung_tu,ma_dinh_danh,Mã chứng từ bản chốt giá thành liên kết dung_chung.chung_tu đúng bản/bộ và vai trò; điều kiện loại nguồn trong ràng buộc.,"Đúng bộ/bản, không xóa dây chuyền nguồn đã dùng; kiểm loại đích theo source-contracts.csv"
tai_chinh.bien_dong_gia_tri,ma_dong_ghi_ban,tai_chinh.dong_ghi_nhan_ban,ma_dinh_danh,Mã dòng ghi bán liên kết tai_chinh.dong_ghi_nhan_ban đúng bản/bộ và vai trò; điều kiện loại nguồn trong ràng buộc.,"Đúng bộ/bản, không xóa dây chuyền nguồn đã dùng; kiểm loại đích theo source-contracts.csv"
tai_chinh.bien_dong_gia_tri,ma_bien_dong_gia_tri_goc,tai_chinh.bien_dong_gia_tri,ma_dinh_danh,Mã biến động giá trị gốc liên kết tai_chinh.bien_dong_gia_tri đúng bản/bộ và vai trò; điều kiện loại nguồn trong ràng buộc.,"Đúng bộ/bản, không xóa dây chuyền nguồn đã dùng; kiểm loại đích theo source-contracts.csv"
nhan_su.nhan_vien,ma_nguoi_that,truy_cap.dinh_danh_nguoi,ma_dinh_danh,Mã người thật liên kết truy_cap.dinh_danh_nguoi đúng bản/bộ và vai trò; điều kiện loại nguồn trong ràng buộc.,"Đúng bộ/bản, không xóa dây chuyền nguồn đã dùng; kiểm loại đích theo source-contracts.csv"
nhan_su.nhan_vien,ma_bo_du_lieu,dung_chung.bo_du_lieu_mo_phong,ma_dinh_danh,Mã bộ dữ liệu liên kết dung_chung.bo_du_lieu_mo_phong đúng bản/bộ và vai trò; điều kiện loại nguồn trong ràng buộc.,"Đúng bộ/bản, không xóa dây chuyền nguồn đã dùng; kiểm loại đích theo source-contracts.csv"
nhan_su.nhan_vien,ma_tai_khoan_thuc_hien,truy_cap.tai_khoan_dang_nhap,ma_dinh_danh,Mã tài khoản thực hiện liên kết truy_cap.tai_khoan_dang_nhap đúng bản/bộ và vai trò; điều kiện loại nguồn trong ràng buộc.,"Đúng bộ/bản, không xóa dây chuyền nguồn đã dùng; kiểm loại đích theo source-contracts.csv"
nhan_su.ho_so_lam_viec_theo_hieu_luc,ma_dinh_danh,dung_chung.chung_tu,ma_dinh_danh,Mã định danh liên kết dung_chung.chung_tu đúng bản/bộ và vai trò; điều kiện loại nguồn trong ràng buộc.,"Đúng bộ/bản, không xóa dây chuyền nguồn đã dùng; kiểm loại đích theo source-contracts.csv"
nhan_su.ho_so_lam_viec_theo_hieu_luc,ma_bo_du_lieu,dung_chung.bo_du_lieu_mo_phong,ma_dinh_danh,Mã bộ dữ liệu liên kết dung_chung.bo_du_lieu_mo_phong đúng bản/bộ và vai trò; điều kiện loại nguồn trong ràng buộc.,"Đúng bộ/bản, không xóa dây chuyền nguồn đã dùng; kiểm loại đích theo source-contracts.csv"
nhan_su.ho_so_lam_viec_theo_hieu_luc,ma_nhan_vien,nhan_su.nhan_vien,ma_dinh_danh,Mã nhân viên liên kết nhan_su.nhan_vien đúng bản/bộ và vai trò; điều kiện loại nguồn trong ràng buộc.,"Đúng bộ/bản, không xóa dây chuyền nguồn đã dùng; kiểm loại đích theo source-contracts.csv"
nhan_su.ho_so_lam_viec_theo_hieu_luc,ma_bo_phan,dung_chung.bo_phan,ma_dinh_danh,Mã bộ phận liên kết dung_chung.bo_phan đúng bản/bộ và vai trò; điều kiện loại nguồn trong ràng buộc.,"Đúng bộ/bản, không xóa dây chuyền nguồn đã dùng; kiểm loại đích theo source-contracts.csv"
nhan_su.ho_so_lam_viec_theo_hieu_luc,ma_nhan_vien_quan_ly,nhan_su.nhan_vien,ma_dinh_danh,Mã nhân viên quản lý liên kết nhan_su.nhan_vien đúng bản/bộ và vai trò; điều kiện loại nguồn trong ràng buộc.,"Đúng bộ/bản, không xóa dây chuyền nguồn đã dùng; kiểm loại đích theo source-contracts.csv"
nhan_su.ho_so_lam_viec_theo_hieu_luc,ma_phien_ban_chinh_sach_thu_nhap,dung_chung.phien_ban_chinh_sach,ma_dinh_danh,Mã phiên bản chính sách thu nhập liên kết dung_chung.phien_ban_chinh_sach đúng bản/bộ và vai trò; điều kiện loại nguồn trong ràng buộc.,"Đúng bộ/bản, không xóa dây chuyền nguồn đã dùng; kiểm loại đích theo source-contracts.csv"
nhan_su.ho_so_ky_nang_va_an_toan,ma_dinh_danh,dung_chung.chung_tu,ma_dinh_danh,Mã định danh liên kết dung_chung.chung_tu đúng bản/bộ và vai trò; điều kiện loại nguồn trong ràng buộc.,"Đúng bộ/bản, không xóa dây chuyền nguồn đã dùng; kiểm loại đích theo source-contracts.csv"
nhan_su.ho_so_ky_nang_va_an_toan,ma_bo_du_lieu,dung_chung.bo_du_lieu_mo_phong,ma_dinh_danh,Mã bộ dữ liệu liên kết dung_chung.bo_du_lieu_mo_phong đúng bản/bộ và vai trò; điều kiện loại nguồn trong ràng buộc.,"Đúng bộ/bản, không xóa dây chuyền nguồn đã dùng; kiểm loại đích theo source-contracts.csv"
nhan_su.ho_so_ky_nang_va_an_toan,ma_nhan_vien,nhan_su.nhan_vien,ma_dinh_danh,Mã nhân viên liên kết nhan_su.nhan_vien đúng bản/bộ và vai trò; điều kiện loại nguồn trong ràng buộc.,"Đúng bộ/bản, không xóa dây chuyền nguồn đã dùng; kiểm loại đích theo source-contracts.csv"
nhan_su.ngay_va_ca_lam_viec,ma_bo_du_lieu,dung_chung.bo_du_lieu_mo_phong,ma_dinh_danh,Mã bộ dữ liệu liên kết dung_chung.bo_du_lieu_mo_phong đúng bản/bộ và vai trò; điều kiện loại nguồn trong ràng buộc.,"Đúng bộ/bản, không xóa dây chuyền nguồn đã dùng; kiểm loại đích theo source-contracts.csv"
nhan_su.ngay_va_ca_lam_viec,ma_phien_ban_chinh_sach,dung_chung.phien_ban_chinh_sach,ma_dinh_danh,Mã phiên bản chính sách liên kết dung_chung.phien_ban_chinh_sach đúng bản/bộ và vai trò; điều kiện loại nguồn trong ràng buộc.,"Đúng bộ/bản, không xóa dây chuyền nguồn đã dùng; kiểm loại đích theo source-contracts.csv"
nhan_su.ngay_va_ca_lam_viec,ma_tai_khoan_thuc_hien,truy_cap.tai_khoan_dang_nhap,ma_dinh_danh,Mã tài khoản thực hiện liên kết truy_cap.tai_khoan_dang_nhap đúng bản/bộ và vai trò; điều kiện loại nguồn trong ràng buộc.,"Đúng bộ/bản, không xóa dây chuyền nguồn đã dùng; kiểm loại đích theo source-contracts.csv"
nhan_su.khoang_cong_thuc_te,ma_bo_du_lieu,dung_chung.bo_du_lieu_mo_phong,ma_dinh_danh,Mã bộ dữ liệu liên kết dung_chung.bo_du_lieu_mo_phong đúng bản/bộ và vai trò; điều kiện loại nguồn trong ràng buộc.,"Đúng bộ/bản, không xóa dây chuyền nguồn đã dùng; kiểm loại đích theo source-contracts.csv"
nhan_su.khoang_cong_thuc_te,ma_chung_tu_ban_cong,dung_chung.chung_tu,ma_dinh_danh,Mã chứng từ bản công liên kết dung_chung.chung_tu đúng bản/bộ và vai trò; điều kiện loại nguồn trong ràng buộc.,"Đúng bộ/bản, không xóa dây chuyền nguồn đã dùng; kiểm loại đích theo source-contracts.csv"
nhan_su.khoang_cong_thuc_te,ma_chung_tu_cong_doan,san_xuat.cong_doan_san_xuat,ma_dinh_danh,Mã chứng từ công đoạn liên kết san_xuat.cong_doan_san_xuat đúng bản/bộ và vai trò; điều kiện loại nguồn trong ràng buộc.,"Đúng bộ/bản, không xóa dây chuyền nguồn đã dùng; kiểm loại đích theo source-contracts.csv"
nhan_su.khoang_cong_thuc_te,ma_chung_tu_de_nghi_nghi,nhan_su.de_nghi_nghi,ma_dinh_danh,Mã chứng từ đề nghị nghỉ liên kết nhan_su.de_nghi_nghi đúng bản/bộ và vai trò; điều kiện loại nguồn trong ràng buộc.,"Đúng bộ/bản, không xóa dây chuyền nguồn đã dùng; kiểm loại đích theo source-contracts.csv"
nhan_su.khoang_cong_thuc_te,ma_quyet_dinh_duyet_lam_them,dung_chung.de_nghi_va_quyet_dinh_phe_duyet,ma_dinh_danh,Mã quyết định duyệt làm thêm liên kết dung_chung.de_nghi_va_quyet_dinh_phe_duyet đúng bản/bộ và vai trò; điều kiện loại nguồn trong ràng buộc.,"Đúng bộ/bản, không xóa dây chuyền nguồn đã dùng; kiểm loại đích theo source-contracts.csv"
nhan_su.khoang_cong_thuc_te,ma_tai_khoan_thuc_hien,truy_cap.tai_khoan_dang_nhap,ma_dinh_danh,Mã tài khoản thực hiện liên kết truy_cap.tai_khoan_dang_nhap đúng bản/bộ và vai trò; điều kiện loại nguồn trong ràng buộc.,"Đúng bộ/bản, không xóa dây chuyền nguồn đã dùng; kiểm loại đích theo source-contracts.csv"
nhan_su.de_nghi_nghi,ma_dinh_danh,dung_chung.chung_tu,ma_dinh_danh,Mã định danh liên kết dung_chung.chung_tu đúng bản/bộ và vai trò; điều kiện loại nguồn trong ràng buộc.,"Đúng bộ/bản, không xóa dây chuyền nguồn đã dùng; kiểm loại đích theo source-contracts.csv"
nhan_su.de_nghi_nghi,ma_bo_du_lieu,dung_chung.bo_du_lieu_mo_phong,ma_dinh_danh,Mã bộ dữ liệu liên kết dung_chung.bo_du_lieu_mo_phong đúng bản/bộ và vai trò; điều kiện loại nguồn trong ràng buộc.,"Đúng bộ/bản, không xóa dây chuyền nguồn đã dùng; kiểm loại đích theo source-contracts.csv"
nhan_su.de_nghi_nghi,ma_nhan_vien,nhan_su.nhan_vien,ma_dinh_danh,Mã nhân viên liên kết nhan_su.nhan_vien đúng bản/bộ và vai trò; điều kiện loại nguồn trong ràng buộc.,"Đúng bộ/bản, không xóa dây chuyền nguồn đã dùng; kiểm loại đích theo source-contracts.csv"
nhan_su.de_nghi_nghi,ma_nhan_vien_lam_thay,nhan_su.nhan_vien,ma_dinh_danh,Mã nhân viên làm thay liên kết nhan_su.nhan_vien đúng bản/bộ và vai trò; điều kiện loại nguồn trong ràng buộc.,"Đúng bộ/bản, không xóa dây chuyền nguồn đã dùng; kiểm loại đích theo source-contracts.csv"
nhan_su.de_nghi_nghi,ma_phien_ban_chinh_sach,dung_chung.phien_ban_chinh_sach,ma_dinh_danh,Mã phiên bản chính sách liên kết dung_chung.phien_ban_chinh_sach đúng bản/bộ và vai trò; điều kiện loại nguồn trong ràng buộc.,"Đúng bộ/bản, không xóa dây chuyền nguồn đã dùng; kiểm loại đích theo source-contracts.csv"
nhan_su.de_nghi_nghi,ma_phe_duyet,dung_chung.de_nghi_va_quyet_dinh_phe_duyet,ma_dinh_danh,Mã phê duyệt liên kết dung_chung.de_nghi_va_quyet_dinh_phe_duyet đúng bản/bộ và vai trò; điều kiện loại nguồn trong ràng buộc.,"Đúng bộ/bản, không xóa dây chuyền nguồn đã dùng; kiểm loại đích theo source-contracts.csv"
nhan_su.su_kien_phep,ma_dinh_danh,dung_chung.dong_chung_tu,ma_dinh_danh,Mã định danh liên kết dung_chung.dong_chung_tu đúng bản/bộ và vai trò; điều kiện loại nguồn trong ràng buộc.,"Đúng bộ/bản, không xóa dây chuyền nguồn đã dùng; kiểm loại đích theo source-contracts.csv"
nhan_su.su_kien_phep,ma_bo_du_lieu,dung_chung.bo_du_lieu_mo_phong,ma_dinh_danh,Mã bộ dữ liệu liên kết dung_chung.bo_du_lieu_mo_phong đúng bản/bộ và vai trò; điều kiện loại nguồn trong ràng buộc.,"Đúng bộ/bản, không xóa dây chuyền nguồn đã dùng; kiểm loại đích theo source-contracts.csv"
nhan_su.su_kien_phep,ma_nhan_vien,nhan_su.nhan_vien,ma_dinh_danh,Mã nhân viên liên kết nhan_su.nhan_vien đúng bản/bộ và vai trò; điều kiện loại nguồn trong ràng buộc.,"Đúng bộ/bản, không xóa dây chuyền nguồn đã dùng; kiểm loại đích theo source-contracts.csv"
nhan_su.su_kien_phep,ma_chung_tu_de_nghi_nghi,nhan_su.de_nghi_nghi,ma_dinh_danh,Mã chứng từ đề nghị nghỉ liên kết nhan_su.de_nghi_nghi đúng bản/bộ và vai trò; điều kiện loại nguồn trong ràng buộc.,"Đúng bộ/bản, không xóa dây chuyền nguồn đã dùng; kiểm loại đích theo source-contracts.csv"
nhan_su.su_kien_phep,ma_su_kien_giu_goc,nhan_su.su_kien_phep,ma_dinh_danh,Mã sự kiện giữ gốc liên kết nhan_su.su_kien_phep đúng bản/bộ và vai trò; điều kiện loại nguồn trong ràng buộc.,"Đúng bộ/bản, không xóa dây chuyền nguồn đã dùng; kiểm loại đích theo source-contracts.csv"
nhan_su.su_kien_phep,ma_phe_duyet,dung_chung.de_nghi_va_quyet_dinh_phe_duyet,ma_dinh_danh,Mã phê duyệt liên kết dung_chung.de_nghi_va_quyet_dinh_phe_duyet đúng bản/bộ và vai trò; điều kiện loại nguồn trong ràng buộc.,"Đúng bộ/bản, không xóa dây chuyền nguồn đã dùng; kiểm loại đích theo source-contracts.csv"
nhan_su.thu_nhap_nhan_vien,ma_dinh_danh,dung_chung.dong_chung_tu,ma_dinh_danh,Mã định danh liên kết dung_chung.dong_chung_tu đúng bản/bộ và vai trò; điều kiện loại nguồn trong ràng buộc.,"Đúng bộ/bản, không xóa dây chuyền nguồn đã dùng; kiểm loại đích theo source-contracts.csv"
nhan_su.thu_nhap_nhan_vien,ma_bo_du_lieu,dung_chung.bo_du_lieu_mo_phong,ma_dinh_danh,Mã bộ dữ liệu liên kết dung_chung.bo_du_lieu_mo_phong đúng bản/bộ và vai trò; điều kiện loại nguồn trong ràng buộc.,"Đúng bộ/bản, không xóa dây chuyền nguồn đã dùng; kiểm loại đích theo source-contracts.csv"
nhan_su.thu_nhap_nhan_vien,ma_chung_tu_ky_tinh_thu_nhap,dung_chung.ky_nghiep_vu,ma_dinh_danh,Mã chứng từ kỳ tính thu nhập liên kết dung_chung.ky_nghiep_vu đúng bản/bộ và vai trò; điều kiện loại nguồn trong ràng buộc.,"Đúng bộ/bản, không xóa dây chuyền nguồn đã dùng; kiểm loại đích theo source-contracts.csv"
nhan_su.thu_nhap_nhan_vien,ma_nhan_vien,nhan_su.nhan_vien,ma_dinh_danh,Mã nhân viên liên kết nhan_su.nhan_vien đúng bản/bộ và vai trò; điều kiện loại nguồn trong ràng buộc.,"Đúng bộ/bản, không xóa dây chuyền nguồn đã dùng; kiểm loại đích theo source-contracts.csv"
nhan_su.thu_nhap_nhan_vien,ma_ho_so_lam_viec_theo_hieu_luc,nhan_su.ho_so_lam_viec_theo_hieu_luc,ma_dinh_danh,Mã hồ sơ làm việc theo hiệu lực liên kết nhan_su.ho_so_lam_viec_theo_hieu_luc đúng bản/bộ và vai trò; điều kiện loại nguồn trong ràng buộc.,"Đúng bộ/bản, không xóa dây chuyền nguồn đã dùng; kiểm loại đích theo source-contracts.csv"
nhan_su.thu_nhap_nhan_vien,ma_phe_duyet,dung_chung.de_nghi_va_quyet_dinh_phe_duyet,ma_dinh_danh,Mã phê duyệt liên kết dung_chung.de_nghi_va_quyet_dinh_phe_duyet đúng bản/bộ và vai trò; điều kiện loại nguồn trong ràng buộc.,"Đúng bộ/bản, không xóa dây chuyền nguồn đã dùng; kiểm loại đích theo source-contracts.csv"
nhan_su.thu_nhap_nhan_vien,ma_dong_thu_nhap_goc,nhan_su.thu_nhap_nhan_vien,ma_dinh_danh,Mã dòng thu nhập gốc liên kết nhan_su.thu_nhap_nhan_vien đúng bản/bộ và vai trò; điều kiện loại nguồn trong ràng buộc.,"Đúng bộ/bản, không xóa dây chuyền nguồn đã dùng; kiểm loại đích theo source-contracts.csv"
nhan_su.khoan_thu_nhap_co_can_cu,ma_bo_du_lieu,dung_chung.bo_du_lieu_mo_phong,ma_dinh_danh,Mã bộ dữ liệu liên kết dung_chung.bo_du_lieu_mo_phong đúng bản/bộ và vai trò; điều kiện loại nguồn trong ràng buộc.,"Đúng bộ/bản, không xóa dây chuyền nguồn đã dùng; kiểm loại đích theo source-contracts.csv"
nhan_su.khoan_thu_nhap_co_can_cu,ma_dong_thu_nhap_nhan_vien,nhan_su.thu_nhap_nhan_vien,ma_dinh_danh,Mã dòng thu nhập nhân viên liên kết nhan_su.thu_nhap_nhan_vien đúng bản/bộ và vai trò; điều kiện loại nguồn trong ràng buộc.,"Đúng bộ/bản, không xóa dây chuyền nguồn đã dùng; kiểm loại đích theo source-contracts.csv"
nhan_su.khoan_thu_nhap_co_can_cu,ma_phien_ban_chinh_sach,dung_chung.phien_ban_chinh_sach,ma_dinh_danh,Mã phiên bản chính sách liên kết dung_chung.phien_ban_chinh_sach đúng bản/bộ và vai trò; điều kiện loại nguồn trong ràng buộc.,"Đúng bộ/bản, không xóa dây chuyền nguồn đã dùng; kiểm loại đích theo source-contracts.csv"
nhan_su.khoan_thu_nhap_co_can_cu,ma_phe_duyet,dung_chung.de_nghi_va_quyet_dinh_phe_duyet,ma_dinh_danh,Mã phê duyệt liên kết dung_chung.de_nghi_va_quyet_dinh_phe_duyet đúng bản/bộ và vai trò; điều kiện loại nguồn trong ràng buộc.,"Đúng bộ/bản, không xóa dây chuyền nguồn đã dùng; kiểm loại đích theo source-contracts.csv"
nhan_su.khoan_thu_nhap_co_can_cu,ma_tai_khoan_thuc_hien,truy_cap.tai_khoan_dang_nhap,ma_dinh_danh,Mã tài khoản thực hiện liên kết truy_cap.tai_khoan_dang_nhap đúng bản/bộ và vai trò; điều kiện loại nguồn trong ràng buộc.,"Đúng bộ/bản, không xóa dây chuyền nguồn đã dùng; kiểm loại đích theo source-contracts.csv"
truy_cap.phien_dang_nhap,ma_tai_khoan,truy_cap.tai_khoan_dang_nhap,ma_dinh_danh,Mã tài khoản liên kết truy_cap.tai_khoan_dang_nhap đúng bản/bộ và vai trò; điều kiện loại nguồn trong ràng buộc.,"Đúng bộ/bản, không xóa dây chuyền nguồn đã dùng; kiểm loại đích theo source-contracts.csv"
truy_cap.phien_dang_nhap,ma_tai_khoan_thuc_hien,truy_cap.tai_khoan_dang_nhap,ma_dinh_danh,Mã tài khoản thực hiện liên kết truy_cap.tai_khoan_dang_nhap đúng bản/bộ và vai trò; điều kiện loại nguồn trong ràng buộc.,"Đúng bộ/bản, không xóa dây chuyền nguồn đã dùng; kiểm loại đích theo source-contracts.csv"
tai_chinh.nguon_cua_ban_chot_gia_thanh,ma_dinh_danh,dung_chung.dong_chung_tu,ma_dinh_danh,Mã định danh liên kết dung_chung.dong_chung_tu đúng bản/bộ và vai trò; điều kiện loại nguồn trong ràng buộc.,"Đúng bộ/bản, không xóa dây chuyền nguồn đã dùng; kiểm loại đích theo source-contracts.csv"
tai_chinh.nguon_cua_ban_chot_gia_thanh,ma_bo_du_lieu,dung_chung.bo_du_lieu_mo_phong,ma_dinh_danh,Mã bộ dữ liệu liên kết dung_chung.bo_du_lieu_mo_phong đúng bản/bộ và vai trò; điều kiện loại nguồn trong ràng buộc.,"Đúng bộ/bản, không xóa dây chuyền nguồn đã dùng; kiểm loại đích theo source-contracts.csv"
tai_chinh.nguon_cua_ban_chot_gia_thanh,ma_chung_tu_ban_chot_gia_thanh,dung_chung.chung_tu,ma_dinh_danh,Mã chứng từ bản chốt giá thành liên kết dung_chung.chung_tu đúng bản/bộ và vai trò; điều kiện loại nguồn trong ràng buộc.,"Đúng bộ/bản, không xóa dây chuyền nguồn đã dùng; kiểm loại đích theo source-contracts.csv"
tai_chinh.nguon_cua_ban_chot_gia_thanh,ma_dong_phan_bo_chi_phi,tai_chinh.phan_bo_chi_phi,ma_dinh_danh,Mã dòng phân bổ chi phí liên kết tai_chinh.phan_bo_chi_phi đúng bản/bộ và vai trò; điều kiện loại nguồn trong ràng buộc.,"Đúng bộ/bản, không xóa dây chuyền nguồn đã dùng; kiểm loại đích theo source-contracts.csv"
truy_cap.dinh_danh_nguoi,ma_tai_khoan_thuc_hien,truy_cap.tai_khoan_dang_nhap,ma_dinh_danh,Mã tài khoản thực hiện liên kết truy_cap.tai_khoan_dang_nhap đúng bản/bộ và vai trò; điều kiện loại nguồn trong ràng buộc.,"Đúng bộ/bản, không xóa dây chuyền nguồn đã dùng; kiểm loại đích theo source-contracts.csv"
