tep_kiem,duong_dan_truong_cu,so_lan_xuat_hien,phan_loai,can_cu_va_xu_ly,duoc_nap_truc_tiep,ly_do_chan
baseline.json,aliases[].aliases[],8,Dữ kiện giả lập cần chứng từ nguồn,"Có thể dùng làm tình huống nhập thử có nhãn, nhưng chưa có chứng từ/quan sát của Nasaki. Phải ánh xạ đúng sổ gốc, người ghi, mốc và bản; thiếu thì chờ.",khong,Bộ giả lập chưa đủ chứng từ nguồn; tách thử nghiệm khỏi nghiệp vụ vận hành
baseline.json,aliases[].product_id,4,Dữ kiện giả lập cần chứng từ nguồn,"Có thể dùng làm tình huống nhập thử có nhãn, nhưng chưa có chứng từ/quan sát của Nasaki. Phải ánh xạ đúng sổ gốc, người ghi, mốc và bản; thiếu thì chờ.",khong,Bộ giả lập chưa đủ chứng từ nguồn; tách thử nghiệm khỏi nghiệp vụ vận hành
baseline.json,allocations[].allocation_id,6,Dữ kiện giả lập cần chứng từ nguồn,"Có thể dùng làm tình huống nhập thử có nhãn, nhưng chưa có chứng từ/quan sát của Nasaki. Phải ánh xạ đúng sổ gốc, người ghi, mốc và bản; thiếu thì chờ.",khong,Bộ giả lập chưa đủ chứng từ nguồn; tách thử nghiệm khỏi nghiệp vụ vận hành
baseline.json,allocations[].amount_vnd,6,Dữ kiện giả lập cần chứng từ nguồn,"Có thể dùng làm tình huống nhập thử có nhãn, nhưng chưa có chứng từ/quan sát của Nasaki. Phải ánh xạ đúng sổ gốc, người ghi, mốc và bản; thiếu thì chờ.",khong,Bộ giả lập chưa đủ chứng từ nguồn; tách thử nghiệm khỏi nghiệp vụ vận hành
baseline.json,allocations[].confirmed_by,6,Xác nhận giả định thiếu hồ sơ,"Mã người/trạng thái/chứng cứ giả lập chưa có hồ sơ đủ nội dung, bản, phạm vi và thời điểm. Không dùng để vượt bước xác nhận.",khong,Bộ giả lập chưa đủ chứng từ nguồn; tách thử nghiệm khỏi nghiệp vụ vận hành
baseline.json,allocations[].confirmed_date,6,Xác nhận giả định thiếu hồ sơ,"Mã người/trạng thái/chứng cứ giả lập chưa có hồ sơ đủ nội dung, bản, phạm vi và thời điểm. Không dùng để vượt bước xác nhận.",khong,Bộ giả lập chưa đủ chứng từ nguồn; tách thử nghiệm khỏi nghiệp vụ vận hành
baseline.json,allocations[].receipt_id,6,Dữ kiện giả lập cần chứng từ nguồn,"Có thể dùng làm tình huống nhập thử có nhãn, nhưng chưa có chứng từ/quan sát của Nasaki. Phải ánh xạ đúng sổ gốc, người ghi, mốc và bản; thiếu thì chờ.",khong,Bộ giả lập chưa đủ chứng từ nguồn; tách thử nghiệm khỏi nghiệp vụ vận hành
baseline.json,allocations[].sale_id,6,Dữ kiện giả lập cần chứng từ nguồn,"Có thể dùng làm tình huống nhập thử có nhãn, nhưng chưa có chứng từ/quan sát của Nasaki. Phải ánh xạ đúng sổ gốc, người ghi, mốc và bản; thiếu thì chờ.",khong,Bộ giả lập chưa đủ chứng từ nguồn; tách thử nghiệm khỏi nghiệp vụ vận hành
baseline.json,batches[].batch_id,9,Dữ kiện giả lập cần chứng từ nguồn,"Có thể dùng làm tình huống nhập thử có nhãn, nhưng chưa có chứng từ/quan sát của Nasaki. Phải ánh xạ đúng sổ gốc, người ghi, mốc và bản; thiếu thì chờ.",khong,Bộ giả lập chưa đủ chứng từ nguồn; tách thử nghiệm khỏi nghiệp vụ vận hành
baseline.json,batches[].bom_id,9,Dữ kiện giả lập cần chứng từ nguồn,"Có thể dùng làm tình huống nhập thử có nhãn, nhưng chưa có chứng từ/quan sát của Nasaki. Phải ánh xạ đúng sổ gốc, người ghi, mốc và bản; thiếu thì chờ.",khong,Bộ giả lập chưa đủ chứng từ nguồn; tách thử nghiệm khỏi nghiệp vụ vận hành
baseline.json,batches[].disposal_id,9,Dữ kiện giả lập cần chứng từ nguồn,"Có thể dùng làm tình huống nhập thử có nhãn, nhưng chưa có chứng từ/quan sát của Nasaki. Phải ánh xạ đúng sổ gốc, người ghi, mốc và bản; thiếu thì chờ.",khong,Bộ giả lập chưa đủ chứng từ nguồn; tách thử nghiệm khỏi nghiệp vụ vận hành
baseline.json,batches[].finish_date,9,Dữ kiện giả lập cần chứng từ nguồn,"Có thể dùng làm tình huống nhập thử có nhãn, nhưng chưa có chứng từ/quan sát của Nasaki. Phải ánh xạ đúng sổ gốc, người ghi, mốc và bản; thiếu thì chờ.",khong,Bộ giả lập chưa đủ chứng từ nguồn; tách thử nghiệm khỏi nghiệp vụ vận hành
baseline.json,batches[].good_qty,9,Bản sao kết luận kiểm tra,"Đọc từ hồ sơ QC liên kết, không nạp lại trên lô thành đầu vào thứ hai.",khong,Bộ giả lập chưa đủ chứng từ nguồn; tách thử nghiệm khỏi nghiệp vụ vận hành
baseline.json,batches[].hold_qty,9,Bản sao kết luận kiểm tra,"Đọc từ hồ sơ QC liên kết, không nạp lại trên lô thành đầu vào thứ hai.",khong,Bộ giả lập chưa đủ chứng từ nguồn; tách thử nghiệm khỏi nghiệp vụ vận hành
baseline.json,batches[].inspection_qty,9,Bản sao kết luận kiểm tra,"Đọc từ hồ sơ QC liên kết, không nạp lại trên lô thành đầu vào thứ hai.",khong,Bộ giả lập chưa đủ chứng từ nguồn; tách thử nghiệm khỏi nghiệp vụ vận hành
baseline.json,batches[].job_id,9,Dữ kiện giả lập cần chứng từ nguồn,"Có thể dùng làm tình huống nhập thử có nhãn, nhưng chưa có chứng từ/quan sát của Nasaki. Phải ánh xạ đúng sổ gốc, người ghi, mốc và bản; thiếu thì chờ.",khong,Bộ giả lập chưa đủ chứng từ nguồn; tách thử nghiệm khỏi nghiệp vụ vận hành
baseline.json,batches[].labor_cost_vnd,9,Kết quả tính kiểm tra,Tổng/đơn giá/số dư hoặc lượng đã dùng tính trước từ các dòng; không là nguồn độc lập.,khong,Bộ giả lập chưa đủ chứng từ nguồn; tách thử nghiệm khỏi nghiệp vụ vận hành
baseline.json,batches[].material_cost_vnd,9,Kết quả tính kiểm tra,Tổng/đơn giá/số dư hoặc lượng đã dùng tính trước từ các dòng; không là nguồn độc lập.,khong,Bộ giả lập chưa đủ chứng từ nguồn; tách thử nghiệm khỏi nghiệp vụ vận hành
baseline.json,batches[].overhead_cost_vnd,9,Kết quả tính kiểm tra,Tổng/đơn giá/số dư hoặc lượng đã dùng tính trước từ các dòng; không là nguồn độc lập.,khong,Bộ giả lập chưa đủ chứng từ nguồn; tách thử nghiệm khỏi nghiệp vụ vận hành
baseline.json,batches[].quality_id,9,Dữ kiện giả lập cần chứng từ nguồn,"Có thể dùng làm tình huống nhập thử có nhãn, nhưng chưa có chứng từ/quan sát của Nasaki. Phải ánh xạ đúng sổ gốc, người ghi, mốc và bản; thiếu thì chờ.",khong,Bộ giả lập chưa đủ chứng từ nguồn; tách thử nghiệm khỏi nghiệp vụ vận hành
baseline.json,batches[].reject_qty,9,Bản sao kết luận kiểm tra,"Đọc từ hồ sơ QC liên kết, không nạp lại trên lô thành đầu vào thứ hai.",khong,Bộ giả lập chưa đủ chứng từ nguồn; tách thử nghiệm khỏi nghiệp vụ vận hành
baseline.json,batches[].start_date,9,Dữ kiện giả lập cần chứng từ nguồn,"Có thể dùng làm tình huống nhập thử có nhãn, nhưng chưa có chứng từ/quan sát của Nasaki. Phải ánh xạ đúng sổ gốc, người ghi, mốc và bản; thiếu thì chờ.",khong,Bộ giả lập chưa đủ chứng từ nguồn; tách thử nghiệm khỏi nghiệp vụ vận hành
baseline.json,batches[].start_qty,9,Dữ kiện giả lập cần chứng từ nguồn,"Có thể dùng làm tình huống nhập thử có nhãn, nhưng chưa có chứng từ/quan sát của Nasaki. Phải ánh xạ đúng sổ gốc, người ghi, mốc và bản; thiếu thì chờ.",khong,Bộ giả lập chưa đủ chứng từ nguồn; tách thử nghiệm khỏi nghiệp vụ vận hành
baseline.json,batches[].total_cost_vnd,9,Kết quả tính kiểm tra,Tổng/đơn giá/số dư hoặc lượng đã dùng tính trước từ các dòng; không là nguồn độc lập.,khong,Bộ giả lập chưa đủ chứng từ nguồn; tách thử nghiệm khỏi nghiệp vụ vận hành
baseline.json,batches[].variant_id,9,Dữ kiện giả lập cần chứng từ nguồn,"Có thể dùng làm tình huống nhập thử có nhãn, nhưng chưa có chứng từ/quan sát của Nasaki. Phải ánh xạ đúng sổ gốc, người ghi, mốc và bản; thiếu thì chờ.",khong,Bộ giả lập chưa đủ chứng từ nguồn; tách thử nghiệm khỏi nghiệp vụ vận hành
baseline.json,bom[].bom_id,2,Tham số hoặc phương án đề xuất,"Khai báo mô phỏng, chưa được xác minh từ Nasaki; cần người khai báo, chứng từ và bản hiệu lực/duyệt trước áp dụng.",khong,Bộ giả lập chưa đủ chứng từ nguồn; tách thử nghiệm khỏi nghiệp vụ vận hành
baseline.json,bom[].inputs.CEM,2,Tham số hoặc phương án đề xuất,"Khai báo mô phỏng, chưa được xác minh từ Nasaki; cần người khai báo, chứng từ và bản hiệu lực/duyệt trước áp dụng.",khong,Bộ giả lập chưa đủ chứng từ nguồn; tách thử nghiệm khỏi nghiệp vụ vận hành
baseline.json,bom[].inputs.COAT,1,Tham số hoặc phương án đề xuất,"Khai báo mô phỏng, chưa được xác minh từ Nasaki; cần người khai báo, chứng từ và bản hiệu lực/duyệt trước áp dụng.",khong,Bộ giả lập chưa đủ chứng từ nguồn; tách thử nghiệm khỏi nghiệp vụ vận hành
baseline.json,bom[].inputs.PIGMENT,1,Tham số hoặc phương án đề xuất,"Khai báo mô phỏng, chưa được xác minh từ Nasaki; cần người khai báo, chứng từ và bản hiệu lực/duyệt trước áp dụng.",khong,Bộ giả lập chưa đủ chứng từ nguồn; tách thử nghiệm khỏi nghiệp vụ vận hành
baseline.json,bom[].inputs.SAND,2,Tham số hoặc phương án đề xuất,"Khai báo mô phỏng, chưa được xác minh từ Nasaki; cần người khai báo, chứng từ và bản hiệu lực/duyệt trước áp dụng.",khong,Bộ giả lập chưa đủ chứng từ nguồn; tách thử nghiệm khỏi nghiệp vụ vận hành
baseline.json,bom[].inputs.STONE,1,Tham số hoặc phương án đề xuất,"Khai báo mô phỏng, chưa được xác minh từ Nasaki; cần người khai báo, chứng từ và bản hiệu lực/duyệt trước áp dụng.",khong,Bộ giả lập chưa đủ chứng từ nguồn; tách thử nghiệm khỏi nghiệp vụ vận hành
baseline.json,bom[].inputs.WATER,2,Tham số hoặc phương án đề xuất,"Khai báo mô phỏng, chưa được xác minh từ Nasaki; cần người khai báo, chứng từ và bản hiệu lực/duyệt trước áp dụng.",khong,Bộ giả lập chưa đủ chứng từ nguồn; tách thử nghiệm khỏi nghiệp vụ vận hành
baseline.json,bom[].planned_good_rate,2,Tham số hoặc phương án đề xuất,Tỷ lệ dự kiến trong định mức giả lập; không được dùng sinh số đạt/lỗi thực.,khong,Bộ giả lập chưa đủ chứng từ nguồn; tách thử nghiệm khỏi nghiệp vụ vận hành
baseline.json,bom[].start_qty,2,Tham số hoặc phương án đề xuất,"Khai báo mô phỏng, chưa được xác minh từ Nasaki; cần người khai báo, chứng từ và bản hiệu lực/duyệt trước áp dụng.",khong,Bộ giả lập chưa đủ chứng từ nguồn; tách thử nghiệm khỏi nghiệp vụ vận hành
baseline.json,bom[].variant_id,2,Tham số hoặc phương án đề xuất,"Khai báo mô phỏng, chưa được xác minh từ Nasaki; cần người khai báo, chứng từ và bản hiệu lực/duyệt trước áp dụng.",khong,Bộ giả lập chưa đủ chứng từ nguồn; tách thử nghiệm khỏi nghiệp vụ vận hành
baseline.json,calendar.holidays,1,Tham số hoặc phương án đề xuất,"Khai báo mô phỏng, chưa được xác minh từ Nasaki; cần người khai báo, chứng từ và bản hiệu lực/duyệt trước áp dụng.",khong,Bộ giả lập chưa đủ chứng từ nguồn; tách thử nghiệm khỏi nghiệp vụ vận hành
baseline.json,calendar.scheduled_minutes,1,Tham số hoặc phương án đề xuất,"Khai báo mô phỏng, chưa được xác minh từ Nasaki; cần người khai báo, chứng từ và bản hiệu lực/duyệt trước áp dụng.",khong,Bộ giả lập chưa đủ chứng từ nguồn; tách thử nghiệm khỏi nghiệp vụ vận hành
baseline.json,calendar.shift_id,1,Tham số hoặc phương án đề xuất,"Khai báo mô phỏng, chưa được xác minh từ Nasaki; cần người khai báo, chứng từ và bản hiệu lực/duyệt trước áp dụng.",khong,Bộ giả lập chưa đủ chứng từ nguồn; tách thử nghiệm khỏi nghiệp vụ vận hành
baseline.json,calendar.working_dates[],26,Tham số hoặc phương án đề xuất,"Khai báo mô phỏng, chưa được xác minh từ Nasaki; cần người khai báo, chứng từ và bản hiệu lực/duyệt trước áp dụng.",khong,Bộ giả lập chưa đủ chứng từ nguồn; tách thử nghiệm khỏi nghiệp vụ vận hành
baseline.json,calendar.working_intervals[][],4,Tham số hoặc phương án đề xuất,"Khai báo mô phỏng, chưa được xác minh từ Nasaki; cần người khai báo, chứng từ và bản hiệu lực/duyệt trước áp dụng.",khong,Bộ giả lập chưa đủ chứng từ nguồn; tách thử nghiệm khỏi nghiệp vụ vận hành
baseline.json,calendar.working_minutes_per_day,1,Tham số hoặc phương án đề xuất,"Khai báo mô phỏng, chưa được xác minh từ Nasaki; cần người khai báo, chứng từ và bản hiệu lực/duyệt trước áp dụng.",khong,Bộ giả lập chưa đủ chứng từ nguồn; tách thử nghiệm khỏi nghiệp vụ vận hành
baseline.json,cash_disbursements[].amount_vnd,4,Dữ kiện giả lập cần chứng từ nguồn,"Có thể dùng làm tình huống nhập thử có nhãn, nhưng chưa có chứng từ/quan sát của Nasaki. Phải ánh xạ đúng sổ gốc, người ghi, mốc và bản; thiếu thì chờ.",khong,Bộ giả lập chưa đủ chứng từ nguồn; tách thử nghiệm khỏi nghiệp vụ vận hành
baseline.json,cash_disbursements[].approved_by,4,Xác nhận giả định thiếu hồ sơ,"Chỉ mã người duyệt giả lập, thiếu hồ sơ quyết định đầy đủ theo bản/phạm vi/mốc/căn cứ. Không tự cấp hiệu lực.",khong,Bộ giả lập chưa đủ chứng từ nguồn; tách thử nghiệm khỏi nghiệp vụ vận hành
baseline.json,cash_disbursements[].confirmed_by,4,Xác nhận giả định thiếu hồ sơ,"Mã người/trạng thái/chứng cứ giả lập chưa có hồ sơ đủ nội dung, bản, phạm vi và thời điểm. Không dùng để vượt bước xác nhận.",khong,Bộ giả lập chưa đủ chứng từ nguồn; tách thử nghiệm khỏi nghiệp vụ vận hành
baseline.json,cash_disbursements[].date,4,Dữ kiện giả lập cần chứng từ nguồn,"Có thể dùng làm tình huống nhập thử có nhãn, nhưng chưa có chứng từ/quan sát của Nasaki. Phải ánh xạ đúng sổ gốc, người ghi, mốc và bản; thiếu thì chờ.",khong,Bộ giả lập chưa đủ chứng từ nguồn; tách thử nghiệm khỏi nghiệp vụ vận hành
baseline.json,cash_disbursements[].kind,4,Dữ kiện giả lập cần chứng từ nguồn,"Có thể dùng làm tình huống nhập thử có nhãn, nhưng chưa có chứng từ/quan sát của Nasaki. Phải ánh xạ đúng sổ gốc, người ghi, mốc và bản; thiếu thì chờ.",khong,Bộ giả lập chưa đủ chứng từ nguồn; tách thử nghiệm khỏi nghiệp vụ vận hành
baseline.json,cash_disbursements[].payment_id,4,Dữ kiện giả lập cần chứng từ nguồn,"Có thể dùng làm tình huống nhập thử có nhãn, nhưng chưa có chứng từ/quan sát của Nasaki. Phải ánh xạ đúng sổ gốc, người ghi, mốc và bản; thiếu thì chờ.",khong,Bộ giả lập chưa đủ chứng từ nguồn; tách thử nghiệm khỏi nghiệp vụ vận hành
baseline.json,cash_disbursements[].prepared_by,4,Dữ kiện giả lập cần chứng từ nguồn,"Có thể dùng làm tình huống nhập thử có nhãn, nhưng chưa có chứng từ/quan sát của Nasaki. Phải ánh xạ đúng sổ gốc, người ghi, mốc và bản; thiếu thì chờ.",khong,Bộ giả lập chưa đủ chứng từ nguồn; tách thử nghiệm khỏi nghiệp vụ vận hành
baseline.json,cash_disbursements[].source_id,4,Dữ kiện giả lập cần chứng từ nguồn,"Có thể dùng làm tình huống nhập thử có nhãn, nhưng chưa có chứng từ/quan sát của Nasaki. Phải ánh xạ đúng sổ gốc, người ghi, mốc và bản; thiếu thì chờ.",khong,Bộ giả lập chưa đủ chứng từ nguồn; tách thử nghiệm khỏi nghiệp vụ vận hành
baseline.json,company.id,1,Dữ kiện giả lập cần chứng từ nguồn,"Có thể dùng làm tình huống nhập thử có nhãn, nhưng chưa có chứng từ/quan sát của Nasaki. Phải ánh xạ đúng sổ gốc, người ghi, mốc và bản; thiếu thì chờ.",khong,Bộ giả lập chưa đủ chứng từ nguồn; tách thử nghiệm khỏi nghiệp vụ vận hành
baseline.json,company.locations[],4,Dữ kiện giả lập cần chứng từ nguồn,"Có thể dùng làm tình huống nhập thử có nhãn, nhưng chưa có chứng từ/quan sát của Nasaki. Phải ánh xạ đúng sổ gốc, người ghi, mốc và bản; thiếu thì chờ.",khong,Bộ giả lập chưa đủ chứng từ nguồn; tách thử nghiệm khỏi nghiệp vụ vận hành
baseline.json,company.name,1,Dữ kiện giả lập cần chứng từ nguồn,"Có thể dùng làm tình huống nhập thử có nhãn, nhưng chưa có chứng từ/quan sát của Nasaki. Phải ánh xạ đúng sổ gốc, người ghi, mốc và bản; thiếu thì chờ.",khong,Bộ giả lập chưa đủ chứng từ nguồn; tách thử nghiệm khỏi nghiệp vụ vận hành
baseline.json,company.warehouse_id,1,Dữ kiện giả lập cần chứng từ nguồn,"Có thể dùng làm tình huống nhập thử có nhãn, nhưng chưa có chứng từ/quan sát của Nasaki. Phải ánh xạ đúng sổ gốc, người ghi, mốc và bản; thiếu thì chờ.",khong,Bộ giả lập chưa đủ chứng từ nguồn; tách thử nghiệm khỏi nghiệp vụ vận hành
baseline.json,company.workshop_id,1,Dữ kiện giả lập cần chứng từ nguồn,"Có thể dùng làm tình huống nhập thử có nhãn, nhưng chưa có chứng từ/quan sát của Nasaki. Phải ánh xạ đúng sổ gốc, người ghi, mốc và bản; thiếu thì chờ.",khong,Bộ giả lập chưa đủ chứng từ nguồn; tách thử nghiệm khỏi nghiệp vụ vận hành
baseline.json,disposals[].approved_by,9,Xác nhận giả định thiếu hồ sơ,"Chỉ mã người duyệt giả lập, thiếu hồ sơ quyết định đầy đủ theo bản/phạm vi/mốc/căn cứ. Không tự cấp hiệu lực.",khong,Bộ giả lập chưa đủ chứng từ nguồn; tách thử nghiệm khỏi nghiệp vụ vận hành
baseline.json,disposals[].batch_id,9,Dữ kiện giả lập cần chứng từ nguồn,"Có thể dùng làm tình huống nhập thử có nhãn, nhưng chưa có chứng từ/quan sát của Nasaki. Phải ánh xạ đúng sổ gốc, người ghi, mốc và bản; thiếu thì chờ.",khong,Bộ giả lập chưa đủ chứng từ nguồn; tách thử nghiệm khỏi nghiệp vụ vận hành
baseline.json,disposals[].checked_by,9,Xác nhận giả định thiếu hồ sơ,"Mã người/trạng thái/chứng cứ giả lập chưa có hồ sơ đủ nội dung, bản, phạm vi và thời điểm. Không dùng để vượt bước xác nhận.",khong,Bộ giả lập chưa đủ chứng từ nguồn; tách thử nghiệm khỏi nghiệp vụ vận hành
baseline.json,disposals[].cost_treatment,9,Dữ kiện giả lập cần chứng từ nguồn,"Có thể dùng làm tình huống nhập thử có nhãn, nhưng chưa có chứng từ/quan sát của Nasaki. Phải ánh xạ đúng sổ gốc, người ghi, mốc và bản; thiếu thì chờ.",khong,Bộ giả lập chưa đủ chứng từ nguồn; tách thử nghiệm khỏi nghiệp vụ vận hành
baseline.json,disposals[].disposal_id,9,Dữ kiện giả lập cần chứng từ nguồn,"Có thể dùng làm tình huống nhập thử có nhãn, nhưng chưa có chứng từ/quan sát của Nasaki. Phải ánh xạ đúng sổ gốc, người ghi, mốc và bản; thiếu thì chờ.",khong,Bộ giả lập chưa đủ chứng từ nguồn; tách thử nghiệm khỏi nghiệp vụ vận hành
baseline.json,disposals[].executed_by,9,Dữ kiện giả lập cần chứng từ nguồn,"Có thể dùng làm tình huống nhập thử có nhãn, nhưng chưa có chứng từ/quan sát của Nasaki. Phải ánh xạ đúng sổ gốc, người ghi, mốc và bản; thiếu thì chờ.",khong,Bộ giả lập chưa đủ chứng từ nguồn; tách thử nghiệm khỏi nghiệp vụ vận hành
baseline.json,disposals[].executed_date,9,Dữ kiện giả lập cần chứng từ nguồn,"Có thể dùng làm tình huống nhập thử có nhãn, nhưng chưa có chứng từ/quan sát của Nasaki. Phải ánh xạ đúng sổ gốc, người ghi, mốc và bản; thiếu thì chờ.",khong,Bộ giả lập chưa đủ chứng từ nguồn; tách thử nghiệm khỏi nghiệp vụ vận hành
baseline.json,disposals[].place,9,Dữ kiện giả lập cần chứng từ nguồn,"Có thể dùng làm tình huống nhập thử có nhãn, nhưng chưa có chứng từ/quan sát của Nasaki. Phải ánh xạ đúng sổ gốc, người ghi, mốc và bản; thiếu thì chờ.",khong,Bộ giả lập chưa đủ chứng từ nguồn; tách thử nghiệm khỏi nghiệp vụ vận hành
baseline.json,disposals[].prepared_by,9,Dữ kiện giả lập cần chứng từ nguồn,"Có thể dùng làm tình huống nhập thử có nhãn, nhưng chưa có chứng từ/quan sát của Nasaki. Phải ánh xạ đúng sổ gốc, người ghi, mốc và bản; thiếu thì chờ.",khong,Bộ giả lập chưa đủ chứng từ nguồn; tách thử nghiệm khỏi nghiệp vụ vận hành
baseline.json,disposals[].qty,9,Dữ kiện giả lập cần chứng từ nguồn,"Có thể dùng làm tình huống nhập thử có nhãn, nhưng chưa có chứng từ/quan sát của Nasaki. Phải ánh xạ đúng sổ gốc, người ghi, mốc và bản; thiếu thì chờ.",khong,Bộ giả lập chưa đủ chứng từ nguồn; tách thử nghiệm khỏi nghiệp vụ vận hành
baseline.json,disposals[].recoverable_value_vnd,9,Dữ kiện giả lập cần chứng từ nguồn,"Có thể dùng làm tình huống nhập thử có nhãn, nhưng chưa có chứng từ/quan sát của Nasaki. Phải ánh xạ đúng sổ gốc, người ghi, mốc và bản; thiếu thì chờ.",khong,Bộ giả lập chưa đủ chứng từ nguồn; tách thử nghiệm khỏi nghiệp vụ vận hành
baseline.json,disposals[].status,9,Xác nhận giả định thiếu hồ sơ,"Mã người/trạng thái/chứng cứ giả lập chưa có hồ sơ đủ nội dung, bản, phạm vi và thời điểm. Không dùng để vượt bước xác nhận.",khong,Bộ giả lập chưa đủ chứng từ nguồn; tách thử nghiệm khỏi nghiệp vụ vận hành
baseline.json,expected.bank_end_vnd,1,Kết quả mong đợi kiểm tra,Cấm dùng nạp nguồn hoặc báo cáo; bộ kiểm tự tính lại rồi đối chiếu.,khong,Bộ giả lập chưa đủ chứng từ nguồn; tách thử nghiệm khỏi nghiệp vụ vận hành
baseline.json,expected.cement_available_qty,1,Kết quả mong đợi kiểm tra,Cấm dùng nạp nguồn hoặc báo cáo; bộ kiểm tự tính lại rồi đối chiếu.,khong,Bộ giả lập chưa đủ chứng từ nguồn; tách thử nghiệm khỏi nghiệp vụ vận hành
baseline.json,expected.cement_end_qty,1,Kết quả mong đợi kiểm tra,Cấm dùng nạp nguồn hoặc báo cáo; bộ kiểm tự tính lại rồi đối chiếu.,khong,Bộ giả lập chưa đủ chứng từ nguồn; tách thử nghiệm khỏi nghiệp vụ vận hành
baseline.json,expected.cement_reserved_qty,1,Kết quả mong đợi kiểm tra,Cấm dùng nạp nguồn hoặc báo cáo; bộ kiểm tự tính lại rồi đối chiếu.,khong,Bộ giả lập chưa đủ chứng từ nguồn; tách thử nghiệm khỏi nghiệp vụ vận hành
baseline.json,expected.customer_receivable_vnd,1,Kết quả mong đợi kiểm tra,Cấm dùng nạp nguồn hoặc báo cáo; bộ kiểm tự tính lại rồi đối chiếu.,khong,Bộ giả lập chưa đủ chứng từ nguồn; tách thử nghiệm khỏi nghiệp vụ vận hành
baseline.json,expected.customer_unallocated_receipts_vnd,1,Kết quả mong đợi kiểm tra,Cấm dùng nạp nguồn hoặc báo cáo; bộ kiểm tự tính lại rồi đối chiếu.,khong,Bộ giả lập chưa đủ chứng từ nguồn; tách thử nghiệm khỏi nghiệp vụ vận hành
baseline.json,expected.direct_labor_cost_vnd,1,Kết quả mong đợi kiểm tra,Cấm dùng nạp nguồn hoặc báo cáo; bộ kiểm tự tính lại rồi đối chiếu.,khong,Bộ giả lập chưa đủ chứng từ nguồn; tách thử nghiệm khỏi nghiệp vụ vận hành
baseline.json,expected.overhead_unpaid_vnd,1,Kết quả mong đợi kiểm tra,Cấm dùng nạp nguồn hoặc báo cáo; bộ kiểm tự tính lại rồi đối chiếu.,khong,Bộ giả lập chưa đủ chứng từ nguồn; tách thử nghiệm khỏi nghiệp vụ vận hành
baseline.json,expected.remaining_income_before_mandatory_deductions_vnd,1,Kết quả mong đợi kiểm tra,Cấm dùng nạp nguồn hoặc báo cáo; bộ kiểm tự tính lại rồi đối chiếu.,khong,Bộ giả lập chưa đủ chứng từ nguồn; tách thử nghiệm khỏi nghiệp vụ vận hành
baseline.json,expected.seven_workers_other_cost_vnd,1,Kết quả mong đợi kiểm tra,Cấm dùng nạp nguồn hoặc báo cáo; bộ kiểm tự tính lại rồi đối chiếu.,khong,Bộ giả lập chưa đủ chứng từ nguồn; tách thử nghiệm khỏi nghiệp vụ vận hành
baseline.json,expected.seven_workers_salary_pool_vnd,1,Kết quả mong đợi kiểm tra,Cấm dùng nạp nguồn hoặc báo cáo; bộ kiểm tự tính lại rồi đối chiếu.,khong,Bộ giả lập chưa đủ chứng từ nguồn; tách thử nghiệm khỏi nghiệp vụ vận hành
baseline.json,expected.supplier_payable_vnd,1,Kết quả mong đợi kiểm tra,Cấm dùng nạp nguồn hoặc báo cáo; bộ kiểm tự tính lại rồi đối chiếu.,khong,Bộ giả lập chưa đủ chứng từ nguồn; tách thử nghiệm khỏi nghiệp vụ vận hành
baseline.json,expected.terrazzo_cogs_vnd,1,Kết quả mong đợi kiểm tra,Cấm dùng nạp nguồn hoặc báo cáo; bộ kiểm tự tính lại rồi đối chiếu.,khong,Bộ giả lập chưa đủ chứng từ nguồn; tách thử nghiệm khỏi nghiệp vụ vận hành
baseline.json,expected.terrazzo_good_end_qty,1,Kết quả mong đợi kiểm tra,Cấm dùng nạp nguồn hoặc báo cáo; bộ kiểm tự tính lại rồi đối chiếu.,khong,Bộ giả lập chưa đủ chứng từ nguồn; tách thử nghiệm khỏi nghiệp vụ vận hành
baseline.json,expected.terrazzo_gross_margin_vnd,1,Kết quả mong đợi kiểm tra,Cấm dùng nạp nguồn hoặc báo cáo; bộ kiểm tự tính lại rồi đối chiếu.,khong,Bộ giả lập chưa đủ chứng từ nguồn; tách thử nghiệm khỏi nghiệp vụ vận hành
baseline.json,expected.terrazzo_inventory_value_vnd,1,Kết quả mong đợi kiểm tra,Cấm dùng nạp nguồn hoặc báo cáo; bộ kiểm tự tính lại rồi đối chiếu.,khong,Bộ giả lập chưa đủ chứng từ nguồn; tách thử nghiệm khỏi nghiệp vụ vận hành
baseline.json,expected.terrazzo_labor_minutes,1,Kết quả mong đợi kiểm tra,Cấm dùng nạp nguồn hoặc báo cáo; bộ kiểm tự tính lại rồi đối chiếu.,khong,Bộ giả lập chưa đủ chứng từ nguồn; tách thử nghiệm khỏi nghiệp vụ vận hành
baseline.json,expected.terrazzo_revenue_vnd,1,Kết quả mong đợi kiểm tra,Cấm dùng nạp nguồn hoặc báo cáo; bộ kiểm tự tính lại rồi đối chiếu.,khong,Bộ giả lập chưa đủ chứng từ nguồn; tách thử nghiệm khỏi nghiệp vụ vận hành
baseline.json,expected.tile_cogs_vnd,1,Kết quả mong đợi kiểm tra,Cấm dùng nạp nguồn hoặc báo cáo; bộ kiểm tự tính lại rồi đối chiếu.,khong,Bộ giả lập chưa đủ chứng từ nguồn; tách thử nghiệm khỏi nghiệp vụ vận hành
baseline.json,expected.tile_good_end_qty,1,Kết quả mong đợi kiểm tra,Cấm dùng nạp nguồn hoặc báo cáo; bộ kiểm tự tính lại rồi đối chiếu.,khong,Bộ giả lập chưa đủ chứng từ nguồn; tách thử nghiệm khỏi nghiệp vụ vận hành
baseline.json,expected.tile_gross_margin_vnd,1,Kết quả mong đợi kiểm tra,Cấm dùng nạp nguồn hoặc báo cáo; bộ kiểm tự tính lại rồi đối chiếu.,khong,Bộ giả lập chưa đủ chứng từ nguồn; tách thử nghiệm khỏi nghiệp vụ vận hành
baseline.json,expected.tile_inventory_value_vnd,1,Kết quả mong đợi kiểm tra,Cấm dùng nạp nguồn hoặc báo cáo; bộ kiểm tự tính lại rồi đối chiếu.,khong,Bộ giả lập chưa đủ chứng từ nguồn; tách thử nghiệm khỏi nghiệp vụ vận hành
baseline.json,expected.tile_labor_minutes,1,Kết quả mong đợi kiểm tra,Cấm dùng nạp nguồn hoặc báo cáo; bộ kiểm tự tính lại rồi đối chiếu.,khong,Bộ giả lập chưa đủ chứng từ nguồn; tách thử nghiệm khỏi nghiệp vụ vận hành
baseline.json,expected.tile_revenue_vnd,1,Kết quả mong đợi kiểm tra,Cấm dùng nạp nguồn hoặc báo cáo; bộ kiểm tự tính lại rồi đối chiếu.,khong,Bộ giả lập chưa đủ chứng từ nguồn; tách thử nghiệm khỏi nghiệp vụ vận hành
baseline.json,expected.total_income_before_mandatory_deductions_vnd,1,Kết quả mong đợi kiểm tra,Cấm dùng nạp nguồn hoặc báo cáo; bộ kiểm tự tính lại rồi đối chiếu.,khong,Bộ giả lập chưa đủ chứng từ nguồn; tách thử nghiệm khỏi nghiệp vụ vận hành
baseline.json,jobs[].approval_date,2,Xác nhận giả định thiếu hồ sơ,"Mã người/trạng thái/chứng cứ giả lập chưa có hồ sơ đủ nội dung, bản, phạm vi và thời điểm. Không dùng để vượt bước xác nhận.",khong,Bộ giả lập chưa đủ chứng từ nguồn; tách thử nghiệm khỏi nghiệp vụ vận hành
baseline.json,jobs[].approved_by,2,Xác nhận giả định thiếu hồ sơ,"Chỉ mã người duyệt giả lập, thiếu hồ sơ quyết định đầy đủ theo bản/phạm vi/mốc/căn cứ. Không tự cấp hiệu lực.",khong,Bộ giả lập chưa đủ chứng từ nguồn; tách thử nghiệm khỏi nghiệp vụ vận hành
baseline.json,jobs[].customer_order_id,2,Dữ kiện giả lập cần chứng từ nguồn,"Có thể dùng làm tình huống nhập thử có nhãn, nhưng chưa có chứng từ/quan sát của Nasaki. Phải ánh xạ đúng sổ gốc, người ghi, mốc và bản; thiếu thì chờ.",khong,Bộ giả lập chưa đủ chứng từ nguồn; tách thử nghiệm khỏi nghiệp vụ vận hành
baseline.json,jobs[].job_id,2,Dữ kiện giả lập cần chứng từ nguồn,"Có thể dùng làm tình huống nhập thử có nhãn, nhưng chưa có chứng từ/quan sát của Nasaki. Phải ánh xạ đúng sổ gốc, người ghi, mốc và bản; thiếu thì chờ.",khong,Bộ giả lập chưa đủ chứng từ nguồn; tách thử nghiệm khỏi nghiệp vụ vận hành
baseline.json,jobs[].mode,2,Dữ kiện giả lập cần chứng từ nguồn,"Có thể dùng làm tình huống nhập thử có nhãn, nhưng chưa có chứng từ/quan sát của Nasaki. Phải ánh xạ đúng sổ gốc, người ghi, mốc và bản; thiếu thì chờ.",khong,Bộ giả lập chưa đủ chứng từ nguồn; tách thử nghiệm khỏi nghiệp vụ vận hành
baseline.json,jobs[].owner_id,2,Dữ kiện giả lập cần chứng từ nguồn,"Có thể dùng làm tình huống nhập thử có nhãn, nhưng chưa có chứng từ/quan sát của Nasaki. Phải ánh xạ đúng sổ gốc, người ghi, mốc và bản; thiếu thì chờ.",khong,Bộ giả lập chưa đủ chứng từ nguồn; tách thử nghiệm khỏi nghiệp vụ vận hành
baseline.json,jobs[].prepared_by,2,Dữ kiện giả lập cần chứng từ nguồn,"Có thể dùng làm tình huống nhập thử có nhãn, nhưng chưa có chứng từ/quan sát của Nasaki. Phải ánh xạ đúng sổ gốc, người ghi, mốc và bản; thiếu thì chờ.",khong,Bộ giả lập chưa đủ chứng từ nguồn; tách thử nghiệm khỏi nghiệp vụ vận hành
baseline.json,jobs[].required_good_qty,2,Dữ kiện giả lập cần chứng từ nguồn,"Có thể dùng làm tình huống nhập thử có nhãn, nhưng chưa có chứng từ/quan sát của Nasaki. Phải ánh xạ đúng sổ gốc, người ghi, mốc và bản; thiếu thì chờ.",khong,Bộ giả lập chưa đủ chứng từ nguồn; tách thử nghiệm khỏi nghiệp vụ vận hành
baseline.json,jobs[].start_qty,2,Dữ kiện giả lập cần chứng từ nguồn,"Có thể dùng làm tình huống nhập thử có nhãn, nhưng chưa có chứng từ/quan sát của Nasaki. Phải ánh xạ đúng sổ gốc, người ghi, mốc và bản; thiếu thì chờ.",khong,Bộ giả lập chưa đủ chứng từ nguồn; tách thử nghiệm khỏi nghiệp vụ vận hành
baseline.json,jobs[].status,2,Xác nhận giả định thiếu hồ sơ,"Mã người/trạng thái/chứng cứ giả lập chưa có hồ sơ đủ nội dung, bản, phạm vi và thời điểm. Không dùng để vượt bước xác nhận.",khong,Bộ giả lập chưa đủ chứng từ nguồn; tách thử nghiệm khỏi nghiệp vụ vận hành
baseline.json,labor_other_allocation.category,1,Kết quả tính kiểm tra,"Khoản phân bổ/thu nhập/đã trả/còn trả tính sẵn; cần công xác nhận, hồ sơ/chính sách và khoản tiền thực. Không là đầu vào khởi tạo.",khong,Bộ giả lập chưa đủ chứng từ nguồn; tách thử nghiệm khỏi nghiệp vụ vận hành
baseline.json,labor_other_allocation.confirmed_by,1,Kết quả tính kiểm tra,"Khoản phân bổ/thu nhập/đã trả/còn trả tính sẵn; cần công xác nhận, hồ sơ/chính sách và khoản tiền thực. Không là đầu vào khởi tạo.",khong,Bộ giả lập chưa đủ chứng từ nguồn; tách thử nghiệm khỏi nghiệp vụ vận hành
baseline.json,labor_other_allocation.not_reallocated_to_main_jobs,1,Kết quả tính kiểm tra,"Khoản phân bổ/thu nhập/đã trả/còn trả tính sẵn; cần công xác nhận, hồ sơ/chính sách và khoản tiền thực. Không là đầu vào khởi tạo.",khong,Bộ giả lập chưa đủ chứng từ nguồn; tách thử nghiệm khỏi nghiệp vụ vận hành
baseline.json,labor_other_allocation.seven_worker_cost_vnd,1,Kết quả tính kiểm tra,"Khoản phân bổ/thu nhập/đã trả/còn trả tính sẵn; cần công xác nhận, hồ sơ/chính sách và khoản tiền thực. Không là đầu vào khởi tạo.",khong,Bộ giả lập chưa đủ chứng từ nguồn; tách thử nghiệm khỏi nghiệp vụ vận hành
baseline.json,labor_other_allocation.seven_worker_minutes,1,Kết quả tính kiểm tra,"Khoản phân bổ/thu nhập/đã trả/còn trả tính sẵn; cần công xác nhận, hồ sơ/chính sách và khoản tiền thực. Không là đầu vào khởi tạo.",khong,Bộ giả lập chưa đủ chứng từ nguồn; tách thử nghiệm khỏi nghiệp vụ vận hành
baseline.json,labor_other_allocation.source,1,Kết quả tính kiểm tra,"Khoản phân bổ/thu nhập/đã trả/còn trả tính sẵn; cần công xác nhận, hồ sơ/chính sách và khoản tiền thực. Không là đầu vào khởi tạo.",khong,Bộ giả lập chưa đủ chứng từ nguồn; tách thử nghiệm khỏi nghiệp vụ vận hành
baseline.json,leave_requests[].approved_by,2,Xác nhận giả định thiếu hồ sơ,"Chỉ mã người duyệt giả lập, thiếu hồ sơ quyết định đầy đủ theo bản/phạm vi/mốc/căn cứ. Không tự cấp hiệu lực.",khong,Bộ giả lập chưa đủ chứng từ nguồn; tách thử nghiệm khỏi nghiệp vụ vận hành
baseline.json,leave_requests[].checked_by,2,Xác nhận giả định thiếu hồ sơ,"Mã người/trạng thái/chứng cứ giả lập chưa có hồ sơ đủ nội dung, bản, phạm vi và thời điểm. Không dùng để vượt bước xác nhận.",khong,Bộ giả lập chưa đủ chứng từ nguồn; tách thử nghiệm khỏi nghiệp vụ vận hành
baseline.json,leave_requests[].date,2,Dữ kiện giả lập cần chứng từ nguồn,"Có thể dùng làm tình huống nhập thử có nhãn, nhưng chưa có chứng từ/quan sát của Nasaki. Phải ánh xạ đúng sổ gốc, người ghi, mốc và bản; thiếu thì chờ.",khong,Bộ giả lập chưa đủ chứng từ nguồn; tách thử nghiệm khỏi nghiệp vụ vận hành
baseline.json,leave_requests[].employee_id,2,Dữ kiện giả lập cần chứng từ nguồn,"Có thể dùng làm tình huống nhập thử có nhãn, nhưng chưa có chứng từ/quan sát của Nasaki. Phải ánh xạ đúng sổ gốc, người ghi, mốc và bản; thiếu thì chờ.",khong,Bộ giả lập chưa đủ chứng từ nguồn; tách thử nghiệm khỏi nghiệp vụ vận hành
baseline.json,leave_requests[].kind,2,Dữ kiện giả lập cần chứng từ nguồn,"Có thể dùng làm tình huống nhập thử có nhãn, nhưng chưa có chứng từ/quan sát của Nasaki. Phải ánh xạ đúng sổ gốc, người ghi, mốc và bản; thiếu thì chờ.",khong,Bộ giả lập chưa đủ chứng từ nguồn; tách thử nghiệm khỏi nghiệp vụ vận hành
baseline.json,leave_requests[].minutes,2,Kết quả tính kiểm tra,Số phút chênh hai mốc hoặc phép tính lịch; không nhập cùng mốc thành nguồn độc lập.,khong,Bộ giả lập chưa đủ chứng từ nguồn; tách thử nghiệm khỏi nghiệp vụ vận hành
baseline.json,leave_requests[].prepared_by,2,Dữ kiện giả lập cần chứng từ nguồn,"Có thể dùng làm tình huống nhập thử có nhãn, nhưng chưa có chứng từ/quan sát của Nasaki. Phải ánh xạ đúng sổ gốc, người ghi, mốc và bản; thiếu thì chờ.",khong,Bộ giả lập chưa đủ chứng từ nguồn; tách thử nghiệm khỏi nghiệp vụ vận hành
baseline.json,leave_requests[].remaining_reserved_minutes,1,Kết quả tính kiểm tra,Tổng/đơn giá/số dư hoặc lượng đã dùng tính trước từ các dòng; không là nguồn độc lập.,khong,Bộ giả lập chưa đủ chứng từ nguồn; tách thử nghiệm khỏi nghiệp vụ vận hành
baseline.json,leave_requests[].request_id,2,Dữ kiện giả lập cần chứng từ nguồn,"Có thể dùng làm tình huống nhập thử có nhãn, nhưng chưa có chứng từ/quan sát của Nasaki. Phải ánh xạ đúng sổ gốc, người ghi, mốc và bản; thiếu thì chờ.",khong,Bộ giả lập chưa đủ chứng từ nguồn; tách thử nghiệm khỏi nghiệp vụ vận hành
baseline.json,leave_requests[].requested_by,2,Dữ kiện giả lập cần chứng từ nguồn,"Có thể dùng làm tình huống nhập thử có nhãn, nhưng chưa có chứng từ/quan sát của Nasaki. Phải ánh xạ đúng sổ gốc, người ghi, mốc và bản; thiếu thì chờ.",khong,Bộ giả lập chưa đủ chứng từ nguồn; tách thử nghiệm khỏi nghiệp vụ vận hành
baseline.json,leave_requests[].used_annual_leave_minutes,1,Dữ kiện giả lập cần chứng từ nguồn,"Có thể dùng làm tình huống nhập thử có nhãn, nhưng chưa có chứng từ/quan sát của Nasaki. Phải ánh xạ đúng sổ gốc, người ghi, mốc và bản; thiếu thì chờ.",khong,Bộ giả lập chưa đủ chứng từ nguồn; tách thử nghiệm khỏi nghiệp vụ vận hành
baseline.json,leave_requests[].used_minutes,1,Kết quả tính kiểm tra,Tổng/đơn giá/số dư hoặc lượng đã dùng tính trước từ các dòng; không là nguồn độc lập.,khong,Bộ giả lập chưa đủ chứng từ nguồn; tách thử nghiệm khỏi nghiệp vụ vận hành
baseline.json,materials[].item_id,6,Dữ kiện giả lập cần chứng từ nguồn,"Có thể dùng làm tình huống nhập thử có nhãn, nhưng chưa có chứng từ/quan sát của Nasaki. Phải ánh xạ đúng sổ gốc, người ghi, mốc và bản; thiếu thì chờ.",khong,Bộ giả lập chưa đủ chứng từ nguồn; tách thử nghiệm khỏi nghiệp vụ vận hành
baseline.json,materials[].name,6,Dữ kiện giả lập cần chứng từ nguồn,"Có thể dùng làm tình huống nhập thử có nhãn, nhưng chưa có chứng từ/quan sát của Nasaki. Phải ánh xạ đúng sổ gốc, người ghi, mốc và bản; thiếu thì chờ.",khong,Bộ giả lập chưa đủ chứng từ nguồn; tách thử nghiệm khỏi nghiệp vụ vận hành
baseline.json,materials[].precision,6,Dữ kiện giả lập cần chứng từ nguồn,"Có thể dùng làm tình huống nhập thử có nhãn, nhưng chưa có chứng từ/quan sát của Nasaki. Phải ánh xạ đúng sổ gốc, người ghi, mốc và bản; thiếu thì chờ.",khong,Bộ giả lập chưa đủ chứng từ nguồn; tách thử nghiệm khỏi nghiệp vụ vận hành
baseline.json,materials[].unit,6,Dữ kiện giả lập cần chứng từ nguồn,"Có thể dùng làm tình huống nhập thử có nhãn, nhưng chưa có chứng từ/quan sát của Nasaki. Phải ánh xạ đúng sổ gốc, người ghi, mốc và bản; thiếu thì chờ.",khong,Bộ giả lập chưa đủ chứng từ nguồn; tách thử nghiệm khỏi nghiệp vụ vận hành
baseline.json,metadata.business_cutoff,1,Thông tin kỹ thuật bộ kiểm,Chỉ mô tả bản/mốc/giới hạn bộ kiểm; không xác nhận nghiệp vụ.,khong,Bộ giả lập chưa đủ chứng từ nguồn; tách thử nghiệm khỏi nghiệp vụ vận hành
baseline.json,metadata.confirmation_order,1,Thông tin kỹ thuật bộ kiểm,Chỉ mô tả bản/mốc/giới hạn bộ kiểm; không xác nhận nghiệp vụ.,khong,Bộ giả lập chưa đủ chứng từ nguồn; tách thử nghiệm khỏi nghiệp vụ vận hành
baseline.json,metadata.currency,1,Thông tin kỹ thuật bộ kiểm,Chỉ mô tả bản/mốc/giới hạn bộ kiểm; không xác nhận nghiệp vụ.,khong,Bộ giả lập chưa đủ chứng từ nguồn; tách thử nghiệm khỏi nghiệp vụ vận hành
baseline.json,metadata.customer_shipping_fee_vnd,1,Thông tin kỹ thuật bộ kiểm,Chỉ mô tả bản/mốc/giới hạn bộ kiểm; không xác nhận nghiệp vụ.,khong,Bộ giả lập chưa đủ chứng từ nguồn; tách thử nghiệm khỏi nghiệp vụ vận hành
baseline.json,metadata.dataset_id,1,Thông tin kỹ thuật bộ kiểm,Chỉ mô tả bản/mốc/giới hạn bộ kiểm; không xác nhận nghiệp vụ.,khong,Bộ giả lập chưa đủ chứng từ nguồn; tách thử nghiệm khỏi nghiệp vụ vận hành
baseline.json,metadata.external_integrations,1,Thông tin kỹ thuật bộ kiểm,Chỉ mô tả bản/mốc/giới hạn bộ kiểm; không xác nhận nghiệp vụ.,khong,Bộ giả lập chưa đủ chứng từ nguồn; tách thử nghiệm khỏi nghiệp vụ vận hành
baseline.json,metadata.fictional,1,Thông tin kỹ thuật bộ kiểm,Chỉ mô tả bản/mốc/giới hạn bộ kiểm; không xác nhận nghiệp vụ.,khong,Bộ giả lập chưa đủ chứng từ nguồn; tách thử nghiệm khỏi nghiệp vụ vận hành
baseline.json,metadata.fixture_mode,1,Thông tin kỹ thuật bộ kiểm,Chỉ mô tả bản/mốc/giới hạn bộ kiểm; không xác nhận nghiệp vụ.,khong,Bộ giả lập chưa đủ chứng từ nguồn; tách thử nghiệm khỏi nghiệp vụ vận hành
baseline.json,metadata.opening_at,1,Thông tin kỹ thuật bộ kiểm,Chỉ mô tả bản/mốc/giới hạn bộ kiểm; không xác nhận nghiệp vụ.,khong,Bộ giả lập chưa đủ chứng từ nguồn; tách thử nghiệm khỏi nghiệp vụ vận hành
baseline.json,metadata.period,1,Thông tin kỹ thuật bộ kiểm,Chỉ mô tả bản/mốc/giới hạn bộ kiểm; không xác nhận nghiệp vụ.,khong,Bộ giả lập chưa đủ chứng từ nguồn; tách thử nghiệm khỏi nghiệp vụ vận hành
baseline.json,metadata.prepared_on,1,Thông tin kỹ thuật bộ kiểm,Chỉ mô tả bản/mốc/giới hạn bộ kiểm; không xác nhận nghiệp vụ.,khong,Bộ giả lập chưa đủ chứng từ nguồn; tách thử nghiệm khỏi nghiệp vụ vận hành
baseline.json,metadata.status,1,Thông tin kỹ thuật bộ kiểm,Chỉ mô tả bản/mốc/giới hạn bộ kiểm; không xác nhận nghiệp vụ.,khong,Bộ giả lập chưa đủ chứng từ nguồn; tách thử nghiệm khỏi nghiệp vụ vận hành
baseline.json,metadata.tax_mode,1,Thông tin kỹ thuật bộ kiểm,Chỉ mô tả bản/mốc/giới hạn bộ kiểm; không xác nhận nghiệp vụ.,khong,Bộ giả lập chưa đủ chứng từ nguồn; tách thử nghiệm khỏi nghiệp vụ vận hành
baseline.json,metadata.timezone,1,Thông tin kỹ thuật bộ kiểm,Chỉ mô tả bản/mốc/giới hạn bộ kiểm; không xác nhận nghiệp vụ.,khong,Bộ giả lập chưa đủ chứng từ nguồn; tách thử nghiệm khỏi nghiệp vụ vận hành
baseline.json,opening_bank_vnd,1,Tồn hoặc tiền đầu kỳ giả lập,Muốn thành nguồn mở đầu cần biên bản kiểm kê/đối chiếu xác nhận lượng/giá trị/chủ thể/mốc. Không sao số dư cuối mục tiêu vào đầu kỳ.,khong,Bộ giả lập chưa đủ chứng từ nguồn; tách thử nghiệm khỏi nghiệp vụ vận hành
baseline.json,opening_cash_vnd,1,Tồn hoặc tiền đầu kỳ giả lập,Muốn thành nguồn mở đầu cần biên bản kiểm kê/đối chiếu xác nhận lượng/giá trị/chủ thể/mốc. Không sao số dư cuối mục tiêu vào đầu kỳ.,khong,Bộ giả lập chưa đủ chứng từ nguồn; tách thử nghiệm khỏi nghiệp vụ vận hành
baseline.json,opening_inventory[].item_id,7,Tồn hoặc tiền đầu kỳ giả lập,Muốn thành nguồn mở đầu cần biên bản kiểm kê/đối chiếu xác nhận lượng/giá trị/chủ thể/mốc. Không sao số dư cuối mục tiêu vào đầu kỳ.,khong,Bộ giả lập chưa đủ chứng từ nguồn; tách thử nghiệm khỏi nghiệp vụ vận hành
baseline.json,opening_inventory[].location,7,Tồn hoặc tiền đầu kỳ giả lập,Muốn thành nguồn mở đầu cần biên bản kiểm kê/đối chiếu xác nhận lượng/giá trị/chủ thể/mốc. Không sao số dư cuối mục tiêu vào đầu kỳ.,khong,Bộ giả lập chưa đủ chứng từ nguồn; tách thử nghiệm khỏi nghiệp vụ vận hành
baseline.json,opening_inventory[].lot_id,7,Tồn hoặc tiền đầu kỳ giả lập,Muốn thành nguồn mở đầu cần biên bản kiểm kê/đối chiếu xác nhận lượng/giá trị/chủ thể/mốc. Không sao số dư cuối mục tiêu vào đầu kỳ.,khong,Bộ giả lập chưa đủ chứng từ nguồn; tách thử nghiệm khỏi nghiệp vụ vận hành
baseline.json,opening_inventory[].qty,7,Tồn hoặc tiền đầu kỳ giả lập,Muốn thành nguồn mở đầu cần biên bản kiểm kê/đối chiếu xác nhận lượng/giá trị/chủ thể/mốc. Không sao số dư cuối mục tiêu vào đầu kỳ.,khong,Bộ giả lập chưa đủ chứng từ nguồn; tách thử nghiệm khỏi nghiệp vụ vận hành
baseline.json,opening_inventory[].quality,7,Xác nhận giả định thiếu hồ sơ,"Nhãn chất lượng giả định cho tồn đầu, thiếu biên bản đối chiếu/QC. Chưa được coi toàn bộ là hàng đủ bán.",khong,Bộ giả lập chưa đủ chứng từ nguồn; tách thử nghiệm khỏi nghiệp vụ vận hành
baseline.json,opening_inventory[].source_id,7,Tồn hoặc tiền đầu kỳ giả lập,Muốn thành nguồn mở đầu cần biên bản kiểm kê/đối chiếu xác nhận lượng/giá trị/chủ thể/mốc. Không sao số dư cuối mục tiêu vào đầu kỳ.,khong,Bộ giả lập chưa đủ chứng từ nguồn; tách thử nghiệm khỏi nghiệp vụ vận hành
baseline.json,opening_inventory[].value_vnd,7,Kết quả tính kiểm tra,Giá trị đã tính/chụp trong bộ kiểm; vận động lượng không đủ là căn cứ định giá. Cần đối chiếu nguồn mua/giá thành và biến động giá trị riêng.,khong,Bộ giả lập chưa đủ chứng từ nguồn; tách thử nghiệm khỏi nghiệp vụ vận hành
baseline.json,opening_payables_vnd,1,Tồn hoặc tiền đầu kỳ giả lập,Muốn thành nguồn mở đầu cần biên bản kiểm kê/đối chiếu xác nhận lượng/giá trị/chủ thể/mốc. Không sao số dư cuối mục tiêu vào đầu kỳ.,khong,Bộ giả lập chưa đủ chứng từ nguồn; tách thử nghiệm khỏi nghiệp vụ vận hành
baseline.json,opening_receivables_vnd,1,Tồn hoặc tiền đầu kỳ giả lập,Muốn thành nguồn mở đầu cần biên bản kiểm kê/đối chiếu xác nhận lượng/giá trị/chủ thể/mốc. Không sao số dư cuối mục tiêu vào đầu kỳ.,khong,Bộ giả lập chưa đủ chứng từ nguồn; tách thử nghiệm khỏi nghiệp vụ vận hành
baseline.json,orders[].approved_by,2,Xác nhận giả định thiếu hồ sơ,"Chỉ mã người duyệt giả lập, thiếu hồ sơ quyết định đầy đủ theo bản/phạm vi/mốc/căn cứ. Không tự cấp hiệu lực.",khong,Bộ giả lập chưa đủ chứng từ nguồn; tách thử nghiệm khỏi nghiệp vụ vận hành
baseline.json,orders[].condition,2,Dữ kiện giả lập cần chứng từ nguồn,"Có thể dùng làm tình huống nhập thử có nhãn, nhưng chưa có chứng từ/quan sát của Nasaki. Phải ánh xạ đúng sổ gốc, người ghi, mốc và bản; thiếu thì chờ.",khong,Bộ giả lập chưa đủ chứng từ nguồn; tách thử nghiệm khỏi nghiệp vụ vận hành
baseline.json,orders[].customer_confirmation_id,2,Xác nhận giả định thiếu hồ sơ,"Chỉ mã xác nhận mẫu, chưa có hồ sơ khách xác nhận nội dung và phiên bản. Chưa đủ coi đơn đã chốt.",khong,Bộ giả lập chưa đủ chứng từ nguồn; tách thử nghiệm khỏi nghiệp vụ vận hành
baseline.json,orders[].customer_id,2,Dữ kiện giả lập cần chứng từ nguồn,"Có thể dùng làm tình huống nhập thử có nhãn, nhưng chưa có chứng từ/quan sát của Nasaki. Phải ánh xạ đúng sổ gốc, người ghi, mốc và bản; thiếu thì chờ.",khong,Bộ giả lập chưa đủ chứng từ nguồn; tách thử nghiệm khỏi nghiệp vụ vận hành
baseline.json,orders[].delivery_dates[],3,Dữ kiện giả lập cần chứng từ nguồn,"Có thể dùng làm tình huống nhập thử có nhãn, nhưng chưa có chứng từ/quan sát của Nasaki. Phải ánh xạ đúng sổ gốc, người ghi, mốc và bản; thiếu thì chờ.",khong,Bộ giả lập chưa đủ chứng từ nguồn; tách thử nghiệm khỏi nghiệp vụ vận hành
baseline.json,orders[].discount_pct,2,Tham số hoặc phương án đề xuất,"Khai báo mô phỏng, chưa được xác minh từ Nasaki; cần người khai báo, chứng từ và bản hiệu lực/duyệt trước áp dụng.",khong,Bộ giả lập chưa đủ chứng từ nguồn; tách thử nghiệm khỏi nghiệp vụ vận hành
baseline.json,orders[].job_id,2,Dữ kiện giả lập cần chứng từ nguồn,"Có thể dùng làm tình huống nhập thử có nhãn, nhưng chưa có chứng từ/quan sát của Nasaki. Phải ánh xạ đúng sổ gốc, người ghi, mốc và bản; thiếu thì chờ.",khong,Bộ giả lập chưa đủ chứng từ nguồn; tách thử nghiệm khỏi nghiệp vụ vận hành
baseline.json,orders[].list_price_vnd,2,Tham số hoặc phương án đề xuất,"Khai báo mô phỏng, chưa được xác minh từ Nasaki; cần người khai báo, chứng từ và bản hiệu lực/duyệt trước áp dụng.",khong,Bộ giả lập chưa đủ chứng từ nguồn; tách thử nghiệm khỏi nghiệp vụ vận hành
baseline.json,orders[].net_price_vnd,2,Kết quả tính kiểm tra,"Đơn giá ròng tính từ giá/chiết khấu; chỉ được ghi chính thức khi có báo giá/bản chốt khách xác nhận, không lấy số kiểm làm thỏa thuận.",khong,Bộ giả lập chưa đủ chứng từ nguồn; tách thử nghiệm khỏi nghiệp vụ vận hành
baseline.json,orders[].order_id,2,Dữ kiện giả lập cần chứng từ nguồn,"Có thể dùng làm tình huống nhập thử có nhãn, nhưng chưa có chứng từ/quan sát của Nasaki. Phải ánh xạ đúng sổ gốc, người ghi, mốc và bản; thiếu thì chờ.",khong,Bộ giả lập chưa đủ chứng từ nguồn; tách thử nghiệm khỏi nghiệp vụ vận hành
baseline.json,orders[].owner_id,2,Dữ kiện giả lập cần chứng từ nguồn,"Có thể dùng làm tình huống nhập thử có nhãn, nhưng chưa có chứng từ/quan sát của Nasaki. Phải ánh xạ đúng sổ gốc, người ghi, mốc và bản; thiếu thì chờ.",khong,Bộ giả lập chưa đủ chứng từ nguồn; tách thử nghiệm khỏi nghiệp vụ vận hành
baseline.json,orders[].payer_authorization_id,1,Xác nhận giả định thiếu hồ sơ,Mã đại diện giả lập chưa có nội dung và thời hạn/phạm vi. Không tự coi đã được trả thay.,khong,Bộ giả lập chưa đủ chứng từ nguồn; tách thử nghiệm khỏi nghiệp vụ vận hành
baseline.json,orders[].payer_id,2,Dữ kiện giả lập cần chứng từ nguồn,"Có thể dùng làm tình huống nhập thử có nhãn, nhưng chưa có chứng từ/quan sát của Nasaki. Phải ánh xạ đúng sổ gốc, người ghi, mốc và bản; thiếu thì chờ.",khong,Bộ giả lập chưa đủ chứng từ nguồn; tách thử nghiệm khỏi nghiệp vụ vận hành
baseline.json,orders[].qty,2,Dữ kiện giả lập cần chứng từ nguồn,"Có thể dùng làm tình huống nhập thử có nhãn, nhưng chưa có chứng từ/quan sát của Nasaki. Phải ánh xạ đúng sổ gốc, người ghi, mốc và bản; thiếu thì chờ.",khong,Bộ giả lập chưa đủ chứng từ nguồn; tách thử nghiệm khỏi nghiệp vụ vận hành
baseline.json,orders[].recipient_id,2,Dữ kiện giả lập cần chứng từ nguồn,"Có thể dùng làm tình huống nhập thử có nhãn, nhưng chưa có chứng từ/quan sát của Nasaki. Phải ánh xạ đúng sổ gốc, người ghi, mốc và bản; thiếu thì chờ.",khong,Bộ giả lập chưa đủ chứng từ nguồn; tách thử nghiệm khỏi nghiệp vụ vận hành
baseline.json,orders[].total_vnd,2,Kết quả tính kiểm tra,Tổng/đơn giá/số dư hoặc lượng đã dùng tính trước từ các dòng; không là nguồn độc lập.,khong,Bộ giả lập chưa đủ chứng từ nguồn; tách thử nghiệm khỏi nghiệp vụ vận hành
baseline.json,orders[].variant_id,2,Dữ kiện giả lập cần chứng từ nguồn,"Có thể dùng làm tình huống nhập thử có nhãn, nhưng chưa có chứng từ/quan sát của Nasaki. Phải ánh xạ đúng sổ gốc, người ghi, mốc và bản; thiếu thì chờ.",khong,Bộ giả lập chưa đủ chứng từ nguồn; tách thử nghiệm khỏi nghiệp vụ vận hành
baseline.json,overhead_sources[].allocation_basis,2,Tham số hoặc phương án đề xuất,"Khai báo mô phỏng, chưa được xác minh từ Nasaki; cần người khai báo, chứng từ và bản hiệu lực/duyệt trước áp dụng.",khong,Bộ giả lập chưa đủ chứng từ nguồn; tách thử nghiệm khỏi nghiệp vụ vận hành
baseline.json,overhead_sources[].amount_vnd,2,Tham số hoặc phương án đề xuất,"Khai báo mô phỏng, chưa được xác minh từ Nasaki; cần người khai báo, chứng từ và bản hiệu lực/duyệt trước áp dụng.",khong,Bộ giả lập chưa đủ chứng từ nguồn; tách thử nghiệm khỏi nghiệp vụ vận hành
baseline.json,overhead_sources[].approved_by,2,Xác nhận giả định thiếu hồ sơ,"Chỉ mã người duyệt giả lập, thiếu hồ sơ quyết định đầy đủ theo bản/phạm vi/mốc/căn cứ. Không tự cấp hiệu lực.",khong,Bộ giả lập chưa đủ chứng từ nguồn; tách thử nghiệm khỏi nghiệp vụ vận hành
baseline.json,overhead_sources[].confirmed_by,2,Xác nhận giả định thiếu hồ sơ,Mã/trạng thái xác nhận giả lập; thiếu quyết định và căn cứ có thể kiểm.,khong,Bộ giả lập chưa đủ chứng từ nguồn; tách thử nghiệm khỏi nghiệp vụ vận hành
baseline.json,overhead_sources[].description,2,Tham số hoặc phương án đề xuất,"Khai báo mô phỏng, chưa được xác minh từ Nasaki; cần người khai báo, chứng từ và bản hiệu lực/duyệt trước áp dụng.",khong,Bộ giả lập chưa đủ chứng từ nguồn; tách thử nghiệm khỏi nghiệp vụ vận hành
baseline.json,overhead_sources[].job_id,2,Tham số hoặc phương án đề xuất,"Khai báo mô phỏng, chưa được xác minh từ Nasaki; cần người khai báo, chứng từ và bản hiệu lực/duyệt trước áp dụng.",khong,Bộ giả lập chưa đủ chứng từ nguồn; tách thử nghiệm khỏi nghiệp vụ vận hành
baseline.json,overhead_sources[].machine_minutes,2,Tham số hoặc phương án đề xuất,"Khai báo mô phỏng, chưa được xác minh từ Nasaki; cần người khai báo, chứng từ và bản hiệu lực/duyệt trước áp dụng.",khong,Bộ giả lập chưa đủ chứng từ nguồn; tách thử nghiệm khỏi nghiệp vụ vận hành
baseline.json,overhead_sources[].source_id,2,Tham số hoặc phương án đề xuất,"Khai báo mô phỏng, chưa được xác minh từ Nasaki; cần người khai báo, chứng từ và bản hiệu lực/duyệt trước áp dụng.",khong,Bộ giả lập chưa đủ chứng từ nguồn; tách thử nghiệm khỏi nghiệp vụ vận hành
baseline.json,parties[].id,9,Dữ kiện giả lập cần chứng từ nguồn,"Có thể dùng làm tình huống nhập thử có nhãn, nhưng chưa có chứng từ/quan sát của Nasaki. Phải ánh xạ đúng sổ gốc, người ghi, mốc và bản; thiếu thì chờ.",khong,Bộ giả lập chưa đủ chứng từ nguồn; tách thử nghiệm khỏi nghiệp vụ vận hành
baseline.json,parties[].kind,9,Dữ kiện giả lập cần chứng từ nguồn,"Có thể dùng làm tình huống nhập thử có nhãn, nhưng chưa có chứng từ/quan sát của Nasaki. Phải ánh xạ đúng sổ gốc, người ghi, mốc và bản; thiếu thì chờ.",khong,Bộ giả lập chưa đủ chứng từ nguồn; tách thử nghiệm khỏi nghiệp vụ vận hành
baseline.json,parties[].name,9,Dữ kiện giả lập cần chứng từ nguồn,"Có thể dùng làm tình huống nhập thử có nhãn, nhưng chưa có chứng từ/quan sát của Nasaki. Phải ánh xạ đúng sổ gốc, người ghi, mốc và bản; thiếu thì chờ.",khong,Bộ giả lập chưa đủ chứng từ nguồn; tách thử nghiệm khỏi nghiệp vụ vận hành
baseline.json,payroll[].advance_applied_vnd,50,Kết quả tính kiểm tra,"Khoản phân bổ/thu nhập/đã trả/còn trả tính sẵn; cần công xác nhận, hồ sơ/chính sách và khoản tiền thực. Không là đầu vào khởi tạo.",khong,Bộ giả lập chưa đủ chứng từ nguồn; tách thử nghiệm khỏi nghiệp vụ vận hành
baseline.json,payroll[].allowance_vnd,50,Kết quả tính kiểm tra,"Khoản phân bổ/thu nhập/đã trả/còn trả tính sẵn; cần công xác nhận, hồ sơ/chính sách và khoản tiền thực. Không là đầu vào khởi tạo.",khong,Bộ giả lập chưa đủ chứng từ nguồn; tách thử nghiệm khỏi nghiệp vụ vận hành
baseline.json,payroll[].employee_id,50,Kết quả tính kiểm tra,"Khoản phân bổ/thu nhập/đã trả/còn trả tính sẵn; cần công xác nhận, hồ sơ/chính sách và khoản tiền thực. Không là đầu vào khởi tạo.",khong,Bộ giả lập chưa đủ chứng từ nguồn; tách thử nghiệm khỏi nghiệp vụ vận hành
baseline.json,payroll[].income_before_mandatory_deductions_vnd,50,Kết quả tính kiểm tra,"Khoản phân bổ/thu nhập/đã trả/còn trả tính sẵn; cần công xác nhận, hồ sơ/chính sách và khoản tiền thực. Không là đầu vào khởi tạo.",khong,Bộ giả lập chưa đủ chứng từ nguồn; tách thử nghiệm khỏi nghiệp vụ vận hành
baseline.json,payroll[].paid_final_demo_vnd,50,Kết quả tính kiểm tra,"Khoản phân bổ/thu nhập/đã trả/còn trả tính sẵn; cần công xác nhận, hồ sơ/chính sách và khoản tiền thực. Không là đầu vào khởi tạo.",khong,Bộ giả lập chưa đủ chứng từ nguồn; tách thử nghiệm khỏi nghiệp vụ vận hành
baseline.json,payroll[].payment_date,1,Kết quả tính kiểm tra,"Khoản phân bổ/thu nhập/đã trả/còn trả tính sẵn; cần công xác nhận, hồ sơ/chính sách và khoản tiền thực. Không là đầu vào khởi tạo.",khong,Bộ giả lập chưa đủ chứng từ nguồn; tách thử nghiệm khỏi nghiệp vụ vận hành
baseline.json,payroll[].period,50,Kết quả tính kiểm tra,"Khoản phân bổ/thu nhập/đã trả/còn trả tính sẵn; cần công xác nhận, hồ sơ/chính sách và khoản tiền thực. Không là đầu vào khởi tạo.",khong,Bộ giả lập chưa đủ chứng từ nguồn; tách thử nghiệm khỏi nghiệp vụ vận hành
baseline.json,payroll[].remaining_before_mandatory_deductions_vnd,50,Kết quả tính kiểm tra,"Khoản phân bổ/thu nhập/đã trả/còn trả tính sẵn; cần công xác nhận, hồ sơ/chính sách và khoản tiền thực. Không là đầu vào khởi tạo.",khong,Bộ giả lập chưa đủ chứng từ nguồn; tách thử nghiệm khỏi nghiệp vụ vận hành
baseline.json,payroll[].salary_approval_status,50,Kết quả tính kiểm tra,"Khoản phân bổ/thu nhập/đã trả/còn trả tính sẵn; cần công xác nhận, hồ sơ/chính sách và khoản tiền thực. Không là đầu vào khởi tạo.",khong,Bộ giả lập chưa đủ chứng từ nguồn; tách thử nghiệm khỏi nghiệp vụ vận hành
baseline.json,payroll[].source_id,50,Kết quả tính kiểm tra,"Khoản phân bổ/thu nhập/đã trả/còn trả tính sẵn; cần công xác nhận, hồ sơ/chính sách và khoản tiền thực. Không là đầu vào khởi tạo.",khong,Bộ giả lập chưa đủ chứng từ nguồn; tách thử nghiệm khỏi nghiệp vụ vận hành
baseline.json,payroll[].status,50,Kết quả tính kiểm tra,"Khoản phân bổ/thu nhập/đã trả/còn trả tính sẵn; cần công xác nhận, hồ sơ/chính sách và khoản tiền thực. Không là đầu vào khởi tạo.",khong,Bộ giả lập chưa đủ chứng từ nguồn; tách thử nghiệm khỏi nghiệp vụ vận hành
baseline.json,payroll[].time_salary_vnd,50,Kết quả tính kiểm tra,"Khoản phân bổ/thu nhập/đã trả/còn trả tính sẵn; cần công xác nhận, hồ sơ/chính sách và khoản tiền thực. Không là đầu vào khởi tạo.",khong,Bộ giả lập chưa đủ chứng từ nguồn; tách thử nghiệm khỏi nghiệp vụ vận hành
baseline.json,purchase_quality[].confirmed_by,3,Xác nhận giả định thiếu hồ sơ,"Mã người/trạng thái/chứng cứ giả lập chưa có hồ sơ đủ nội dung, bản, phạm vi và thời điểm. Không dùng để vượt bước xác nhận.",khong,Bộ giả lập chưa đủ chứng từ nguồn; tách thử nghiệm khỏi nghiệp vụ vận hành
baseline.json,purchase_quality[].confirmed_date,3,Xác nhận giả định thiếu hồ sơ,"Mã người/trạng thái/chứng cứ giả lập chưa có hồ sơ đủ nội dung, bản, phạm vi và thời điểm. Không dùng để vượt bước xác nhận.",khong,Bộ giả lập chưa đủ chứng từ nguồn; tách thử nghiệm khỏi nghiệp vụ vận hành
baseline.json,purchase_quality[].criterion_version,3,Tham số hoặc phương án đề xuất,"Khai báo mô phỏng, chưa được xác minh từ Nasaki; cần người khai báo, chứng từ và bản hiệu lực/duyệt trước áp dụng.",khong,Bộ giả lập chưa đủ chứng từ nguồn; tách thử nghiệm khỏi nghiệp vụ vận hành
baseline.json,purchase_quality[].good_qty_kg,3,Kết quả QC giả lập,"Dữ kiện kiểm giả lập, chưa có phép đo/biên bản thực độc lập và quyết định kết luận. Không suy số đạt từ tỷ lệ định mức.",khong,Bộ giả lập chưa đủ chứng từ nguồn; tách thử nghiệm khỏi nghiệp vụ vận hành
baseline.json,purchase_quality[].hold_qty_kg,3,Kết quả QC giả lập,"Dữ kiện kiểm giả lập, chưa có phép đo/biên bản thực độc lập và quyết định kết luận. Không suy số đạt từ tỷ lệ định mức.",khong,Bộ giả lập chưa đủ chứng từ nguồn; tách thử nghiệm khỏi nghiệp vụ vận hành
baseline.json,purchase_quality[].inspected_qty_kg,3,Kết quả QC giả lập,"Dữ kiện kiểm giả lập, chưa có phép đo/biên bản thực độc lập và quyết định kết luận. Không suy số đạt từ tỷ lệ định mức.",khong,Bộ giả lập chưa đủ chứng từ nguồn; tách thử nghiệm khỏi nghiệp vụ vận hành
baseline.json,purchase_quality[].lot_id,3,Kết quả QC giả lập,"Dữ kiện kiểm giả lập, chưa có phép đo/biên bản thực độc lập và quyết định kết luận. Không suy số đạt từ tỷ lệ định mức.",khong,Bộ giả lập chưa đủ chứng từ nguồn; tách thử nghiệm khỏi nghiệp vụ vận hành
baseline.json,purchase_quality[].purchase_id,3,Kết quả QC giả lập,"Dữ kiện kiểm giả lập, chưa có phép đo/biên bản thực độc lập và quyết định kết luận. Không suy số đạt từ tỷ lệ định mức.",khong,Bộ giả lập chưa đủ chứng từ nguồn; tách thử nghiệm khỏi nghiệp vụ vận hành
baseline.json,purchase_quality[].quality_id,3,Kết quả QC giả lập,"Dữ kiện kiểm giả lập, chưa có phép đo/biên bản thực độc lập và quyết định kết luận. Không suy số đạt từ tỷ lệ định mức.",khong,Bộ giả lập chưa đủ chứng từ nguồn; tách thử nghiệm khỏi nghiệp vụ vận hành
baseline.json,purchase_quality[].reject_qty_kg,3,Kết quả QC giả lập,"Dữ kiện kiểm giả lập, chưa có phép đo/biên bản thực độc lập và quyết định kết luận. Không suy số đạt từ tỷ lệ định mức.",khong,Bộ giả lập chưa đủ chứng từ nguồn; tách thử nghiệm khỏi nghiệp vụ vận hành
baseline.json,purchase_quality[].stock_event_id,3,Kết quả QC giả lập,"Dữ kiện kiểm giả lập, chưa có phép đo/biên bản thực độc lập và quyết định kết luận. Không suy số đạt từ tỷ lệ định mức.",khong,Bộ giả lập chưa đủ chứng từ nguồn; tách thử nghiệm khỏi nghiệp vụ vận hành
baseline.json,purchases[].approved_by,2,Xác nhận giả định thiếu hồ sơ,"Chỉ mã người duyệt giả lập, thiếu hồ sơ quyết định đầy đủ theo bản/phạm vi/mốc/căn cứ. Không tự cấp hiệu lực.",khong,Bộ giả lập chưa đủ chứng từ nguồn; tách thử nghiệm khỏi nghiệp vụ vận hành
baseline.json,purchases[].due_date,2,Dữ kiện giả lập cần chứng từ nguồn,"Có thể dùng làm tình huống nhập thử có nhãn, nhưng chưa có chứng từ/quan sát của Nasaki. Phải ánh xạ đúng sổ gốc, người ghi, mốc và bản; thiếu thì chờ.",khong,Bộ giả lập chưa đủ chứng từ nguồn; tách thử nghiệm khỏi nghiệp vụ vận hành
baseline.json,purchases[].kg_per_bag,2,Tham số hoặc phương án đề xuất,"Khai báo mô phỏng, chưa được xác minh từ Nasaki; cần người khai báo, chứng từ và bản hiệu lực/duyệt trước áp dụng.",khong,Bộ giả lập chưa đủ chứng từ nguồn; tách thử nghiệm khỏi nghiệp vụ vận hành
baseline.json,purchases[].obligation_confirmed_date,2,Dữ kiện giả lập cần chứng từ nguồn,"Có thể dùng làm tình huống nhập thử có nhãn, nhưng chưa có chứng từ/quan sát của Nasaki. Phải ánh xạ đúng sổ gốc, người ghi, mốc và bản; thiếu thì chờ.",khong,Bộ giả lập chưa đủ chứng từ nguồn; tách thử nghiệm khỏi nghiệp vụ vận hành
baseline.json,purchases[].obligation_id,2,Dữ kiện giả lập cần chứng từ nguồn,"Có thể dùng làm tình huống nhập thử có nhãn, nhưng chưa có chứng từ/quan sát của Nasaki. Phải ánh xạ đúng sổ gốc, người ghi, mốc và bản; thiếu thì chờ.",khong,Bộ giả lập chưa đủ chứng từ nguồn; tách thử nghiệm khỏi nghiệp vụ vận hành
baseline.json,purchases[].payment_date,2,Dữ kiện giả lập cần chứng từ nguồn,"Có thể dùng làm tình huống nhập thử có nhãn, nhưng chưa có chứng từ/quan sát của Nasaki. Phải ánh xạ đúng sổ gốc, người ghi, mốc và bản; thiếu thì chờ.",khong,Bộ giả lập chưa đủ chứng từ nguồn; tách thử nghiệm khỏi nghiệp vụ vận hành
baseline.json,purchases[].payment_vnd,2,Dữ kiện giả lập cần chứng từ nguồn,"Có thể dùng làm tình huống nhập thử có nhãn, nhưng chưa có chứng từ/quan sát của Nasaki. Phải ánh xạ đúng sổ gốc, người ghi, mốc và bản; thiếu thì chờ.",khong,Bộ giả lập chưa đủ chứng từ nguồn; tách thử nghiệm khỏi nghiệp vụ vận hành
baseline.json,purchases[].prepared_by,2,Dữ kiện giả lập cần chứng từ nguồn,"Có thể dùng làm tình huống nhập thử có nhãn, nhưng chưa có chứng từ/quan sát của Nasaki. Phải ánh xạ đúng sổ gốc, người ghi, mốc và bản; thiếu thì chờ.",khong,Bộ giả lập chưa đủ chứng từ nguồn; tách thử nghiệm khỏi nghiệp vụ vận hành
baseline.json,purchases[].purchase_id,2,Dữ kiện giả lập cần chứng từ nguồn,"Có thể dùng làm tình huống nhập thử có nhãn, nhưng chưa có chứng từ/quan sát của Nasaki. Phải ánh xạ đúng sổ gốc, người ghi, mốc và bản; thiếu thì chờ.",khong,Bộ giả lập chưa đủ chứng từ nguồn; tách thử nghiệm khỏi nghiệp vụ vận hành
baseline.json,purchases[].qty_bags,2,Dữ kiện giả lập cần chứng từ nguồn,"Có thể dùng làm tình huống nhập thử có nhãn, nhưng chưa có chứng từ/quan sát của Nasaki. Phải ánh xạ đúng sổ gốc, người ghi, mốc và bản; thiếu thì chờ.",khong,Bộ giả lập chưa đủ chứng từ nguồn; tách thử nghiệm khỏi nghiệp vụ vận hành
baseline.json,purchases[].supplier_id,2,Dữ kiện giả lập cần chứng từ nguồn,"Có thể dùng làm tình huống nhập thử có nhãn, nhưng chưa có chứng từ/quan sát của Nasaki. Phải ánh xạ đúng sổ gốc, người ghi, mốc và bản; thiếu thì chờ.",khong,Bộ giả lập chưa đủ chứng từ nguồn; tách thử nghiệm khỏi nghiệp vụ vận hành
baseline.json,purchases[].total_vnd,2,Kết quả tính kiểm tra,Tổng/đơn giá/số dư hoặc lượng đã dùng tính trước từ các dòng; không là nguồn độc lập.,khong,Bộ giả lập chưa đủ chứng từ nguồn; tách thử nghiệm khỏi nghiệp vụ vận hành
baseline.json,purchases[].unit_price_bag_vnd,2,Tham số hoặc phương án đề xuất,"Khai báo mô phỏng, chưa được xác minh từ Nasaki; cần người khai báo, chứng từ và bản hiệu lực/duyệt trước áp dụng.",khong,Bộ giả lập chưa đủ chứng từ nguồn; tách thử nghiệm khỏi nghiệp vụ vận hành
baseline.json,quality_results[].batch_id,9,Kết quả QC giả lập,"Dữ kiện kiểm giả lập, chưa có phép đo/biên bản thực độc lập và quyết định kết luận. Không suy số đạt từ tỷ lệ định mức.",khong,Bộ giả lập chưa đủ chứng từ nguồn; tách thử nghiệm khỏi nghiệp vụ vận hành
baseline.json,quality_results[].confirmed_by,9,Xác nhận giả định thiếu hồ sơ,"Mã người/trạng thái/chứng cứ giả lập chưa có hồ sơ đủ nội dung, bản, phạm vi và thời điểm. Không dùng để vượt bước xác nhận.",khong,Bộ giả lập chưa đủ chứng từ nguồn; tách thử nghiệm khỏi nghiệp vụ vận hành
baseline.json,quality_results[].criterion_version,9,Tham số hoặc phương án đề xuất,"Khai báo mô phỏng, chưa được xác minh từ Nasaki; cần người khai báo, chứng từ và bản hiệu lực/duyệt trước áp dụng.",khong,Bộ giả lập chưa đủ chứng từ nguồn; tách thử nghiệm khỏi nghiệp vụ vận hành
baseline.json,quality_results[].date,9,Kết quả QC giả lập,"Dữ kiện kiểm giả lập, chưa có phép đo/biên bản thực độc lập và quyết định kết luận. Không suy số đạt từ tỷ lệ định mức.",khong,Bộ giả lập chưa đủ chứng từ nguồn; tách thử nghiệm khỏi nghiệp vụ vận hành
baseline.json,quality_results[].evidence_type,9,Xác nhận giả định thiếu hồ sơ,"Mã người/trạng thái/chứng cứ giả lập chưa có hồ sơ đủ nội dung, bản, phạm vi và thời điểm. Không dùng để vượt bước xác nhận.",khong,Bộ giả lập chưa đủ chứng từ nguồn; tách thử nghiệm khỏi nghiệp vụ vận hành
baseline.json,quality_results[].good_qty,9,Kết quả QC giả lập,"Dữ kiện kiểm giả lập, chưa có phép đo/biên bản thực độc lập và quyết định kết luận. Không suy số đạt từ tỷ lệ định mức.",khong,Bộ giả lập chưa đủ chứng từ nguồn; tách thử nghiệm khỏi nghiệp vụ vận hành
baseline.json,quality_results[].hold_qty,9,Kết quả QC giả lập,"Dữ kiện kiểm giả lập, chưa có phép đo/biên bản thực độc lập và quyết định kết luận. Không suy số đạt từ tỷ lệ định mức.",khong,Bộ giả lập chưa đủ chứng từ nguồn; tách thử nghiệm khỏi nghiệp vụ vận hành
baseline.json,quality_results[].inspected_qty,9,Kết quả QC giả lập,"Dữ kiện kiểm giả lập, chưa có phép đo/biên bản thực độc lập và quyết định kết luận. Không suy số đạt từ tỷ lệ định mức.",khong,Bộ giả lập chưa đủ chứng từ nguồn; tách thử nghiệm khỏi nghiệp vụ vận hành
baseline.json,quality_results[].quality_id,9,Kết quả QC giả lập,"Dữ kiện kiểm giả lập, chưa có phép đo/biên bản thực độc lập và quyết định kết luận. Không suy số đạt từ tỷ lệ định mức.",khong,Bộ giả lập chưa đủ chứng từ nguồn; tách thử nghiệm khỏi nghiệp vụ vận hành
baseline.json,quality_results[].reject_qty,9,Kết quả QC giả lập,"Dữ kiện kiểm giả lập, chưa có phép đo/biên bản thực độc lập và quyết định kết luận. Không suy số đạt từ tỷ lệ định mức.",khong,Bộ giả lập chưa đủ chứng từ nguồn; tách thử nghiệm khỏi nghiệp vụ vận hành
baseline.json,quality_results[].reject_reasons.broken,9,Kết quả QC giả lập,"Dữ kiện kiểm giả lập, chưa có phép đo/biên bản thực độc lập và quyết định kết luận. Không suy số đạt từ tỷ lệ định mức.",khong,Bộ giả lập chưa đủ chứng từ nguồn; tách thử nghiệm khỏi nghiệp vụ vận hành
baseline.json,quality_results[].reject_reasons.color,8,Kết quả QC giả lập,"Dữ kiện kiểm giả lập, chưa có phép đo/biên bản thực độc lập và quyết định kết luận. Không suy số đạt từ tỷ lệ định mức.",khong,Bộ giả lập chưa đủ chứng từ nguồn; tách thử nghiệm khỏi nghiệp vụ vận hành
baseline.json,quality_results[].reject_reasons.surface,1,Kết quả QC giả lập,"Dữ kiện kiểm giả lập, chưa có phép đo/biên bản thực độc lập và quyết định kết luận. Không suy số đạt từ tỷ lệ định mức.",khong,Bộ giả lập chưa đủ chứng từ nguồn; tách thử nghiệm khỏi nghiệp vụ vận hành
baseline.json,receipts[].actor_id,5,Dữ kiện giả lập cần chứng từ nguồn,"Có thể dùng làm tình huống nhập thử có nhãn, nhưng chưa có chứng từ/quan sát của Nasaki. Phải ánh xạ đúng sổ gốc, người ghi, mốc và bản; thiếu thì chờ.",khong,Bộ giả lập chưa đủ chứng từ nguồn; tách thử nghiệm khỏi nghiệp vụ vận hành
baseline.json,receipts[].amount_vnd,5,Dữ kiện giả lập cần chứng từ nguồn,"Có thể dùng làm tình huống nhập thử có nhãn, nhưng chưa có chứng từ/quan sát của Nasaki. Phải ánh xạ đúng sổ gốc, người ghi, mốc và bản; thiếu thì chờ.",khong,Bộ giả lập chưa đủ chứng từ nguồn; tách thử nghiệm khỏi nghiệp vụ vận hành
baseline.json,receipts[].date,5,Dữ kiện giả lập cần chứng từ nguồn,"Có thể dùng làm tình huống nhập thử có nhãn, nhưng chưa có chứng từ/quan sát của Nasaki. Phải ánh xạ đúng sổ gốc, người ghi, mốc và bản; thiếu thì chờ.",khong,Bộ giả lập chưa đủ chứng từ nguồn; tách thử nghiệm khỏi nghiệp vụ vận hành
baseline.json,receipts[].evidence_id,5,Xác nhận giả định thiếu hồ sơ,"Mã người/trạng thái/chứng cứ giả lập chưa có hồ sơ đủ nội dung, bản, phạm vi và thời điểm. Không dùng để vượt bước xác nhận.",khong,Bộ giả lập chưa đủ chứng từ nguồn; tách thử nghiệm khỏi nghiệp vụ vận hành
baseline.json,receipts[].order_id,5,Dữ kiện giả lập cần chứng từ nguồn,"Có thể dùng làm tình huống nhập thử có nhãn, nhưng chưa có chứng từ/quan sát của Nasaki. Phải ánh xạ đúng sổ gốc, người ghi, mốc và bản; thiếu thì chờ.",khong,Bộ giả lập chưa đủ chứng từ nguồn; tách thử nghiệm khỏi nghiệp vụ vận hành
baseline.json,receipts[].payer_id,5,Dữ kiện giả lập cần chứng từ nguồn,"Có thể dùng làm tình huống nhập thử có nhãn, nhưng chưa có chứng từ/quan sát của Nasaki. Phải ánh xạ đúng sổ gốc, người ghi, mốc và bản; thiếu thì chờ.",khong,Bộ giả lập chưa đủ chứng từ nguồn; tách thử nghiệm khỏi nghiệp vụ vận hành
baseline.json,receipts[].receipt_id,5,Dữ kiện giả lập cần chứng từ nguồn,"Có thể dùng làm tình huống nhập thử có nhãn, nhưng chưa có chứng từ/quan sát của Nasaki. Phải ánh xạ đúng sổ gốc, người ghi, mốc và bản; thiếu thì chờ.",khong,Bộ giả lập chưa đủ chứng từ nguồn; tách thử nghiệm khỏi nghiệp vụ vận hành
baseline.json,reservations[].approved_by,1,Xác nhận giả định thiếu hồ sơ,"Chỉ mã người duyệt giả lập, thiếu hồ sơ quyết định đầy đủ theo bản/phạm vi/mốc/căn cứ. Không tự cấp hiệu lực.",khong,Bộ giả lập chưa đủ chứng từ nguồn; tách thử nghiệm khỏi nghiệp vụ vận hành
baseline.json,reservations[].confirmed_by,1,Xác nhận giả định thiếu hồ sơ,"Mã người/trạng thái/chứng cứ giả lập chưa có hồ sơ đủ nội dung, bản, phạm vi và thời điểm. Không dùng để vượt bước xác nhận.",khong,Bộ giả lập chưa đủ chứng từ nguồn; tách thử nghiệm khỏi nghiệp vụ vận hành
baseline.json,reservations[].created_by,1,Nguồn giữ giả lập chưa đủ căn cứ,OTHER-001 chưa có hồ sơ nhu cầu và quyết định duyệt đầy đủ. Không coi giữ 300 là hợp lệ chỉ từ nhãn approved; phải bổ sung nguồn riêng hoặc loại khỏi bản khởi tạo.,khong,Bộ giả lập chưa đủ chứng từ nguồn; tách thử nghiệm khỏi nghiệp vụ vận hành
baseline.json,reservations[].id,1,Nguồn giữ giả lập chưa đủ căn cứ,OTHER-001 chưa có hồ sơ nhu cầu và quyết định duyệt đầy đủ. Không coi giữ 300 là hợp lệ chỉ từ nhãn approved; phải bổ sung nguồn riêng hoặc loại khỏi bản khởi tạo.,khong,Bộ giả lập chưa đủ chứng từ nguồn; tách thử nghiệm khỏi nghiệp vụ vận hành
baseline.json,reservations[].item_id,1,Nguồn giữ giả lập chưa đủ căn cứ,OTHER-001 chưa có hồ sơ nhu cầu và quyết định duyệt đầy đủ. Không coi giữ 300 là hợp lệ chỉ từ nhãn approved; phải bổ sung nguồn riêng hoặc loại khỏi bản khởi tạo.,khong,Bộ giả lập chưa đủ chứng từ nguồn; tách thử nghiệm khỏi nghiệp vụ vận hành
baseline.json,reservations[].lot_id,1,Nguồn giữ giả lập chưa đủ căn cứ,OTHER-001 chưa có hồ sơ nhu cầu và quyết định duyệt đầy đủ. Không coi giữ 300 là hợp lệ chỉ từ nhãn approved; phải bổ sung nguồn riêng hoặc loại khỏi bản khởi tạo.,khong,Bộ giả lập chưa đủ chứng từ nguồn; tách thử nghiệm khỏi nghiệp vụ vận hành
baseline.json,reservations[].qty,1,Nguồn giữ giả lập chưa đủ căn cứ,OTHER-001 chưa có hồ sơ nhu cầu và quyết định duyệt đầy đủ. Không coi giữ 300 là hợp lệ chỉ từ nhãn approved; phải bổ sung nguồn riêng hoặc loại khỏi bản khởi tạo.,khong,Bộ giả lập chưa đủ chứng từ nguồn; tách thử nghiệm khỏi nghiệp vụ vận hành
baseline.json,reservations[].source_id,1,Nguồn giữ giả lập chưa đủ căn cứ,OTHER-001 chưa có hồ sơ nhu cầu và quyết định duyệt đầy đủ. Không coi giữ 300 là hợp lệ chỉ từ nhãn approved; phải bổ sung nguồn riêng hoặc loại khỏi bản khởi tạo.,khong,Bộ giả lập chưa đủ chứng từ nguồn; tách thử nghiệm khỏi nghiệp vụ vận hành
baseline.json,reservations[].source_kind,1,Nguồn giữ giả lập chưa đủ căn cứ,OTHER-001 chưa có hồ sơ nhu cầu và quyết định duyệt đầy đủ. Không coi giữ 300 là hợp lệ chỉ từ nhãn approved; phải bổ sung nguồn riêng hoặc loại khỏi bản khởi tạo.,khong,Bộ giả lập chưa đủ chứng từ nguồn; tách thử nghiệm khỏi nghiệp vụ vận hành
baseline.json,reservations[].source_status,1,Xác nhận giả định thiếu hồ sơ,"Mã người/trạng thái/chứng cứ giả lập chưa có hồ sơ đủ nội dung, bản, phạm vi và thời điểm. Không dùng để vượt bước xác nhận.",khong,Bộ giả lập chưa đủ chứng từ nguồn; tách thử nghiệm khỏi nghiệp vụ vận hành
baseline.json,resources[].capacity,5,Tham số hoặc phương án đề xuất,"Khai báo mô phỏng, chưa được xác minh từ Nasaki; cần người khai báo, chứng từ và bản hiệu lực/duyệt trước áp dụng.",khong,Bộ giả lập chưa đủ chứng từ nguồn; tách thử nghiệm khỏi nghiệp vụ vận hành
baseline.json,resources[].id,5,Tham số hoặc phương án đề xuất,"Khai báo mô phỏng, chưa được xác minh từ Nasaki; cần người khai báo, chứng từ và bản hiệu lực/duyệt trước áp dụng.",khong,Bộ giả lập chưa đủ chứng từ nguồn; tách thử nghiệm khỏi nghiệp vụ vận hành
baseline.json,resources[].kind,5,Tham số hoặc phương án đề xuất,"Khai báo mô phỏng, chưa được xác minh từ Nasaki; cần người khai báo, chứng từ và bản hiệu lực/duyệt trước áp dụng.",khong,Bộ giả lập chưa đủ chứng từ nguồn; tách thử nghiệm khỏi nghiệp vụ vận hành
baseline.json,resources[].unit,5,Tham số hoặc phương án đề xuất,"Khai báo mô phỏng, chưa được xác minh từ Nasaki; cần người khai báo, chứng từ và bản hiệu lực/duyệt trước áp dụng.",khong,Bộ giả lập chưa đủ chứng từ nguồn; tách thử nghiệm khỏi nghiệp vụ vận hành
baseline.json,roles_account_count,1,Kết quả tính kiểm tra,Chỉ mô tả bản/mốc/giới hạn bộ kiểm; không xác nhận nghiệp vụ.,khong,Bộ giả lập chưa đủ chứng từ nguồn; tách thử nghiệm khỏi nghiệp vụ vận hành
baseline.json,sales[].accepted_by,3,Xác nhận giả định thiếu hồ sơ,"Mã người/trạng thái/chứng cứ giả lập chưa có hồ sơ đủ nội dung, bản, phạm vi và thời điểm. Không dùng để vượt bước xác nhận.",khong,Bộ giả lập chưa đủ chứng từ nguồn; tách thử nghiệm khỏi nghiệp vụ vận hành
baseline.json,sales[].accepted_evidence_id,3,Xác nhận giả định thiếu hồ sơ,"Mã người/trạng thái/chứng cứ giả lập chưa có hồ sơ đủ nội dung, bản, phạm vi và thời điểm. Không dùng để vượt bước xác nhận.",khong,Bộ giả lập chưa đủ chứng từ nguồn; tách thử nghiệm khỏi nghiệp vụ vận hành
baseline.json,sales[].cogs_vnd,3,Kết quả tính kiểm tra,Tổng/đơn giá/số dư hoặc lượng đã dùng tính trước từ các dòng; không là nguồn độc lập.,khong,Bộ giả lập chưa đủ chứng từ nguồn; tách thử nghiệm khỏi nghiệp vụ vận hành
baseline.json,sales[].confirmed_by,3,Xác nhận giả định thiếu hồ sơ,"Mã người/trạng thái/chứng cứ giả lập chưa có hồ sơ đủ nội dung, bản, phạm vi và thời điểm. Không dùng để vượt bước xác nhận.",khong,Bộ giả lập chưa đủ chứng từ nguồn; tách thử nghiệm khỏi nghiệp vụ vận hành
baseline.json,sales[].date,3,Dữ kiện giả lập cần chứng từ nguồn,"Có thể dùng làm tình huống nhập thử có nhãn, nhưng chưa có chứng từ/quan sát của Nasaki. Phải ánh xạ đúng sổ gốc, người ghi, mốc và bản; thiếu thì chờ.",khong,Bộ giả lập chưa đủ chứng từ nguồn; tách thử nghiệm khỏi nghiệp vụ vận hành
baseline.json,sales[].due_date,3,Dữ kiện giả lập cần chứng từ nguồn,"Có thể dùng làm tình huống nhập thử có nhãn, nhưng chưa có chứng từ/quan sát của Nasaki. Phải ánh xạ đúng sổ gốc, người ghi, mốc và bản; thiếu thì chờ.",khong,Bộ giả lập chưa đủ chứng từ nguồn; tách thử nghiệm khỏi nghiệp vụ vận hành
baseline.json,sales[].order_id,3,Dữ kiện giả lập cần chứng từ nguồn,"Có thể dùng làm tình huống nhập thử có nhãn, nhưng chưa có chứng từ/quan sát của Nasaki. Phải ánh xạ đúng sổ gốc, người ghi, mốc và bản; thiếu thì chờ.",khong,Bộ giả lập chưa đủ chứng từ nguồn; tách thử nghiệm khỏi nghiệp vụ vận hành
baseline.json,sales[].qty,3,Dữ kiện giả lập cần chứng từ nguồn,"Có thể dùng làm tình huống nhập thử có nhãn, nhưng chưa có chứng từ/quan sát của Nasaki. Phải ánh xạ đúng sổ gốc, người ghi, mốc và bản; thiếu thì chờ.",khong,Bộ giả lập chưa đủ chứng từ nguồn; tách thử nghiệm khỏi nghiệp vụ vận hành
baseline.json,sales[].revenue_vnd,3,Kết quả tính kiểm tra,Tổng/đơn giá/số dư hoặc lượng đã dùng tính trước từ các dòng; không là nguồn độc lập.,khong,Bộ giả lập chưa đủ chứng từ nguồn; tách thử nghiệm khỏi nghiệp vụ vận hành
baseline.json,sales[].sale_id,3,Dữ kiện giả lập cần chứng từ nguồn,"Có thể dùng làm tình huống nhập thử có nhãn, nhưng chưa có chứng từ/quan sát của Nasaki. Phải ánh xạ đúng sổ gốc, người ghi, mốc và bản; thiếu thì chờ.",khong,Bộ giả lập chưa đủ chứng từ nguồn; tách thử nghiệm khỏi nghiệp vụ vận hành
baseline.json,sales[].shipment_id,3,Dữ kiện giả lập cần chứng từ nguồn,"Có thể dùng làm tình huống nhập thử có nhãn, nhưng chưa có chứng từ/quan sát của Nasaki. Phải ánh xạ đúng sổ gốc, người ghi, mốc và bản; thiếu thì chờ.",khong,Bộ giả lập chưa đủ chứng từ nguồn; tách thử nghiệm khỏi nghiệp vụ vận hành
baseline.json,stock_events[].actor_id,61,Dữ kiện giả lập cần chứng từ nguồn,"Có thể dùng làm tình huống nhập thử có nhãn, nhưng chưa có chứng từ/quan sát của Nasaki. Phải ánh xạ đúng sổ gốc, người ghi, mốc và bản; thiếu thì chờ.",khong,Bộ giả lập chưa đủ chứng từ nguồn; tách thử nghiệm khỏi nghiệp vụ vận hành
baseline.json,stock_events[].date,61,Dữ kiện giả lập cần chứng từ nguồn,"Có thể dùng làm tình huống nhập thử có nhãn, nhưng chưa có chứng từ/quan sát của Nasaki. Phải ánh xạ đúng sổ gốc, người ghi, mốc và bản; thiếu thì chờ.",khong,Bộ giả lập chưa đủ chứng từ nguồn; tách thử nghiệm khỏi nghiệp vụ vận hành
baseline.json,stock_events[].event_id,61,Dữ kiện giả lập cần chứng từ nguồn,"Có thể dùng làm tình huống nhập thử có nhãn, nhưng chưa có chứng từ/quan sát của Nasaki. Phải ánh xạ đúng sổ gốc, người ghi, mốc và bản; thiếu thì chờ.",khong,Bộ giả lập chưa đủ chứng từ nguồn; tách thử nghiệm khỏi nghiệp vụ vận hành
baseline.json,stock_events[].item_id,61,Dữ kiện giả lập cần chứng từ nguồn,"Có thể dùng làm tình huống nhập thử có nhãn, nhưng chưa có chứng từ/quan sát của Nasaki. Phải ánh xạ đúng sổ gốc, người ghi, mốc và bản; thiếu thì chờ.",khong,Bộ giả lập chưa đủ chứng từ nguồn; tách thử nghiệm khỏi nghiệp vụ vận hành
baseline.json,stock_events[].kind,61,Dữ kiện giả lập cần chứng từ nguồn,"Có thể dùng làm tình huống nhập thử có nhãn, nhưng chưa có chứng từ/quan sát của Nasaki. Phải ánh xạ đúng sổ gốc, người ghi, mốc và bản; thiếu thì chờ.",khong,Bộ giả lập chưa đủ chứng từ nguồn; tách thử nghiệm khỏi nghiệp vụ vận hành
baseline.json,stock_events[].lot_id,61,Dữ kiện giả lập cần chứng từ nguồn,"Có thể dùng làm tình huống nhập thử có nhãn, nhưng chưa có chứng từ/quan sát của Nasaki. Phải ánh xạ đúng sổ gốc, người ghi, mốc và bản; thiếu thì chờ.",khong,Bộ giả lập chưa đủ chứng từ nguồn; tách thử nghiệm khỏi nghiệp vụ vận hành
baseline.json,stock_events[].qty,61,Dữ kiện giả lập cần chứng từ nguồn,"Có thể dùng làm tình huống nhập thử có nhãn, nhưng chưa có chứng từ/quan sát của Nasaki. Phải ánh xạ đúng sổ gốc, người ghi, mốc và bản; thiếu thì chờ.",khong,Bộ giả lập chưa đủ chứng từ nguồn; tách thử nghiệm khỏi nghiệp vụ vận hành
baseline.json,stock_events[].source_id,61,Dữ kiện giả lập cần chứng từ nguồn,"Có thể dùng làm tình huống nhập thử có nhãn, nhưng chưa có chứng từ/quan sát của Nasaki. Phải ánh xạ đúng sổ gốc, người ghi, mốc và bản; thiếu thì chờ.",khong,Bộ giả lập chưa đủ chứng từ nguồn; tách thử nghiệm khỏi nghiệp vụ vận hành
baseline.json,stock_events[].status,61,Xác nhận giả định thiếu hồ sơ,"Mã người/trạng thái/chứng cứ giả lập chưa có hồ sơ đủ nội dung, bản, phạm vi và thời điểm. Không dùng để vượt bước xác nhận.",khong,Bộ giả lập chưa đủ chứng từ nguồn; tách thử nghiệm khỏi nghiệp vụ vận hành
baseline.json,stock_events[].value_vnd,61,Kết quả tính kiểm tra,Giá trị đã tính/chụp trong bộ kiểm; vận động lượng không đủ là căn cứ định giá. Cần đối chiếu nguồn mua/giá thành và biến động giá trị riêng.,khong,Bộ giả lập chưa đủ chứng từ nguồn; tách thử nghiệm khỏi nghiệp vụ vận hành
baseline.json,variants[].color,4,Dữ kiện giả lập cần chứng từ nguồn,"Có thể dùng làm tình huống nhập thử có nhãn, nhưng chưa có chứng từ/quan sát của Nasaki. Phải ánh xạ đúng sổ gốc, người ghi, mốc và bản; thiếu thì chờ.",khong,Bộ giả lập chưa đủ chứng từ nguồn; tách thử nghiệm khỏi nghiệp vụ vận hành
baseline.json,variants[].min_available,4,Tham số hoặc phương án đề xuất,"Ngưỡng tồn đề xuất; cảnh báo khi so với số tính được, không tự tạo yêu cầu mua.",khong,Bộ giả lập chưa đủ chứng từ nguồn; tách thử nghiệm khỏi nghiệp vụ vận hành
baseline.json,variants[].name,4,Dữ kiện giả lập cần chứng từ nguồn,"Có thể dùng làm tình huống nhập thử có nhãn, nhưng chưa có chứng từ/quan sát của Nasaki. Phải ánh xạ đúng sổ gốc, người ghi, mốc và bản; thiếu thì chờ.",khong,Bộ giả lập chưa đủ chứng từ nguồn; tách thử nghiệm khỏi nghiệp vụ vận hành
baseline.json,variants[].pieces_per_m2,4,Tham số hoặc phương án đề xuất,"Khai báo mô phỏng, chưa được xác minh từ Nasaki; cần người khai báo, chứng từ và bản hiệu lực/duyệt trước áp dụng.",khong,Bộ giả lập chưa đủ chứng từ nguồn; tách thử nghiệm khỏi nghiệp vụ vận hành
baseline.json,variants[].product_id,4,Dữ kiện giả lập cần chứng từ nguồn,"Có thể dùng làm tình huống nhập thử có nhãn, nhưng chưa có chứng từ/quan sát của Nasaki. Phải ánh xạ đúng sổ gốc, người ghi, mốc và bản; thiếu thì chờ.",khong,Bộ giả lập chưa đủ chứng từ nguồn; tách thử nghiệm khỏi nghiệp vụ vận hành
baseline.json,variants[].size_code,4,Dữ kiện giả lập cần chứng từ nguồn,"Có thể dùng làm tình huống nhập thử có nhãn, nhưng chưa có chứng từ/quan sát của Nasaki. Phải ánh xạ đúng sổ gốc, người ghi, mốc và bản; thiếu thì chờ.",khong,Bộ giả lập chưa đủ chứng từ nguồn; tách thử nghiệm khỏi nghiệp vụ vận hành
baseline.json,variants[].status,4,Xác nhận giả định thiếu hồ sơ,"Mã người/trạng thái/chứng cứ giả lập chưa có hồ sơ đủ nội dung, bản, phạm vi và thời điểm. Không dùng để vượt bước xác nhận.",khong,Bộ giả lập chưa đủ chứng từ nguồn; tách thử nghiệm khỏi nghiệp vụ vận hành
baseline.json,variants[].target_available,4,Tham số hoặc phương án đề xuất,"Khai báo mô phỏng, chưa được xác minh từ Nasaki; cần người khai báo, chứng từ và bản hiệu lực/duyệt trước áp dụng.",khong,Bộ giả lập chưa đủ chứng từ nguồn; tách thử nghiệm khỏi nghiệp vụ vận hành
baseline.json,variants[].unit,4,Dữ kiện giả lập cần chứng từ nguồn,"Có thể dùng làm tình huống nhập thử có nhãn, nhưng chưa có chứng từ/quan sát của Nasaki. Phải ánh xạ đúng sổ gốc, người ghi, mốc và bản; thiếu thì chờ.",khong,Bộ giả lập chưa đủ chứng từ nguồn; tách thử nghiệm khỏi nghiệp vụ vận hành
baseline.json,variants[].variant_id,4,Dữ kiện giả lập cần chứng từ nguồn,"Có thể dùng làm tình huống nhập thử có nhãn, nhưng chưa có chứng từ/quan sát của Nasaki. Phải ánh xạ đúng sổ gốc, người ghi, mốc và bản; thiếu thì chờ.",khong,Bộ giả lập chưa đủ chứng từ nguồn; tách thử nghiệm khỏi nghiệp vụ vận hành
scenario-cases.json,cases[].action,24,Điều kiện kịch bản thử,Mốc khôi phục/hành động/giả định của nhánh thử; không là giao dịch đã xảy ra hoặc quyết định đã có.,khong,Bộ giả lập chưa đủ chứng từ nguồn; tách thử nghiệm khỏi nghiệp vụ vận hành
scenario-cases.json,cases[].case_id,24,Điều kiện kịch bản thử,Mốc khôi phục/hành động/giả định của nhánh thử; không là giao dịch đã xảy ra hoặc quyết định đã có.,khong,Bộ giả lập chưa đủ chứng từ nguồn; tách thử nghiệm khỏi nghiệp vụ vận hành
scenario-cases.json,cases[].expected.actual_team_direct_minutes,1,Kết quả mong đợi kiểm tra,Không phải nguồn; chỉ so sánh với kết quả tính từ giao dịch thử độc lập.,khong,Bộ giả lập chưa đủ chứng từ nguồn; tách thử nghiệm khỏi nghiệp vụ vận hành
scenario-cases.json,cases[].expected.affected_work_state,1,Kết quả mong đợi kiểm tra,Không phải nguồn; chỉ so sánh với kết quả tính từ giao dịch thử độc lập.,khong,Bộ giả lập chưa đủ chứng từ nguồn; tách thử nghiệm khỏi nghiệp vụ vận hành
scenario-cases.json,cases[].expected.allow_planned_time_as_actual,1,Kết quả mong đợi kiểm tra,Không phải nguồn; chỉ so sánh với kết quả tính từ giao dịch thử độc lập.,khong,Bộ giả lập chưa đủ chứng từ nguồn; tách thử nghiệm khỏi nghiệp vụ vận hành
scenario-cases.json,cases[].expected.allowed,7,Kết quả mong đợi kiểm tra,Không phải nguồn; chỉ so sánh với kết quả tính từ giao dịch thử độc lập.,khong,Bộ giả lập chưa đủ chứng từ nguồn; tách thử nghiệm khỏi nghiệp vụ vận hành
scenario-cases.json,cases[].expected.allowed_legitimate_return,1,Kết quả mong đợi kiểm tra,Không phải nguồn; chỉ so sánh với kết quả tính từ giao dịch thử độc lập.,khong,Bộ giả lập chưa đủ chứng từ nguồn; tách thử nghiệm khỏi nghiệp vụ vận hành
scenario-cases.json,cases[].expected.auto_accept_rejected_payable,1,Kết quả mong đợi kiểm tra,Không phải nguồn; chỉ so sánh với kết quả tính từ giao dịch thử độc lập.,khong,Bộ giả lập chưa đủ chứng từ nguồn; tách thử nghiệm khỏi nghiệp vụ vận hành
scenario-cases.json,cases[].expected.auto_convert_to_standard,1,Kết quả mong đợi kiểm tra,Không phải nguồn; chỉ so sánh với kết quả tính từ giao dịch thử độc lập.,khong,Bộ giả lập chưa đủ chứng từ nguồn; tách thử nghiệm khỏi nghiệp vụ vận hành
scenario-cases.json,cases[].expected.automatic_bank_change_vnd,1,Kết quả mong đợi kiểm tra,Không phải nguồn; chỉ so sánh với kết quả tính từ giao dịch thử độc lập.,khong,Bộ giả lập chưa đủ chứng từ nguồn; tách thử nghiệm khỏi nghiệp vụ vận hành
scenario-cases.json,cases[].expected.automatic_cancel_fee_vnd,1,Kết quả mong đợi kiểm tra,Không phải nguồn; chỉ so sánh với kết quả tính từ giao dịch thử độc lập.,khong,Bộ giả lập chưa đủ chứng từ nguồn; tách thử nghiệm khỏi nghiệp vụ vận hành
scenario-cases.json,cases[].expected.automatic_fx_rate,1,Kết quả mong đợi kiểm tra,Không phải nguồn; chỉ so sánh với kết quả tính từ giao dịch thử độc lập.,khong,Bộ giả lập chưa đủ chứng từ nguồn; tách thử nghiệm khỏi nghiệp vụ vận hành
scenario-cases.json,cases[].expected.automatic_payroll_access,1,Kết quả mong đợi kiểm tra,Không phải nguồn; chỉ so sánh với kết quả tính từ giao dịch thử độc lập.,khong,Bộ giả lập chưa đủ chứng từ nguồn; tách thử nghiệm khỏi nghiệp vụ vận hành
scenario-cases.json,cases[].expected.automatic_refund_vnd,1,Kết quả mong đợi kiểm tra,Không phải nguồn; chỉ so sánh với kết quả tính từ giao dịch thử độc lập.,khong,Bộ giả lập chưa đủ chứng từ nguồn; tách thử nghiệm khỏi nghiệp vụ vận hành
scenario-cases.json,cases[].expected.automatic_reversal_of_consumed_material,1,Kết quả mong đợi kiểm tra,Không phải nguồn; chỉ so sánh với kết quả tính từ giao dịch thử độc lập.,khong,Bộ giả lập chưa đủ chứng từ nguồn; tách thử nghiệm khỏi nghiệp vụ vận hành
scenario-cases.json,cases[].expected.automatic_substitute,1,Kết quả mong đợi kiểm tra,Không phải nguồn; chỉ so sánh với kết quả tính từ giao dịch thử độc lập.,khong,Bộ giả lập chưa đủ chứng từ nguồn; tách thử nghiệm khỏi nghiệp vụ vận hành
scenario-cases.json,cases[].expected.available_after_first_qty,1,Kết quả mong đợi kiểm tra,Không phải nguồn; chỉ so sánh với kết quả tính từ giao dịch thử độc lập.,khong,Bộ giả lập chưa đủ chứng từ nguồn; tách thử nghiệm khỏi nghiệp vụ vận hành
scenario-cases.json,cases[].expected.available_for_n_qty,1,Kết quả mong đợi kiểm tra,Không phải nguồn; chỉ so sánh với kết quả tính từ giao dịch thử độc lập.,khong,Bộ giả lập chưa đủ chứng từ nguồn; tách thử nghiệm khỏi nghiệp vụ vận hành
scenario-cases.json,cases[].expected.available_qty,1,Kết quả mong đợi kiểm tra,Không phải nguồn; chỉ so sánh với kết quả tính từ giao dịch thử độc lập.,khong,Bộ giả lập chưa đủ chứng từ nguồn; tách thử nghiệm khỏi nghiệp vụ vận hành
scenario-cases.json,cases[].expected.bank_after_refund_vnd,1,Kết quả mong đợi kiểm tra,Không phải nguồn; chỉ so sánh với kết quả tính từ giao dịch thử độc lập.,khong,Bộ giả lập chưa đủ chứng từ nguồn; tách thử nghiệm khỏi nghiệp vụ vận hành
scenario-cases.json,cases[].expected.bank_before_refund_vnd,1,Kết quả mong đợi kiểm tra,Không phải nguồn; chỉ so sánh với kết quả tính từ giao dịch thử độc lập.,khong,Bộ giả lập chưa đủ chứng từ nguồn; tách thử nghiệm khỏi nghiệp vụ vận hành
scenario-cases.json,cases[].expected.can_complete_export,1,Kết quả mong đợi kiểm tra,Không phải nguồn; chỉ so sánh với kết quả tính từ giao dịch thử độc lập.,khong,Bộ giả lập chưa đủ chứng từ nguồn; tách thử nghiệm khỏi nghiệp vụ vận hành
scenario-cases.json,cases[].expected.can_save_inquiry,1,Kết quả mong đợi kiểm tra,Không phải nguồn; chỉ so sánh với kết quả tính từ giao dịch thử độc lập.,khong,Bộ giả lập chưa đủ chứng từ nguồn; tách thử nghiệm khỏi nghiệp vụ vận hành
scenario-cases.json,cases[].expected.cost_status,1,Kết quả mong đợi kiểm tra,Không phải nguồn; chỉ so sánh với kết quả tính từ giao dịch thử độc lập.,khong,Bộ giả lập chưa đủ chứng từ nguồn; tách thử nghiệm khỏi nghiệp vụ vận hành
scenario-cases.json,cases[].expected.cross_customer_allocation_allowed,1,Kết quả mong đợi kiểm tra,Không phải nguồn; chỉ so sánh với kết quả tính từ giao dịch thử độc lập.,khong,Bộ giả lập chưa đủ chứng từ nguồn; tách thử nghiệm khỏi nghiệp vụ vận hành
scenario-cases.json,cases[].expected.deposit_state,1,Kết quả mong đợi kiểm tra,Không phải nguồn; chỉ so sánh với kết quả tính từ giao dịch thử độc lập.,khong,Bộ giả lập chưa đủ chứng từ nguồn; tách thử nghiệm khỏi nghiệp vụ vận hành
scenario-cases.json,cases[].expected.excess_qty,1,Kết quả mong đợi kiểm tra,Không phải nguồn; chỉ so sánh với kết quả tính từ giao dịch thử độc lập.,khong,Bộ giả lập chưa đủ chứng từ nguồn; tách thử nghiệm khỏi nghiệp vụ vận hành
scenario-cases.json,cases[].expected.excess_state,1,Kết quả mong đợi kiểm tra,Không phải nguồn; chỉ so sánh với kết quả tính từ giao dịch thử độc lập.,khong,Bộ giả lập chưa đủ chứng từ nguồn; tách thử nghiệm khỏi nghiệp vụ vận hành
scenario-cases.json,cases[].expected.export_allowed,1,Kết quả mong đợi kiểm tra,Không phải nguồn; chỉ so sánh với kết quả tính từ giao dịch thử độc lập.,khong,Bộ giả lập chưa đủ chứng từ nguồn; tách thử nghiệm khỏi nghiệp vụ vận hành
scenario-cases.json,cases[].expected.extra_income_vnd,1,Kết quả mong đợi kiểm tra,Không phải nguồn; chỉ so sánh với kết quả tính từ giao dịch thử độc lập.,khong,Bộ giả lập chưa đủ chứng từ nguồn; tách thử nghiệm khỏi nghiệp vụ vận hành
scenario-cases.json,cases[].expected.extra_remaining_before_mandatory_deductions_vnd,1,Kết quả mong đợi kiểm tra,Không phải nguồn; chỉ so sánh với kết quả tính từ giao dịch thử độc lập.,khong,Bộ giả lập chưa đủ chứng từ nguồn; tách thử nghiệm khỏi nghiệp vụ vận hành
scenario-cases.json,cases[].expected.first_success_qty,1,Kết quả mong đợi kiểm tra,Không phải nguồn; chỉ so sánh với kết quả tính từ giao dịch thử độc lập.,khong,Bộ giả lập chưa đủ chứng từ nguồn; tách thử nghiệm khỏi nghiệp vụ vận hành
scenario-cases.json,cases[].expected.full_job_material_ready,1,Kết quả mong đợi kiểm tra,Không phải nguồn; chỉ so sánh với kết quả tính từ giao dịch thử độc lập.,khong,Bộ giả lập chưa đủ chứng từ nguồn; tách thử nghiệm khỏi nghiệp vụ vận hành
scenario-cases.json,cases[].expected.history_preserved,1,Kết quả mong đợi kiểm tra,Không phải nguồn; chỉ so sánh với kết quả tính từ giao dịch thử độc lập.,khong,Bộ giả lập chưa đủ chứng từ nguồn; tách thử nghiệm khỏi nghiệp vụ vận hành
scenario-cases.json,cases[].expected.keep_old_version,1,Kết quả mong đợi kiểm tra,Không phải nguồn; chỉ so sánh với kết quả tính từ giao dịch thử độc lập.,khong,Bộ giả lập chưa đủ chứng từ nguồn; tách thử nghiệm khỏi nghiệp vụ vận hành
scenario-cases.json,cases[].expected.leave_remaining_minutes,1,Kết quả mong đợi kiểm tra,Không phải nguồn; chỉ so sánh với kết quả tính từ giao dịch thử độc lập.,khong,Bộ giả lập chưa đủ chứng từ nguồn; tách thử nghiệm khỏi nghiệp vụ vận hành
scenario-cases.json,cases[].expected.lock_remains,1,Kết quả mong đợi kiểm tra,Không phải nguồn; chỉ so sánh với kết quả tính từ giao dịch thử độc lập.,khong,Bộ giả lập chưa đủ chứng từ nguồn; tách thử nghiệm khỏi nghiệp vụ vận hành
scenario-cases.json,cases[].expected.mass_stock_issue_qty,1,Kết quả mong đợi kiểm tra,Không phải nguồn; chỉ so sánh với kết quả tính từ giao dịch thử độc lập.,khong,Bộ giả lập chưa đủ chứng từ nguồn; tách thử nghiệm khỏi nghiệp vụ vận hành
scenario-cases.json,cases[].expected.max_full_lots_by_cement_only,1,Kết quả mong đợi kiểm tra,Không phải nguồn; chỉ so sánh với kết quả tính từ giao dịch thử độc lập.,khong,Bộ giả lập chưa đủ chứng từ nguồn; tách thử nghiệm khỏi nghiệp vụ vận hành
scenario-cases.json,cases[].expected.missing_deposit_vnd,1,Kết quả mong đợi kiểm tra,Không phải nguồn; chỉ so sánh với kết quả tính từ giao dịch thử độc lập.,khong,Bộ giả lập chưa đủ chứng từ nguồn; tách thử nghiệm khỏi nghiệp vụ vận hành
scenario-cases.json,cases[].expected.n_shortfall_qty,1,Kết quả mong đợi kiểm tra,Không phải nguồn; chỉ so sánh với kết quả tính từ giao dịch thử độc lập.,khong,Bộ giả lập chưa đủ chứng từ nguồn; tách thử nghiệm khỏi nghiệp vụ vận hành
scenario-cases.json,cases[].expected.new_income_vnd,1,Kết quả mong đợi kiểm tra,Không phải nguồn; chỉ so sánh với kết quả tính từ giao dịch thử độc lập.,khong,Bộ giả lập chưa đủ chứng từ nguồn; tách thử nghiệm khỏi nghiệp vụ vận hành
scenario-cases.json,cases[].expected.new_ledger_entries,2,Kết quả mong đợi kiểm tra,Không phải nguồn; chỉ so sánh với kết quả tính từ giao dịch thử độc lập.,khong,Bộ giả lập chưa đủ chứng từ nguồn; tách thử nghiệm khỏi nghiệp vụ vận hành
scenario-cases.json,cases[].expected.not_delivered_qty,1,Kết quả mong đợi kiểm tra,Không phải nguồn; chỉ so sánh với kết quả tính từ giao dịch thử độc lập.,khong,Bộ giả lập chưa đủ chứng từ nguồn; tách thử nghiệm khỏi nghiệp vụ vận hành
scenario-cases.json,cases[].expected.not_started_qty,1,Kết quả mong đợi kiểm tra,Không phải nguồn; chỉ so sánh với kết quả tính từ giao dịch thử độc lập.,khong,Bộ giả lập chưa đủ chứng từ nguồn; tách thử nghiệm khỏi nghiệp vụ vận hành
scenario-cases.json,cases[].expected.order_shortfall_qty,1,Kết quả mong đợi kiểm tra,Không phải nguồn; chỉ so sánh với kết quả tính từ giao dịch thử độc lập.,khong,Bộ giả lập chưa đủ chứng từ nguồn; tách thử nghiệm khỏi nghiệp vụ vận hành
scenario-cases.json,cases[].expected.partial_update_allowed,1,Kết quả mong đợi kiểm tra,Không phải nguồn; chỉ so sánh với kết quả tính từ giao dịch thử độc lập.,khong,Bộ giả lập chưa đủ chứng từ nguồn; tách thử nghiệm khỏi nghiệp vụ vận hành
scenario-cases.json,cases[].expected.payment_allowed,1,Kết quả mong đợi kiểm tra,Không phải nguồn; chỉ so sánh với kết quả tính từ giao dịch thử độc lập.,khong,Bộ giả lập chưa đủ chứng từ nguồn; tách thử nghiệm khỏi nghiệp vụ vận hành
scenario-cases.json,cases[].expected.physical_cement_qty,1,Kết quả mong đợi kiểm tra,Không phải nguồn; chỉ so sánh với kết quả tính từ giao dịch thử độc lập.,khong,Bộ giả lập chưa đủ chứng từ nguồn; tách thử nghiệm khỏi nghiệp vụ vận hành
scenario-cases.json,cases[].expected.physical_qty,1,Kết quả mong đợi kiểm tra,Không phải nguồn; chỉ so sánh với kết quả tính từ giao dịch thử độc lập.,khong,Bộ giả lập chưa đủ chứng từ nguồn; tách thử nghiệm khỏi nghiệp vụ vận hành
scenario-cases.json,cases[].expected.physical_receipt_state,1,Kết quả mong đợi kiểm tra,Không phải nguồn; chỉ so sánh với kết quả tính từ giao dịch thử độc lập.,khong,Bộ giả lập chưa đủ chứng từ nguồn; tách thử nghiệm khỏi nghiệp vụ vận hành
scenario-cases.json,cases[].expected.prior_valid_approvals_preserved,1,Kết quả mong đợi kiểm tra,Không phải nguồn; chỉ so sánh với kết quả tính từ giao dịch thử độc lập.,khong,Bộ giả lập chưa đủ chứng từ nguồn; tách thử nghiệm khỏi nghiệp vụ vận hành
scenario-cases.json,cases[].expected.receipt_cash_change_vnd,1,Kết quả mong đợi kiểm tra,Không phải nguồn; chỉ so sánh với kết quả tính từ giao dịch thử độc lập.,khong,Bộ giả lập chưa đủ chứng từ nguồn; tách thử nghiệm khỏi nghiệp vụ vận hành
scenario-cases.json,cases[].expected.receivable_vnd,1,Kết quả mong đợi kiểm tra,Không phải nguồn; chỉ so sánh với kết quả tính từ giao dịch thử độc lập.,khong,Bộ giả lập chưa đủ chứng từ nguồn; tách thử nghiệm khỏi nghiệp vụ vận hành
scenario-cases.json,cases[].expected.reconcile_before_retry,1,Kết quả mong đợi kiểm tra,Không phải nguồn; chỉ so sánh với kết quả tính từ giao dịch thử độc lập.,khong,Bộ giả lập chưa đủ chứng từ nguồn; tách thử nghiệm khỏi nghiệp vụ vận hành
scenario-cases.json,cases[].expected.refund_due_vnd_before_payment,1,Kết quả mong đợi kiểm tra,Không phải nguồn; chỉ so sánh với kết quả tính từ giao dịch thử độc lập.,khong,Bộ giả lập chưa đủ chứng từ nguồn; tách thử nghiệm khỏi nghiệp vụ vận hành
scenario-cases.json,cases[].expected.remaining_custom_good_qty,1,Kết quả mong đợi kiểm tra,Không phải nguồn; chỉ so sánh với kết quả tính từ giao dịch thử độc lập.,khong,Bộ giả lập chưa đủ chứng từ nguồn; tách thử nghiệm khỏi nghiệp vụ vận hành
scenario-cases.json,cases[].expected.remaining_returnable_qty,1,Kết quả mong đợi kiểm tra,Không phải nguồn; chỉ so sánh với kết quả tính từ giao dịch thử độc lập.,khong,Bộ giả lập chưa đủ chứng từ nguồn; tách thử nghiệm khỏi nghiệp vụ vận hành
scenario-cases.json,cases[].expected.return_prior_result,1,Kết quả mong đợi kiểm tra,Không phải nguồn; chỉ so sánh với kết quả tính từ giao dịch thử độc lập.,khong,Bộ giả lập chưa đủ chứng từ nguồn; tách thử nghiệm khỏi nghiệp vụ vận hành
scenario-cases.json,cases[].expected.return_to_warehouse_qty,1,Kết quả mong đợi kiểm tra,Không phải nguồn; chỉ so sánh với kết quả tính từ giao dịch thử độc lập.,khong,Bộ giả lập chưa đủ chứng từ nguồn; tách thử nghiệm khỏi nghiệp vụ vận hành
scenario-cases.json,cases[].expected.revenue_vnd,1,Kết quả mong đợi kiểm tra,Không phải nguồn; chỉ so sánh với kết quả tính từ giao dịch thử độc lập.,khong,Bộ giả lập chưa đủ chứng từ nguồn; tách thử nghiệm khỏi nghiệp vụ vận hành
scenario-cases.json,cases[].expected.second_account_same_person_allowed,1,Kết quả mong đợi kiểm tra,Không phải nguồn; chỉ so sánh với kết quả tính từ giao dịch thử độc lập.,khong,Bộ giả lập chưa đủ chứng từ nguồn; tách thử nghiệm khỏi nghiệp vụ vận hành
scenario-cases.json,cases[].expected.second_full_request_allowed,1,Kết quả mong đợi kiểm tra,Không phải nguồn; chỉ so sánh với kết quả tính từ giao dịch thử độc lập.,khong,Bộ giả lập chưa đủ chứng từ nguồn; tách thử nghiệm khỏi nghiệp vụ vận hành
scenario-cases.json,cases[].expected.second_request_allowed,1,Kết quả mong đợi kiểm tra,Không phải nguồn; chỉ so sánh với kết quả tính từ giao dịch thử độc lập.,khong,Bộ giả lập chưa đủ chứng từ nguồn; tách thử nghiệm khỏi nghiệp vụ vận hành
scenario-cases.json,cases[].expected.second_shortfall_qty,1,Kết quả mong đợi kiểm tra,Không phải nguồn; chỉ so sánh với kết quả tính từ giao dịch thử độc lập.,khong,Bộ giả lập chưa đủ chứng từ nguồn; tách thử nghiệm khỏi nghiệp vụ vận hành
scenario-cases.json,cases[].expected.sensitive_values_in_public_logs,1,Kết quả mong đợi kiểm tra,Không phải nguồn; chỉ so sánh với kết quả tính từ giao dịch thử độc lập.,khong,Bộ giả lập chưa đủ chứng từ nguồn; tách thử nghiệm khỏi nghiệp vụ vận hành
scenario-cases.json,cases[].expected.state,2,Kết quả mong đợi kiểm tra,Không phải nguồn; chỉ so sánh với kết quả tính từ giao dịch thử độc lập.,khong,Bộ giả lập chưa đủ chứng từ nguồn; tách thử nghiệm khỏi nghiệp vụ vận hành
scenario-cases.json,cases[].expected.tile_cogs_vnd,1,Kết quả mong đợi kiểm tra,Không phải nguồn; chỉ so sánh với kết quả tính từ giao dịch thử độc lập.,khong,Bộ giả lập chưa đủ chứng từ nguồn; tách thử nghiệm khỏi nghiệp vụ vận hành
scenario-cases.json,cases[].expected.tile_gross_margin_vnd,1,Kết quả mong đợi kiểm tra,Không phải nguồn; chỉ so sánh với kết quả tính từ giao dịch thử độc lập.,khong,Bộ giả lập chưa đủ chứng từ nguồn; tách thử nghiệm khỏi nghiệp vụ vận hành
scenario-cases.json,cases[].expected.tile_inventory_qty,1,Kết quả mong đợi kiểm tra,Không phải nguồn; chỉ so sánh với kết quả tính từ giao dịch thử độc lập.,khong,Bộ giả lập chưa đủ chứng từ nguồn; tách thử nghiệm khỏi nghiệp vụ vận hành
scenario-cases.json,cases[].expected.tile_inventory_value_vnd,1,Kết quả mong đợi kiểm tra,Không phải nguồn; chỉ so sánh với kết quả tính từ giao dịch thử độc lập.,khong,Bộ giả lập chưa đủ chứng từ nguồn; tách thử nghiệm khỏi nghiệp vụ vận hành
scenario-cases.json,cases[].expected.tile_revenue_vnd,1,Kết quả mong đợi kiểm tra,Không phải nguồn; chỉ so sánh với kết quả tính từ giao dịch thử độc lập.,khong,Bộ giả lập chưa đủ chứng từ nguồn; tách thử nghiệm khỏi nghiệp vụ vận hành
scenario-cases.json,cases[].expected.total_allocated_vnd,1,Kết quả mong đợi kiểm tra,Không phải nguồn; chỉ so sánh với kết quả tính từ giao dịch thử độc lập.,khong,Bộ giả lập chưa đủ chứng từ nguồn; tách thử nghiệm khỏi nghiệp vụ vận hành
scenario-cases.json,cases[].expected.trace_delivered_qty,1,Kết quả mong đợi kiểm tra,Không phải nguồn; chỉ so sánh với kết quả tính từ giao dịch thử độc lập.,khong,Bộ giả lập chưa đủ chứng từ nguồn; tách thử nghiệm khỏi nghiệp vụ vận hành
scenario-cases.json,cases[].expected.unqualified_replacement_allowed,1,Kết quả mong đợi kiểm tra,Không phải nguồn; chỉ so sánh với kết quả tính từ giao dịch thử độc lập.,khong,Bộ giả lập chưa đủ chứng từ nguồn; tách thử nghiệm khỏi nghiệp vụ vận hành
scenario-cases.json,cases[].expected.usable_cement_qty,1,Kết quả mong đợi kiểm tra,Không phải nguồn; chỉ so sánh với kết quả tính từ giao dịch thử độc lập.,khong,Bộ giả lập chưa đủ chứng từ nguồn; tách thử nghiệm khỏi nghiệp vụ vận hành
scenario-cases.json,cases[].expected.usable_qty,2,Kết quả mong đợi kiểm tra,Không phải nguồn; chỉ so sánh với kết quả tính từ giao dịch thử độc lập.,khong,Bộ giả lập chưa đủ chứng từ nguồn; tách thử nghiệm khỏi nghiệp vụ vận hành
scenario-cases.json,cases[].expected.valid_reserved_qty,1,Kết quả mong đợi kiểm tra,Không phải nguồn; chỉ so sánh với kết quả tính từ giao dịch thử độc lập.,khong,Bộ giả lập chưa đủ chứng từ nguồn; tách thử nghiệm khỏi nghiệp vụ vận hành
scenario-cases.json,cases[].expected.warehouse_qty,1,Kết quả mong đợi kiểm tra,Không phải nguồn; chỉ so sánh với kết quả tính từ giao dịch thử độc lập.,khong,Bộ giả lập chưa đủ chứng từ nguồn; tách thử nghiệm khỏi nghiệp vụ vận hành
scenario-cases.json,cases[].inputs.accepted_delivery_qty,1,Điều kiện kịch bản thử,Mốc khôi phục/hành động/giả định của nhánh thử; không là giao dịch đã xảy ra hoặc quyết định đã có.,khong,Bộ giả lập chưa đủ chứng từ nguồn; tách thử nghiệm khỏi nghiệp vụ vận hành
scenario-cases.json,cases[].inputs.action_date,1,Điều kiện kịch bản thử,Mốc khôi phục/hành động/giả định của nhánh thử; không là giao dịch đã xảy ra hoặc quyết định đã có.,khong,Bộ giả lập chưa đủ chứng từ nguồn; tách thử nghiệm khỏi nghiệp vụ vận hành
scenario-cases.json,cases[].inputs.actor_id,2,Điều kiện kịch bản thử,Mốc khôi phục/hành động/giả định của nhánh thử; không là giao dịch đã xảy ra hoặc quyết định đã có.,khong,Bộ giả lập chưa đủ chứng từ nguồn; tách thử nghiệm khỏi nghiệp vụ vận hành
scenario-cases.json,cases[].inputs.actor_ids[],3,Điều kiện kịch bản thử,Mốc khôi phục/hành động/giả định của nhánh thử; không là giao dịch đã xảy ra hoặc quyết định đã có.,khong,Bộ giả lập chưa đủ chứng từ nguồn; tách thử nghiệm khỏi nghiệp vụ vận hành
scenario-cases.json,cases[].inputs.already_delivered_from_lot_qty,1,Điều kiện kịch bản thử,Mốc khôi phục/hành động/giả định của nhánh thử; không là giao dịch đã xảy ra hoặc quyết định đã có.,khong,Bộ giả lập chưa đủ chứng từ nguồn; tách thử nghiệm khỏi nghiệp vụ vận hành
scenario-cases.json,cases[].inputs.already_paid_vnd,1,Điều kiện kịch bản thử,Mốc khôi phục/hành động/giả định của nhánh thử; không là giao dịch đã xảy ra hoặc quyết định đã có.,khong,Bộ giả lập chưa đủ chứng từ nguồn; tách thử nghiệm khỏi nghiệp vụ vận hành
scenario-cases.json,cases[].inputs.amount_limit_vnd,1,Điều kiện kịch bản thử,Mốc khôi phục/hành động/giả định của nhánh thử; không là giao dịch đã xảy ra hoặc quyết định đã có.,khong,Bộ giả lập chưa đủ chứng từ nguồn; tách thử nghiệm khỏi nghiệp vụ vận hành
scenario-cases.json,cases[].inputs.approver_employee_id,1,Điều kiện kịch bản thử,Mốc khôi phục/hành động/giả định của nhánh thử; không là giao dịch đã xảy ra hoặc quyết định đã có.,khong,Bộ giả lập chưa đủ chứng từ nguồn; tách thử nghiệm khỏi nghiệp vụ vận hành
scenario-cases.json,cases[].inputs.available_qty,1,Điều kiện kịch bản thử,Mốc khôi phục/hành động/giả định của nhánh thử; không là giao dịch đã xảy ra hoặc quyết định đã có.,khong,Bộ giả lập chưa đủ chứng từ nguồn; tách thử nghiệm khỏi nghiệp vụ vận hành
scenario-cases.json,cases[].inputs.bank_balance_vnd,1,Điều kiện kịch bản thử,Mốc khôi phục/hành động/giả định của nhánh thử; không là giao dịch đã xảy ra hoặc quyết định đã có.,khong,Bộ giả lập chưa đủ chứng từ nguồn; tách thử nghiệm khỏi nghiệp vụ vận hành
scenario-cases.json,cases[].inputs.base_bank_vnd,1,Điều kiện kịch bản thử,Mốc khôi phục/hành động/giả định của nhánh thử; không là giao dịch đã xảy ra hoặc quyết định đã có.,khong,Bộ giả lập chưa đủ chứng từ nguồn; tách thử nghiệm khỏi nghiệp vụ vận hành
scenario-cases.json,cases[].inputs.base_salary_vnd,1,Điều kiện kịch bản thử,Mốc khôi phục/hành động/giả định của nhánh thử; không là giao dịch đã xảy ra hoặc quyết định đã có.,khong,Bộ giả lập chưa đủ chứng từ nguồn; tách thử nghiệm khỏi nghiệp vụ vận hành
scenario-cases.json,cases[].inputs.base_tile_cogs_vnd,1,Điều kiện kịch bản thử,Mốc khôi phục/hành động/giả định của nhánh thử; không là giao dịch đã xảy ra hoặc quyết định đã có.,khong,Bộ giả lập chưa đủ chứng từ nguồn; tách thử nghiệm khỏi nghiệp vụ vận hành
scenario-cases.json,cases[].inputs.base_tile_qty,1,Điều kiện kịch bản thử,Mốc khôi phục/hành động/giả định của nhánh thử; không là giao dịch đã xảy ra hoặc quyết định đã có.,khong,Bộ giả lập chưa đủ chứng từ nguồn; tách thử nghiệm khỏi nghiệp vụ vận hành
scenario-cases.json,cases[].inputs.base_tile_revenue_vnd,1,Điều kiện kịch bản thử,Mốc khôi phục/hành động/giả định của nhánh thử; không là giao dịch đã xảy ra hoặc quyết định đã có.,khong,Bộ giả lập chưa đủ chứng từ nguồn; tách thử nghiệm khỏi nghiệp vụ vận hành
scenario-cases.json,cases[].inputs.beneficiary_employee_id,1,Điều kiện kịch bản thử,Mốc khôi phục/hành động/giả định của nhánh thử; không là giao dịch đã xảy ra hoặc quyết định đã có.,khong,Bộ giả lập chưa đủ chứng từ nguồn; tách thử nghiệm khỏi nghiệp vụ vận hành
scenario-cases.json,cases[].inputs.cement_per_full_lot_qty,1,Điều kiện kịch bản thử,Mốc khôi phục/hành động/giả định của nhánh thử; không là giao dịch đã xảy ra hoặc quyết định đã có.,khong,Bộ giả lập chưa đủ chứng từ nguồn; tách thử nghiệm khỏi nghiệp vụ vận hành
scenario-cases.json,cases[].inputs.changed_minutes,1,Điều kiện kịch bản thử,Mốc khôi phục/hành động/giả định của nhánh thử; không là giao dịch đã xảy ra hoặc quyết định đã có.,khong,Bộ giả lập chưa đủ chứng từ nguồn; tách thử nghiệm khỏi nghiệp vụ vận hành
scenario-cases.json,cases[].inputs.cost_sources_complete,1,Điều kiện kịch bản thử,Mốc khôi phục/hành động/giả định của nhánh thử; không là giao dịch đã xảy ra hoặc quyết định đã có.,khong,Bộ giả lập chưa đủ chứng từ nguồn; tách thử nghiệm khỏi nghiệp vụ vận hành
scenario-cases.json,cases[].inputs.customer_id,1,Điều kiện kịch bản thử,Mốc khôi phục/hành động/giả định của nhánh thử; không là giao dịch đã xảy ra hoặc quyết định đã có.,khong,Bộ giả lập chưa đủ chứng từ nguồn; tách thử nghiệm khỏi nghiệp vụ vận hành
scenario-cases.json,cases[].inputs.customer_sample_approved,1,Điều kiện kịch bản thử,Mốc khôi phục/hành động/giả định của nhánh thử; không là giao dịch đã xảy ra hoặc quyết định đã có.,khong,Bộ giả lập chưa đủ chứng từ nguồn; tách thử nghiệm khỏi nghiệp vụ vận hành
scenario-cases.json,cases[].inputs.deposit_vnd,3,Điều kiện kịch bản thử,Mốc khôi phục/hành động/giả định của nhánh thử; không là giao dịch đã xảy ra hoặc quyết định đã có.,khong,Bộ giả lập chưa đủ chứng từ nguồn; tách thử nghiệm khỏi nghiệp vụ vận hành
scenario-cases.json,cases[].inputs.direct_minutes_each,1,Điều kiện kịch bản thử,Mốc khôi phục/hành động/giả định của nhánh thử; không là giao dịch đã xảy ra hoặc quyết định đã có.,khong,Bộ giả lập chưa đủ chứng từ nguồn; tách thử nghiệm khỏi nghiệp vụ vận hành
scenario-cases.json,cases[].inputs.downstream_dependencies_resolved,1,Điều kiện kịch bản thử,Mốc khôi phục/hành động/giả định của nhánh thử; không là giao dịch đã xảy ra hoặc quyết định đã có.,khong,Bộ giả lập chưa đủ chứng từ nguồn; tách thử nghiệm khỏi nghiệp vụ vận hành
scenario-cases.json,cases[].inputs.excess_cement_qty,1,Điều kiện kịch bản thử,Mốc khôi phục/hành động/giả định của nhánh thử; không là giao dịch đã xảy ra hoặc quyết định đã có.,khong,Bộ giả lập chưa đủ chứng từ nguồn; tách thử nghiệm khỏi nghiệp vụ vận hành
scenario-cases.json,cases[].inputs.first_request_qty,1,Điều kiện kịch bản thử,Mốc khôi phục/hành động/giả định của nhánh thử; không là giao dịch đã xảy ra hoặc quyết định đã có.,khong,Bộ giả lập chưa đủ chứng từ nguồn; tách thử nghiệm khỏi nghiệp vụ vận hành
scenario-cases.json,cases[].inputs.first_request_vnd,1,Điều kiện kịch bản thử,Mốc khôi phục/hành động/giả định của nhánh thử; không là giao dịch đã xảy ra hoặc quyết định đã có.,khong,Bộ giả lập chưa đủ chứng từ nguồn; tách thử nghiệm khỏi nghiệp vụ vận hành
scenario-cases.json,cases[].inputs.fx_terms_confirmed,1,Điều kiện kịch bản thử,Mốc khôi phục/hành động/giả định của nhánh thử; không là giao dịch đã xảy ra hoặc quyết định đã có.,khong,Bộ giả lập chưa đủ chứng từ nguồn; tách thử nghiệm khỏi nghiệp vụ vận hành
scenario-cases.json,cases[].inputs.good_qty,3,Điều kiện kịch bản thử,Mốc khôi phục/hành động/giả định của nhánh thử; không là giao dịch đã xảy ra hoặc quyết định đã có.,khong,Bộ giả lập chưa đủ chứng từ nguồn; tách thử nghiệm khỏi nghiệp vụ vận hành
scenario-cases.json,cases[].inputs.leave_remaining_minutes,1,Điều kiện kịch bản thử,Mốc khôi phục/hành động/giả định của nhánh thử; không là giao dịch đã xảy ra hoặc quyết định đã có.,khong,Bộ giả lập chưa đủ chứng từ nguồn; tách thử nghiệm khỏi nghiệp vụ vận hành
scenario-cases.json,cases[].inputs.locked_or_expired,1,Điều kiện kịch bản thử,Mốc khôi phục/hành động/giả định của nhánh thử; không là giao dịch đã xảy ra hoặc quyết định đã có.,khong,Bộ giả lập chưa đủ chứng từ nguồn; tách thử nghiệm khỏi nghiệp vụ vận hành
scenario-cases.json,cases[].inputs.locked_qty,1,Điều kiện kịch bản thử,Mốc khôi phục/hành động/giả định của nhánh thử; không là giao dịch đã xảy ra hoặc quyết định đã có.,khong,Bộ giả lập chưa đủ chứng từ nguồn; tách thử nghiệm khỏi nghiệp vụ vận hành
scenario-cases.json,cases[].inputs.locked_reserved_qty,1,Điều kiện kịch bản thử,Mốc khôi phục/hành động/giả định của nhánh thử; không là giao dịch đã xảy ra hoặc quyết định đã có.,khong,Bộ giả lập chưa đủ chứng từ nguồn; tách thử nghiệm khỏi nghiệp vụ vận hành
scenario-cases.json,cases[].inputs.lot_locked,1,Điều kiện kịch bản thử,Mốc khôi phục/hành động/giả định của nhánh thử; không là giao dịch đã xảy ra hoặc quyết định đã có.,khong,Bộ giả lập chưa đủ chứng từ nguồn; tách thử nghiệm khỏi nghiệp vụ vận hành
scenario-cases.json,cases[].inputs.new_return_qty,1,Điều kiện kịch bản thử,Mốc khôi phục/hành động/giả định của nhánh thử; không là giao dịch đã xảy ra hoặc quyết định đã có.,khong,Bộ giả lập chưa đủ chứng từ nguồn; tách thử nghiệm khỏi nghiệp vụ vận hành
scenario-cases.json,cases[].inputs.offered_variant,1,Điều kiện kịch bản thử,Mốc khôi phục/hành động/giả định của nhánh thử; không là giao dịch đã xảy ra hoặc quyết định đã có.,khong,Bộ giả lập chưa đủ chứng từ nguồn; tách thử nghiệm khỏi nghiệp vụ vận hành
scenario-cases.json,cases[].inputs.old_income_vnd,1,Điều kiện kịch bản thử,Mốc khôi phục/hành động/giả định của nhánh thử; không là giao dịch đã xảy ra hoặc quyết định đã có.,khong,Bộ giả lập chưa đủ chứng từ nguồn; tách thử nghiệm khỏi nghiệp vụ vận hành
scenario-cases.json,cases[].inputs.old_version,1,Điều kiện kịch bản thử,Mốc khôi phục/hành động/giả định của nhánh thử; không là giao dịch đã xảy ra hoặc quyết định đã có.,khong,Bộ giả lập chưa đủ chứng từ nguồn; tách thử nghiệm khỏi nghiệp vụ vận hành
scenario-cases.json,cases[].inputs.opening_cement_qty,1,Điều kiện kịch bản thử,Mốc khôi phục/hành động/giả định của nhánh thử; không là giao dịch đã xảy ra hoặc quyết định đã có.,khong,Bộ giả lập chưa đủ chứng từ nguồn; tách thử nghiệm khỏi nghiệp vụ vận hành
scenario-cases.json,cases[].inputs.order_qty,2,Điều kiện kịch bản thử,Mốc khôi phục/hành động/giả định của nhánh thử; không là giao dịch đã xảy ra hoặc quyết định đã có.,khong,Bộ giả lập chưa đủ chứng từ nguồn; tách thử nghiệm khỏi nghiệp vụ vận hành
scenario-cases.json,cases[].inputs.order_reserved_qty,1,Điều kiện kịch bản thử,Mốc khôi phục/hành động/giả định của nhánh thử; không là giao dịch đã xảy ra hoặc quyết định đã có.,khong,Bộ giả lập chưa đủ chứng từ nguồn; tách thử nghiệm khỏi nghiệp vụ vận hành
scenario-cases.json,cases[].inputs.original_shipment_qty,1,Điều kiện kịch bản thử,Mốc khôi phục/hành động/giả định của nhánh thử; không là giao dịch đã xảy ra hoặc quyết định đã có.,khong,Bộ giả lập chưa đủ chứng từ nguồn; tách thử nghiệm khỏi nghiệp vụ vận hành
scenario-cases.json,cases[].inputs.original_unit_cogs_vnd,1,Điều kiện kịch bản thử,Mốc khôi phục/hành động/giả định của nhánh thử; không là giao dịch đã xảy ra hoặc quyết định đã có.,khong,Bộ giả lập chưa đủ chứng từ nguồn; tách thử nghiệm khỏi nghiệp vụ vận hành
scenario-cases.json,cases[].inputs.payer_customer,1,Điều kiện kịch bản thử,Mốc khôi phục/hành động/giả định của nhánh thử; không là giao dịch đã xảy ra hoặc quyết định đã có.,khong,Bộ giả lập chưa đủ chứng từ nguồn; tách thử nghiệm khỏi nghiệp vụ vận hành
scenario-cases.json,cases[].inputs.payment_request_vnd,1,Điều kiện kịch bản thử,Mốc khôi phục/hành động/giả định của nhánh thử; không là giao dịch đã xảy ra hoặc quyết định đã có.,khong,Bộ giả lập chưa đủ chứng từ nguồn; tách thử nghiệm khỏi nghiệp vụ vận hành
scenario-cases.json,cases[].inputs.period_closed,1,Điều kiện kịch bản thử,Mốc khôi phục/hành động/giả định của nhánh thử; không là giao dịch đã xảy ra hoặc quyết định đã có.,khong,Bộ giả lập chưa đủ chứng từ nguồn; tách thử nghiệm khỏi nghiệp vụ vận hành
scenario-cases.json,cases[].inputs.persisted_event_exists,1,Điều kiện kịch bản thử,Mốc khôi phục/hành động/giả định của nhánh thử; không là giao dịch đã xảy ra hoặc quyết định đã có.,khong,Bộ giả lập chưa đủ chứng từ nguồn; tách thử nghiệm khỏi nghiệp vụ vận hành
scenario-cases.json,cases[].inputs.preparer_employee_id,1,Điều kiện kịch bản thử,Mốc khôi phục/hành động/giả định của nhánh thử; không là giao dịch đã xảy ra hoặc quyết định đã có.,khong,Bộ giả lập chưa đủ chứng từ nguồn; tách thử nghiệm khỏi nghiệp vụ vận hành
scenario-cases.json,cases[].inputs.price_vnd,1,Điều kiện kịch bản thử,Mốc khôi phục/hành động/giả định của nhánh thử; không là giao dịch đã xảy ra hoặc quyết định đã có.,khong,Bộ giả lập chưa đủ chứng từ nguồn; tách thử nghiệm khỏi nghiệp vụ vận hành
scenario-cases.json,cases[].inputs.prior_confirmed,1,Điều kiện kịch bản thử,Mốc khôi phục/hành động/giả định của nhánh thử; không là giao dịch đã xảy ra hoặc quyết định đã có.,khong,Bộ giả lập chưa đủ chứng từ nguồn; tách thử nghiệm khỏi nghiệp vụ vận hành
scenario-cases.json,cases[].inputs.prior_return_qty,1,Điều kiện kịch bản thử,Mốc khôi phục/hành động/giả định của nhánh thử; không là giao dịch đã xảy ra hoặc quyết định đã có.,khong,Bộ giả lập chưa đủ chứng từ nguồn; tách thử nghiệm khỏi nghiệp vụ vận hành
scenario-cases.json,cases[].inputs.qc_done,1,Điều kiện kịch bản thử,Mốc khôi phục/hành động/giả định của nhánh thử; không là giao dịch đã xảy ra hoặc quyết định đã có.,khong,Bộ giả lập chưa đủ chứng từ nguồn; tách thử nghiệm khỏi nghiệp vụ vận hành
scenario-cases.json,cases[].inputs.qc_release_evidence,1,Điều kiện kịch bản thử,Mốc khôi phục/hành động/giả định của nhánh thử; không là giao dịch đã xảy ra hoặc quyết định đã có.,khong,Bộ giả lập chưa đủ chứng từ nguồn; tách thử nghiệm khỏi nghiệp vụ vận hành
scenario-cases.json,cases[].inputs.receipt_vnd,1,Điều kiện kịch bản thử,Mốc khôi phục/hành động/giả định của nhánh thử; không là giao dịch đã xảy ra hoặc quyết định đã có.,khong,Bộ giả lập chưa đủ chứng từ nguồn; tách thử nghiệm khỏi nghiệp vụ vận hành
scenario-cases.json,cases[].inputs.received_deposit_vnd,1,Điều kiện kịch bản thử,Mốc khôi phục/hành động/giả định của nhánh thử; không là giao dịch đã xảy ra hoặc quyết định đã có.,khong,Bộ giả lập chưa đủ chứng từ nguồn; tách thử nghiệm khỏi nghiệp vụ vận hành
scenario-cases.json,cases[].inputs.received_qty,1,Điều kiện kịch bản thử,Mốc khôi phục/hành động/giả định của nhánh thử; không là giao dịch đã xảy ra hoặc quyết định đã có.,khong,Bộ giả lập chưa đủ chứng từ nguồn; tách thử nghiệm khỏi nghiệp vụ vận hành
scenario-cases.json,cases[].inputs.received_usable_for_n_if_late_qty,1,Điều kiện kịch bản thử,Mốc khôi phục/hành động/giả định của nhánh thử; không là giao dịch đã xảy ra hoặc quyết định đã có.,khong,Bộ giả lập chưa đủ chứng từ nguồn; tách thử nghiệm khỏi nghiệp vụ vận hành
scenario-cases.json,cases[].inputs.reject_qty,2,Điều kiện kịch bản thử,Mốc khôi phục/hành động/giả định của nhánh thử; không là giao dịch đã xảy ra hoặc quyết định đã có.,khong,Bộ giả lập chưa đủ chứng từ nguồn; tách thử nghiệm khỏi nghiệp vụ vận hành
scenario-cases.json,cases[].inputs.remaining_qualified_workers,1,Điều kiện kịch bản thử,Mốc khôi phục/hành động/giả định của nhánh thử; không là giao dịch đã xảy ra hoặc quyết định đã có.,khong,Bộ giả lập chưa đủ chứng từ nguồn; tách thử nghiệm khỏi nghiệp vụ vận hành
scenario-cases.json,cases[].inputs.reopen_approved,1,Điều kiện kịch bản thử,Mốc khôi phục/hành động/giả định của nhánh thử; không là giao dịch đã xảy ra hoặc quyết định đã có.,khong,Bộ giả lập chưa đủ chứng từ nguồn; tách thử nghiệm khỏi nghiệp vụ vận hành
scenario-cases.json,cases[].inputs.replacement_id,1,Điều kiện kịch bản thử,Mốc khôi phục/hành động/giả định của nhánh thử; không là giao dịch đã xảy ra hoặc quyết định đã có.,khong,Bộ giả lập chưa đủ chứng từ nguồn; tách thử nghiệm khỏi nghiệp vụ vận hành
scenario-cases.json,cases[].inputs.replacement_skill,1,Điều kiện kịch bản thử,Mốc khôi phục/hành động/giả định của nhánh thử; không là giao dịch đã xảy ra hoặc quyết định đã có.,khong,Bộ giả lập chưa đủ chứng từ nguồn; tách thử nghiệm khỏi nghiệp vụ vận hành
scenario-cases.json,cases[].inputs.reply_lost,1,Điều kiện kịch bản thử,Mốc khôi phục/hành động/giả định của nhánh thử; không là giao dịch đã xảy ra hoặc quyết định đã có.,khong,Bộ giả lập chưa đủ chứng từ nguồn; tách thử nghiệm khỏi nghiệp vụ vận hành
scenario-cases.json,cases[].inputs.requested_data,1,Điều kiện kịch bản thử,Mốc khôi phục/hành động/giả định của nhánh thử; không là giao dịch đã xảy ra hoặc quyết định đã có.,khong,Bộ giả lập chưa đủ chứng từ nguồn; tách thử nghiệm khỏi nghiệp vụ vận hành
scenario-cases.json,cases[].inputs.requested_variant,1,Điều kiện kịch bản thử,Mốc khôi phục/hành động/giả định của nhánh thử; không là giao dịch đã xảy ra hoặc quyết định đã có.,khong,Bộ giả lập chưa đủ chứng từ nguồn; tách thử nghiệm khỏi nghiệp vụ vận hành
scenario-cases.json,cases[].inputs.requested_version,1,Điều kiện kịch bản thử,Mốc khôi phục/hành động/giả định của nhánh thử; không là giao dịch đã xảy ra hoặc quyết định đã có.,khong,Bộ giả lập chưa đủ chứng từ nguồn; tách thử nghiệm khỏi nghiệp vụ vận hành
scenario-cases.json,cases[].inputs.required_deposit_vnd,1,Điều kiện kịch bản thử,Mốc khôi phục/hành động/giả định của nhánh thử; không là giao dịch đã xảy ra hoặc quyết định đã có.,khong,Bộ giả lập chưa đủ chứng từ nguồn; tách thử nghiệm khỏi nghiệp vụ vận hành
scenario-cases.json,cases[].inputs.required_for_n_qty,1,Điều kiện kịch bản thử,Mốc khôi phục/hành động/giả định của nhánh thử; không là giao dịch đã xảy ra hoặc quyết định đã có.,khong,Bộ giả lập chưa đủ chứng từ nguồn; tách thử nghiệm khỏi nghiệp vụ vận hành
scenario-cases.json,cases[].inputs.reserved_other_qty,1,Điều kiện kịch bản thử,Mốc khôi phục/hành động/giả định của nhánh thử; không là giao dịch đã xảy ra hoặc quyết định đã có.,khong,Bộ giả lập chưa đủ chứng từ nguồn; tách thử nghiệm khỏi nghiệp vụ vận hành
scenario-cases.json,cases[].inputs.returned_qty,2,Điều kiện kịch bản thử,Mốc khôi phục/hành động/giả định của nhánh thử; không là giao dịch đã xảy ra hoặc quyết định đã có.,khong,Bộ giả lập chưa đủ chứng từ nguồn; tách thử nghiệm khỏi nghiệp vụ vận hành
scenario-cases.json,cases[].inputs.sale_unit_price_vnd,1,Điều kiện kịch bản thử,Mốc khôi phục/hành động/giả định của nhánh thử; không là giao dịch đã xảy ra hoặc quyết định đã có.,khong,Bộ giả lập chưa đủ chứng từ nguồn; tách thử nghiệm khỏi nghiệp vụ vận hành
scenario-cases.json,cases[].inputs.same_source_key,2,Điều kiện kịch bản thử,Mốc khôi phục/hành động/giả định của nhánh thử; không là giao dịch đã xảy ra hoặc quyết định đã có.,khong,Bộ giả lập chưa đủ chứng từ nguồn; tách thử nghiệm khỏi nghiệp vụ vận hành
scenario-cases.json,cases[].inputs.scheduled_minutes,1,Điều kiện kịch bản thử,Mốc khôi phục/hành động/giả định của nhánh thử; không là giao dịch đã xảy ra hoặc quyết định đã có.,khong,Bộ giả lập chưa đủ chứng từ nguồn; tách thử nghiệm khỏi nghiệp vụ vận hành
scenario-cases.json,cases[].inputs.scope,1,Điều kiện kịch bản thử,Mốc khôi phục/hành động/giả định của nhánh thử; không là giao dịch đã xảy ra hoặc quyết định đã có.,khong,Bộ giả lập chưa đủ chứng từ nguồn; tách thử nghiệm khỏi nghiệp vụ vận hành
scenario-cases.json,cases[].inputs.second_request_qty,1,Điều kiện kịch bản thử,Mốc khôi phục/hành động/giả định của nhánh thử; không là giao dịch đã xảy ra hoặc quyết định đã có.,khong,Bộ giả lập chưa đủ chứng từ nguồn; tách thử nghiệm khỏi nghiệp vụ vận hành
scenario-cases.json,cases[].inputs.second_request_vnd,1,Điều kiện kịch bản thử,Mốc khôi phục/hành động/giả định của nhánh thử; không là giao dịch đã xảy ra hoặc quyết định đã có.,khong,Bộ giả lập chưa đủ chứng từ nguồn; tách thử nghiệm khỏi nghiệp vụ vận hành
scenario-cases.json,cases[].inputs.self_grant_request,1,Điều kiện kịch bản thử,Mốc khôi phục/hành động/giả định của nhánh thử; không là giao dịch đã xảy ra hoặc quyết định đã có.,khong,Bộ giả lập chưa đủ chứng từ nguồn; tách thử nghiệm khỏi nghiệp vụ vận hành
scenario-cases.json,cases[].inputs.start_qty,1,Điều kiện kịch bản thử,Mốc khôi phục/hành động/giả định của nhánh thử; không là giao dịch đã xảy ra hoặc quyết định đã có.,khong,Bộ giả lập chưa đủ chứng từ nguồn; tách thử nghiệm khỏi nghiệp vụ vận hành
scenario-cases.json,cases[].inputs.started_qty,1,Điều kiện kịch bản thử,Mốc khôi phục/hành động/giả định của nhánh thử; không là giao dịch đã xảy ra hoặc quyết định đã có.,khong,Bộ giả lập chưa đủ chứng từ nguồn; tách thử nghiệm khỏi nghiệp vụ vận hành
scenario-cases.json,cases[].inputs.target_customer,1,Điều kiện kịch bản thử,Mốc khôi phục/hành động/giả định của nhánh thử; không là giao dịch đã xảy ra hoặc quyết định đã có.,khong,Bộ giả lập chưa đủ chứng từ nguồn; tách thử nghiệm khỏi nghiệp vụ vận hành
scenario-cases.json,cases[].inputs.tax_terms_confirmed,1,Điều kiện kịch bản thử,Mốc khôi phục/hành động/giả định của nhánh thử; không là giao dịch đã xảy ra hoặc quyết định đã có.,khong,Bộ giả lập chưa đủ chứng từ nguồn; tách thử nghiệm khỏi nghiệp vụ vận hành
scenario-cases.json,cases[].inputs.valid_to,1,Điều kiện kịch bản thử,Mốc khôi phục/hành động/giả định của nhánh thử; không là giao dịch đã xảy ra hoặc quyết định đã có.,khong,Bộ giả lập chưa đủ chứng từ nguồn; tách thử nghiệm khỏi nghiệp vụ vận hành
scenario-cases.json,cases[].inputs.warehouse_qty,1,Điều kiện kịch bản thử,Mốc khôi phục/hành động/giả định của nhánh thử; không là giao dịch đã xảy ra hoặc quyết định đã có.,khong,Bộ giả lập chưa đủ chứng từ nguồn; tách thử nghiệm khỏi nghiệp vụ vận hành
scenario-cases.json,cases[].reset_to,24,Điều kiện kịch bản thử,Mốc khôi phục/hành động/giả định của nhánh thử; không là giao dịch đã xảy ra hoặc quyết định đã có.,khong,Bộ giả lập chưa đủ chứng từ nguồn; tách thử nghiệm khỏi nghiệp vụ vận hành
scenario-cases.json,cases[].scenario,24,Điều kiện kịch bản thử,Mốc khôi phục/hành động/giả định của nhánh thử; không là giao dịch đã xảy ra hoặc quyết định đã có.,khong,Bộ giả lập chưa đủ chứng từ nguồn; tách thử nghiệm khỏi nghiệp vụ vận hành
scenario-cases.json,cases[].status,24,Điều kiện kịch bản thử,Mốc khôi phục/hành động/giả định của nhánh thử; không là giao dịch đã xảy ra hoặc quyết định đã có.,khong,Bộ giả lập chưa đủ chứng từ nguồn; tách thử nghiệm khỏi nghiệp vụ vận hành
scenario-cases.json,dataset_id,1,Điều kiện kịch bản thử,Mốc khôi phục/hành động/giả định của nhánh thử; không là giao dịch đã xảy ra hoặc quyết định đã có.,khong,Bộ giả lập chưa đủ chứng từ nguồn; tách thử nghiệm khỏi nghiệp vụ vận hành
scenario-cases.json,fictional,1,Điều kiện kịch bản thử,Mốc khôi phục/hành động/giả định của nhánh thử; không là giao dịch đã xảy ra hoặc quyết định đã có.,khong,Bộ giả lập chưa đủ chứng từ nguồn; tách thử nghiệm khỏi nghiệp vụ vận hành
employees.csv,account_role,50,Dữ kiện giả lập cần chứng từ nguồn,"Có thể dùng làm tình huống nhập thử có nhãn, nhưng chưa có chứng từ/quan sát của Nasaki. Phải ánh xạ đúng sổ gốc, người ghi, mốc và bản; thiếu thì chờ.",khong,Bộ giả lập chưa đủ chứng từ nguồn; tách thử nghiệm khỏi nghiệp vụ vận hành
employees.csv,base_salary_vnd,50,Tham số hoặc phương án đề xuất,"Khai báo mô phỏng, chưa được xác minh từ Nasaki; cần người khai báo, chứng từ và bản hiệu lực/duyệt trước áp dụng.",khong,Bộ giả lập chưa đủ chứng từ nguồn; tách thử nghiệm khỏi nghiệp vụ vận hành
employees.csv,department,50,Dữ kiện giả lập cần chứng từ nguồn,"Có thể dùng làm tình huống nhập thử có nhãn, nhưng chưa có chứng từ/quan sát của Nasaki. Phải ánh xạ đúng sổ gốc, người ghi, mốc và bản; thiếu thì chờ.",khong,Bộ giả lập chưa đủ chứng từ nguồn; tách thử nghiệm khỏi nghiệp vụ vận hành
employees.csv,effective_from,50,Dữ kiện giả lập cần chứng từ nguồn,"Có thể dùng làm tình huống nhập thử có nhãn, nhưng chưa có chứng từ/quan sát của Nasaki. Phải ánh xạ đúng sổ gốc, người ghi, mốc và bản; thiếu thì chờ.",khong,Bộ giả lập chưa đủ chứng từ nguồn; tách thử nghiệm khỏi nghiệp vụ vận hành
employees.csv,employee_id,50,Dữ kiện giả lập cần chứng từ nguồn,"Có thể dùng làm tình huống nhập thử có nhãn, nhưng chưa có chứng từ/quan sát của Nasaki. Phải ánh xạ đúng sổ gốc, người ghi, mốc và bản; thiếu thì chờ.",khong,Bộ giả lập chưa đủ chứng từ nguồn; tách thử nghiệm khỏi nghiệp vụ vận hành
employees.csv,fixed_allowance_vnd,50,Tham số hoặc phương án đề xuất,"Khai báo mô phỏng, chưa được xác minh từ Nasaki; cần người khai báo, chứng từ và bản hiệu lực/duyệt trước áp dụng.",khong,Bộ giả lập chưa đủ chứng từ nguồn; tách thử nghiệm khỏi nghiệp vụ vận hành
employees.csv,manager_id,50,Dữ kiện giả lập cần chứng từ nguồn,"Có thể dùng làm tình huống nhập thử có nhãn, nhưng chưa có chứng từ/quan sát của Nasaki. Phải ánh xạ đúng sổ gốc, người ghi, mốc và bản; thiếu thì chờ.",khong,Bộ giả lập chưa đủ chứng từ nguồn; tách thử nghiệm khỏi nghiệp vụ vận hành
employees.csv,name,50,Dữ kiện giả lập cần chứng từ nguồn,"Có thể dùng làm tình huống nhập thử có nhãn, nhưng chưa có chứng từ/quan sát của Nasaki. Phải ánh xạ đúng sổ gốc, người ghi, mốc và bản; thiếu thì chờ.",khong,Bộ giả lập chưa đủ chứng từ nguồn; tách thử nghiệm khỏi nghiệp vụ vận hành
employees.csv,opening_leave_minutes,50,Tham số hoặc phương án đề xuất,"Khai báo mô phỏng, chưa được xác minh từ Nasaki; cần người khai báo, chứng từ và bản hiệu lực/duyệt trước áp dụng.",khong,Bộ giả lập chưa đủ chứng từ nguồn; tách thử nghiệm khỏi nghiệp vụ vận hành
employees.csv,safety_valid_through,50,Dữ kiện giả lập cần chứng từ nguồn,"Có thể dùng làm tình huống nhập thử có nhãn, nhưng chưa có chứng từ/quan sát của Nasaki. Phải ánh xạ đúng sổ gốc, người ghi, mốc và bản; thiếu thì chờ.",khong,Bộ giả lập chưa đủ chứng từ nguồn; tách thử nghiệm khỏi nghiệp vụ vận hành
employees.csv,skill,50,Dữ kiện giả lập cần chứng từ nguồn,"Có thể dùng làm tình huống nhập thử có nhãn, nhưng chưa có chứng từ/quan sát của Nasaki. Phải ánh xạ đúng sổ gốc, người ghi, mốc và bản; thiếu thì chờ.",khong,Bộ giả lập chưa đủ chứng từ nguồn; tách thử nghiệm khỏi nghiệp vụ vận hành
employees.csv,status,50,Xác nhận giả định thiếu hồ sơ,"Mã người/trạng thái/chứng cứ giả lập chưa có hồ sơ đủ nội dung, bản, phạm vi và thời điểm. Không dùng để vượt bước xác nhận.",khong,Bộ giả lập chưa đủ chứng từ nguồn; tách thử nghiệm khỏi nghiệp vụ vận hành
attendance.csv,confirmed_by,1300,Xác nhận giả định thiếu hồ sơ,"1.300 dòng được dựng theo lịch/tình huống, không có chứng cứ công thực độc lập. Chỉ kiểm phép tính; không nạp tự đủ công hoặc tự xác nhận.",khong,Bộ giả lập chưa đủ chứng từ nguồn; tách thử nghiệm khỏi nghiệp vụ vận hành
attendance.csv,date,1300,Bản công sinh giả lập,"1.300 dòng được dựng theo lịch/tình huống, không có chứng cứ công thực độc lập. Chỉ kiểm phép tính; không nạp tự đủ công hoặc tự xác nhận.",khong,Bộ giả lập chưa đủ chứng từ nguồn; tách thử nghiệm khỏi nghiệp vụ vận hành
attendance.csv,employee_id,1300,Bản công sinh giả lập,"1.300 dòng được dựng theo lịch/tình huống, không có chứng cứ công thực độc lập. Chỉ kiểm phép tính; không nạp tự đủ công hoặc tự xác nhận.",khong,Bộ giả lập chưa đủ chứng từ nguồn; tách thử nghiệm khỏi nghiệp vụ vận hành
attendance.csv,entered_by,1300,Bản công sinh giả lập,"1.300 dòng được dựng theo lịch/tình huống, không có chứng cứ công thực độc lập. Chỉ kiểm phép tính; không nạp tự đủ công hoặc tự xác nhận.",khong,Bộ giả lập chưa đủ chứng từ nguồn; tách thử nghiệm khỏi nghiệp vụ vận hành
attendance.csv,kind,1300,Bản công sinh giả lập,"1.300 dòng được dựng theo lịch/tình huống, không có chứng cứ công thực độc lập. Chỉ kiểm phép tính; không nạp tự đủ công hoặc tự xác nhận.",khong,Bộ giả lập chưa đủ chứng từ nguồn; tách thử nghiệm khỏi nghiệp vụ vận hành
attendance.csv,paid_leave_minutes,1300,Bản công sinh giả lập,"1.300 dòng được dựng theo lịch/tình huống, không có chứng cứ công thực độc lập. Chỉ kiểm phép tính; không nạp tự đủ công hoặc tự xác nhận.",khong,Bộ giả lập chưa đủ chứng từ nguồn; tách thử nghiệm khỏi nghiệp vụ vận hành
attendance.csv,record_id,1300,Bản công sinh giả lập,"1.300 dòng được dựng theo lịch/tình huống, không có chứng cứ công thực độc lập. Chỉ kiểm phép tính; không nạp tự đủ công hoặc tự xác nhận.",khong,Bộ giả lập chưa đủ chứng từ nguồn; tách thử nghiệm khỏi nghiệp vụ vận hành
attendance.csv,shift_id,1300,Bản công sinh giả lập,"1.300 dòng được dựng theo lịch/tình huống, không có chứng cứ công thực độc lập. Chỉ kiểm phép tính; không nạp tự đủ công hoặc tự xác nhận.",khong,Bộ giả lập chưa đủ chứng từ nguồn; tách thử nghiệm khỏi nghiệp vụ vận hành
attendance.csv,source_id,1300,Bản công sinh giả lập,"1.300 dòng được dựng theo lịch/tình huống, không có chứng cứ công thực độc lập. Chỉ kiểm phép tính; không nạp tự đủ công hoặc tự xác nhận.",khong,Bộ giả lập chưa đủ chứng từ nguồn; tách thử nghiệm khỏi nghiệp vụ vận hành
attendance.csv,status,1300,Xác nhận giả định thiếu hồ sơ,"1.300 dòng được dựng theo lịch/tình huống, không có chứng cứ công thực độc lập. Chỉ kiểm phép tính; không nạp tự đủ công hoặc tự xác nhận.",khong,Bộ giả lập chưa đủ chứng từ nguồn; tách thử nghiệm khỏi nghiệp vụ vận hành
attendance.csv,unpaid_leave_minutes,1300,Bản công sinh giả lập,"1.300 dòng được dựng theo lịch/tình huống, không có chứng cứ công thực độc lập. Chỉ kiểm phép tính; không nạp tự đủ công hoặc tự xác nhận.",khong,Bộ giả lập chưa đủ chứng từ nguồn; tách thử nghiệm khỏi nghiệp vụ vận hành
attendance.csv,worked_minutes,1300,Bản công sinh giả lập,"1.300 dòng được dựng theo lịch/tình huống, không có chứng cứ công thực độc lập. Chỉ kiểm phép tính; không nạp tự đủ công hoặc tự xác nhận.",khong,Bộ giả lập chưa đủ chứng từ nguồn; tách thử nghiệm khỏi nghiệp vụ vận hành
labor-intervals.csv,batch_id,76,Khoảng công giả lập chưa có chứng cứ,"76 khoảng dựng cho mô phỏng; mốc và liên kết lô là dữ kiện thử, chưa có chứng cứ ghi công/duyệt. Không chứng minh giờ thực Nasaki.",khong,Bộ giả lập chưa đủ chứng từ nguồn; tách thử nghiệm khỏi nghiệp vụ vận hành
labor-intervals.csv,confirmed_by,76,Khoảng công giả lập chưa có chứng cứ,"76 khoảng dựng cho mô phỏng; mốc và liên kết lô là dữ kiện thử, chưa có chứng cứ ghi công/duyệt. Không chứng minh giờ thực Nasaki.",khong,Bộ giả lập chưa đủ chứng từ nguồn; tách thử nghiệm khỏi nghiệp vụ vận hành
labor-intervals.csv,date,76,Khoảng công giả lập chưa có chứng cứ,"76 khoảng dựng cho mô phỏng; mốc và liên kết lô là dữ kiện thử, chưa có chứng cứ ghi công/duyệt. Không chứng minh giờ thực Nasaki.",khong,Bộ giả lập chưa đủ chứng từ nguồn; tách thử nghiệm khỏi nghiệp vụ vận hành
labor-intervals.csv,employee_id,76,Khoảng công giả lập chưa có chứng cứ,"76 khoảng dựng cho mô phỏng; mốc và liên kết lô là dữ kiện thử, chưa có chứng cứ ghi công/duyệt. Không chứng minh giờ thực Nasaki.",khong,Bộ giả lập chưa đủ chứng từ nguồn; tách thử nghiệm khỏi nghiệp vụ vận hành
labor-intervals.csv,end,76,Khoảng công giả lập chưa có chứng cứ,"76 khoảng dựng cho mô phỏng; mốc và liên kết lô là dữ kiện thử, chưa có chứng cứ ghi công/duyệt. Không chứng minh giờ thực Nasaki.",khong,Bộ giả lập chưa đủ chứng từ nguồn; tách thử nghiệm khỏi nghiệp vụ vận hành
labor-intervals.csv,entered_by,76,Khoảng công giả lập chưa có chứng cứ,"76 khoảng dựng cho mô phỏng; mốc và liên kết lô là dữ kiện thử, chưa có chứng cứ ghi công/duyệt. Không chứng minh giờ thực Nasaki.",khong,Bộ giả lập chưa đủ chứng từ nguồn; tách thử nghiệm khỏi nghiệp vụ vận hành
labor-intervals.csv,job_id,76,Khoảng công giả lập chưa có chứng cứ,"76 khoảng dựng cho mô phỏng; mốc và liên kết lô là dữ kiện thử, chưa có chứng cứ ghi công/duyệt. Không chứng minh giờ thực Nasaki.",khong,Bộ giả lập chưa đủ chứng từ nguồn; tách thử nghiệm khỏi nghiệp vụ vận hành
labor-intervals.csv,minutes,76,Kết quả tính kiểm tra,"76 khoảng dựng cho mô phỏng; mốc và liên kết lô là dữ kiện thử, chưa có chứng cứ ghi công/duyệt. Không chứng minh giờ thực Nasaki.",khong,Bộ giả lập chưa đủ chứng từ nguồn; tách thử nghiệm khỏi nghiệp vụ vận hành
labor-intervals.csv,phase,76,Khoảng công giả lập chưa có chứng cứ,"76 khoảng dựng cho mô phỏng; mốc và liên kết lô là dữ kiện thử, chưa có chứng cứ ghi công/duyệt. Không chứng minh giờ thực Nasaki.",khong,Bộ giả lập chưa đủ chứng từ nguồn; tách thử nghiệm khỏi nghiệp vụ vận hành
labor-intervals.csv,record_id,76,Khoảng công giả lập chưa có chứng cứ,"76 khoảng dựng cho mô phỏng; mốc và liên kết lô là dữ kiện thử, chưa có chứng cứ ghi công/duyệt. Không chứng minh giờ thực Nasaki.",khong,Bộ giả lập chưa đủ chứng từ nguồn; tách thử nghiệm khỏi nghiệp vụ vận hành
labor-intervals.csv,resource_id,76,Khoảng công giả lập chưa có chứng cứ,"76 khoảng dựng cho mô phỏng; mốc và liên kết lô là dữ kiện thử, chưa có chứng cứ ghi công/duyệt. Không chứng minh giờ thực Nasaki.",khong,Bộ giả lập chưa đủ chứng từ nguồn; tách thử nghiệm khỏi nghiệp vụ vận hành
labor-intervals.csv,start,76,Khoảng công giả lập chưa có chứng cứ,"76 khoảng dựng cho mô phỏng; mốc và liên kết lô là dữ kiện thử, chưa có chứng cứ ghi công/duyệt. Không chứng minh giờ thực Nasaki.",khong,Bộ giả lập chưa đủ chứng từ nguồn; tách thử nghiệm khỏi nghiệp vụ vận hành
